75.74602915451015,67.25646860146328,3.6999999999999997
75.73535147605985,67.26180231096768,3.7
75.18881665247392,67.83077847958062,3.7000000000000006
75.18881665247392,67.83077847958062,3.7000000000000006
74.56766280893319,68.36898772487785,3.699999999999999
74.5687774029464,68.36826419668353,3.7000000000000006
74.56922160461745,68.36648945664956,3.7
70.87535380376553,64.42138323872868,3.7
70.87535380376553,64.42138323872868,3.7
70.87535380376553,64.42138323872868,3.7
74.24423678586808,69.7823384769032,3.7
74.24923139936259,69.78025248701033,3.7000000000000006
74.25041213058479,69.7777797268446,3.7000000000000006
72.33226509257348,67.73370141724675,3.7
72.33226509257348,67.73370141724675,3.7
72.33295606647816,67.73453788489931,3.7
72.04095025378109,66.25515210520754,3.7
72.038835587278,66.25122023021811,3.7000000000000006
72.00703940428592,62.6279580613127,3.7000000000000006
71.61959207377377,61.918294291080464,3.7
72.89818778209877,65.71377026407934,3.700000000000001
73.21882994822107,65.79790294593832,3.7
73.31796408706934,66.69303066423771,3.7
73.27675090480442,66.44724599519374,3.6999999999999997
73.64937899586961,65.8074810178252,3.7
73.64709453519137,65.79966182178292,3.6999999999999997
73.62780104401783,62.89216776091753,3.7
73.62302981310057,62.86638734172787,3.7
79.5191355529149,59.74997797217938,3.7
79.5229092526443,59.58315637737707,3.700000000000001
83.70744572390339,54.13603125263808,3.7000000000000006
84.14599188370298,53.67268369313153,3.6999999999999997
83.13414766401465,53.90675180509101,3.7
85.39780636906606,54.588867454267934,3.7
85.39780636906606,54.588867454267934,3.7
85.40506484613189,54.59038094360493,3.6999999999999997
85.74897276042728,54.55128005539344,3.699999999999999
85.74897276042728,54.55128005539344,3.699999999999999
85.74897276042728,54.55128005539344,3.699999999999999
86.61208675965578,56.33494481744904,3.6999999999999997
86.61803341721286,56.32922877238843,3.6999999999999993
86.62477197713936,56.32277336562407,3.7
86.13311098201366,56.25913873354733,3.700000000000002
86.10235720548683,56.28618937884247,3.7
86.04093232389842,56.58254651850471,3.700000000000001
83.1548641394819,53.38609552847527,3.6999999999999993
83.02273677901228,53.88406918053933,3.7
83.03276496652188,53.95482262342214,3.700000000000001
83.45789624381045,57.27633738135243,3.6999999999999993
82.81697013430552,56.81658382023386,3.6999999999999993
82.80514312628914,56.78051244230465,3.6999999999999997
79.22434434885511,56.05207702515674,3.7000000000000006
75.96232554685652,47.266862940627846,3.6999999999999997
75.96491086214975,47.26268695568075,3.700000000000001
74.01351244603798,47.11613740209914,3.700000000000001
74.01351244603798,47.11613740209914,3.700000000000001
73.03417031969612,49.239417348049294,3.700000000000002
70.45709693297172,43.96855336893195,3.699999999999999
70.69225888329755,44.24375474074143,3.6999999999999997
70.69225888329755,44.24375474074143,3.6999999999999997
68.88127458022903,38.81149785835288,3.7
68.88369741481439,38.81344926952119,3.7000000000000006
71.9043258153761,40.483548098666304,3.6999999999999993
71.9043258153761,40.483548098666304,3.6999999999999993
71.90879228753462,40.48687713777065,3.7
71.0302279271277,39.99556095236316,3.7000000000000006
71.06017538996949,40.01801509825123,3.6999999999999993
68.9993218216251,38.86558943913134,3.7
68.96920977432266,38.92498128736669,3.7000000000000006
69.12916121127586,39.018745744454854,3.700000000000001
68.20695173001401,38.26205691783035,3.6999999999999997
68.18885551358338,38.24801085951049,3.699999999999999
68.18347120129253,38.24370864980496,3.6999999999999997
69.07848608466793,39.393858391464896,3.6999999999999993
69.09627354074834,39.40522142964628,3.6999999999999993
68.87440119872575,39.26473645051971,3.6999999999999993
63.974122945493185,38.875281868157025,3.7000000000000006
63.97918349884823,38.875470441318775,3.7
63.974122945493185,38.875281868157025,3.7000000000000006
58.02275954299945,38.36374184352006,3.6999999999999997
58.3767009189348,38.6329997229554,3.6999999999999993
58.292781349272936,38.58677739673453,3.7000000000000015
56.924993466443404,41.171612325753706,3.700000000000001
56.92468582244882,41.176704884657354,3.7000000000000006
56.89380290352818,41.103732412762135,3.7000000000000006
57.20251644814869,42.20541610559324,3.7000000000000006
57.201836776340386,42.19799602981156,3.7
57.15146319212565,42.124974454154525,3.6999999999999997
57.15144189430392,42.11622606892968,3.6999999999999997
55.79182440233384,40.9698905806688,3.7
55.803449337913264,40.963735564945,3.7
55.81102656782564,40.96058358641185,3.7000000000000006
57.65526978426118,41.186694291926266,3.7000000000000006
57.65630592772929,41.18150914808931,3.7000000000000006
57.44815798397608,41.028617594694786,3.6999999999999997
58.2293710875245,40.11115191828061,3.7000000000000015
58.2293710875245,40.11115191828061,3.7000000000000015
57.18807660695703,40.219713916514266,3.700000000000001
57.18807660695703,40.219713916514266,3.700000000000001
57.20370970313482,40.2003052944251,3.7000000000000006
55.25620197372608,39.032551063584364,3.7000000000000006
54.96221434262659,38.815745863632046,3.7
54.88480127337989,38.75688132623971,3.6999999999999997
52.12440034677875,37.55241509544146,3.7
52.12440034677875,37.55241509544146,3.7
52.218867563411195,40.08694710465251,3.7000000000000015
51.087451143552705,39.60050896586655,3.700000000000001
51.07741181117292,39.59462526141259,3.6999999999999993
52.4804442369046,40.98547265254167,3.7000000000000006
51.78238487035358,40.455411017286316,3.6999999999999984
50.56247740278014,39.77136057857869,3.700000000000001
50.800667422551086,39.831359348313974,3.6999999999999997
49.89826915603281,38.566080371538455,3.6999999999999997
49.89826915603281,38.566080371538455,3.6999999999999997
53.41502922668444,39.907794032576206,3.6999999999999997
53.75761611732383,40.16180474187459,3.7
53.762545284354395,40.168287620734624,3.6999999999999997
54.3865380436493,38.32747197960805,3.700000000000001
54.39166260449855,38.335298919618104,3.6999999999999997
54.38479333476142,38.32468446777573,3.7
54.17556202656126,31.982936603624207,3.6999999999999997
54.16878288072216,31.982812220962842,3.7
54.17556202656126,31.982936603624207,3.6999999999999997
47.19457982742304,29.233032122247792,3.7000000000000006
43.2568978190633,29.913387540526134,3.7
43.228854480048874,29.714703500797093,3.7
39.809643916821216,27.701916198374754,3.7000000000000006
38.428361355634955,26.739284248233577,3.7
34.734710796926784,23.79794145532165,3.7
33.96069657352293,24.35348266824606,3.7000000000000006
33.615224454274625,24.152655366138703,3.7000000000000006
33.41530478836922,25.391789232556008,3.6999999999999997
33.427776329164494,25.394356849275237,3.7
33.421889474558704,25.393520500724428,3.7000000000000006
32.77455045572405,25.214442484962976,3.7000000000000006
32.773162635548836,25.216267125765732,3.700000000000001
32.77209970847253,25.21730874747496,3.7000000000000006
32.85449208016983,25.185710702488617,3.6999999999999993
32.319789664349095,25.957028415972125,3.7000000000000006
32.319789664349095,25.957028415972125,3.7000000000000006
32.32069045594247,25.95766806556959,3.700000000000001
31.19585240682111,25.171364051099967,3.700000000000001
31.195759656003844,25.170278321297737,3.6999999999999997
31.196226475624528,25.1635944974308,3.6999999999999993
32.292263146389736,25.086091976189223,3.7
32.291287754455304,25.087112579477317,3.7000000000000006
32.94012888642878,23.820333036024113,3.7000000000000006
32.83811402867807,23.682980553465633,3.6999999999999993
32.259965183049154,22.272497688884833,3.7
32.26594109470673,22.284000050738936,3.7
31.941664163367985,22.13244125424545,3.700000000000001
31.6695061677139,21.712421121159718,3.6999999999999997
31.54256154773784,21.625994119810827,3.700000000000001
26.645088818390004,17.54581771504958,3.7000000000000006
26.63703252642203,17.533398555000566,3.7000000000000006
23.19955268750986,15.154851151840386,3.6999999999999997
23.359844606139752,15.31793788672705,3.6999999999999993
23.36344644268072,15.325318964616212,3.7
18.744708937592506,11.929824444067274,3.6999999999999997
18.744714307545575,11.930575205734458,3.6999999999999997
18.74666667186741,11.926739773332976,3.7
13.632034434881199,9.900074253674902,3.7
13.904838129069452,10.042445338527083,3.7000000000000006
11.947285131479465,10.074012439345392,3.6999999999999997
11.244573204759174,9.775806119044528,3.700000000000001
10.894593683378682,9.66722060647192,3.7
6.428412506915803,8.650113387529446,3.6999999999999997
6.459852998740724,8.697198022802326,3.7
6.421391564645128,8.655330295075386,3.6999999999999993
6.052326240371498,9.006992278558606,3.6999999999999993
6.025886122028567,9.361723683306415,3.700000000000001
6.066043858548789,9.357532290122272,3.7
7.411083890355008,10.160913835847943,3.7000000000000015
7.433099370924878,10.206956330576359,3.7
7.433099370924878,10.206956330576359,3.7
7.215971043035685,10.027292206459308,3.7
6.784728011977646,10.49768675006326,3.6999999999999997
7.06828398547359,10.547185750323804,3.700000000000001
6.718606592884066,10.301182595943121,3.7000000000000006
6.477756916953224,11.000777376850793,3.6999999999999997
6.468694857862192,10.995723534647164,3.7
6.387335699372044,10.946532494767679,3.6999999999999997
5.356615423038821,9.134263800993763,3.6999999999999997
5.386615033653306,9.119579830264655,3.7000000000000006
5.395674839324547,9.115107785781834,3.7000000000000006
5.363554645657761,9.130876519237106,3.7
6.733428441754273,9.300317284171722,3.7
6.885994120876964,9.257523257548169,3.6999999999999993
7.3035231283778685,8.795932309820019,3.7
7.08891874299169,8.708051482453381,3.7000000000000006
7.08891874299169,8.708051482453381,3.7000000000000006
6.156079339647498,9.881057808665995,3.6999999999999997
5.781316997046897,9.73581130749313,3.6999999999999993
6.418268538150504,10.014280482645356,3.7000000000000006
6.156079339647498,9.881057808665995,3.6999999999999997
6.596758113429339,9.431788466519535,3.700000000000001
6.6061837030711335,9.430581502575663,3.6999999999999993
6.6061837030711335,9.430581502575663,3.6999999999999993
10.174116117790158,7.322352054332379,3.6999999999999997
10.299384234549786,7.354934753390124,3.7
10.315445136272265,7.3627340516852255,3.700000000000001
7.974335972381499,6.708686314644011,3.6999999999999993
7.956195354811998,6.70116716884334,3.7000000000000006
7.9995773458484205,6.399131667637647,3.6999999999999997
6.797634085319604,7.457259873749106,3.7000000000000006
6.853262833659861,7.53995181227025,3.7000000000000006
6.691699498038947,7.51489661114625,3.700000000000001
11.544732183552613,10.446601953383928,3.7
11.53161935148266,10.442979480709443,3.6999999999999997
11.442992257489225,10.1152826618191,3.6999999999999997
11.579473388212186,9.98786185038468,3.7000000000000015
11.536729849743304,9.973575589903605,3.700000000000001
10.734519155451578,11.63736649333684,3.6999999999999993
10.734519155451578,11.63736649333684,3.6999999999999993
8.322637507856642,10.99713035483956,3.699999999999999
8.334606479729372,11.085952218277974,3.6999999999999997
8.28664456042885,11.075268406255573,3.7
9.411017091100401,10.299318612522244,3.700000000000001
9.662440251606222,10.32104727314517,3.6999999999999993
10.143368193810137,10.54655286641572,3.6999999999999997
11.142321779280746,10.414958108684138,3.7000000000000015
12.645353069846086,11.169967364061998,3.6999999999999993
12.733420099713197,11.297700279344623,3.7000000000000006
12.742002696852017,11.29936882230124,3.6999999999999993
16.62532372126223,12.083962622608592,3.7
16.63957899519209,12.11989548201858,3.700000000000001
19.85232026288818,14.05854541825772,3.6999999999999993
19.85232026288818,14.05854541825772,3.6999999999999993
24.10390994234686,16.51790472133044,3.6999999999999997
23.799424534831907,16.048112582374067,3.6999999999999993
29.163430169260643,22.458397337810897,3.7000000000000006
29.17080768926396,22.459883599958246,3.699999999999999
29.930335192770276,23.398998122920105,3.700000000000001
29.924130059592486,23.39730109332988,3.7
29.91564095213401,23.39586742360763,3.6999999999999997
30.984735917960933,24.468839850881828,3.7
30.866343993323568,24.36971692493064,3.7000000000000006
31.191641886746567,24.126173349227653,3.7
31.136942797113385,24.014174313720932,3.7000000000000006
31.194810635010164,24.12749987056439,3.6999999999999997
31.826432270918886,24.9142969092454,3.7
31.818314182064785,24.91501343331546,3.7
31.80698864227081,24.911693800187084,3.7
31.25439870553591,22.99943281548401,3.700000000000002
31.35888883801213,23.136098094713322,3.7000000000000006
31.34087814994855,23.11955365557171,3.7
26.979853653709633,19.245322604666452,3.7000000000000006
25.311834522251324,17.66410709417981,3.7000000000000006
25.832549607898283,16.74489421214412,3.6999999999999997
25.880438588965475,16.772825575270875,3.7
27.701362733778524,17.74818333221627,3.6999999999999993
34.67437931415176,25.72286074335035,3.7000000000000006
34.683052998690734,25.724591674034677,3.6999999999999993
34.692213240904415,25.726373664753766,3.7
33.78602172698757,25.985089328120303,3.7000000000000015
32.89225628673792,25.11054220255431,3.6999999999999997
32.63531596377289,24.74469821167706,3.7
40.046028148852535,27.85256372817532,3.6999999999999993
40.061377856147466,27.858451017032166,3.7000000000000006
40.2826274523415,27.80135568088969,3.7000000000000006
37.54623867220013,24.406149690909274,3.6999999999999993
38.14640562519034,25.060466811957497,3.7
38.14640562519034,25.060466811957497,3.7
37.54623867220013,24.406149690909274,3.6999999999999993
42.689583851295545,32.025204807646034,3.700000000000001
42.57038528524155,31.984311667483215,3.7000000000000006
44.812838298024936,33.663384025965215,3.7000000000000006
44.83239089344026,33.66614518998906,3.7000000000000006
44.81909148859673,33.66404005126263,3.7
43.29347665777758,32.530559110647836,3.7
43.28481471978433,32.52802372772821,3.7
44.29590742519048,33.47967748876839,3.7
44.3431866701074,33.47943365118997,3.699999999999998
44.336447298362074,33.47851938655266,3.699999999999999
45.537687249436814,33.893864360414405,3.6999999999999993
45.558510810409956,33.891244853435325,3.7000000000000006
45.56869306369083,33.89127679601527,3.7
46.91205499505468,32.2812759055946,3.700000000000001
45.94036043963675,31.541015954491915,3.7000000000000015
45.949447615307605,31.54617338188253,3.699999999999999
43.91582857922269,27.537487887794953,3.700000000000001
44.776592510493956,28.326411011568137,3.699999999999999
39.574287341866,23.881034038604454,3.7
42.086634972916336,25.389325199017144,3.7
63.63796516274707,36.64640160323241,3.6999999999999993
63.87268055707668,36.702293178285096,3.7
63.89277741465471,36.716048760513395,3.6999999999999993
66.18003023217858,37.40373371397026,3.699999999999999
66.24416177899558,37.41014470601841,3.6999999999999997
68.65737996305799,38.60060343975731,3.7000000000000006
68.66417359500812,38.60628391226395,3.6999999999999997
67.49350671008641,38.07393673520535,3.700000000000001
67.47837732443682,38.062960294649365,3.7000000000000006
61.23819334237417,37.415535394668424,3.6999999999999993
61.25066956555767,37.413570482289835,3.7
66.59563269377333,43.39377021881886,3.7000000000000015
66.51127886629205,43.51125424368402,3.7000000000000006
66.51069229853017,43.51446135416091,3.6999999999999997
64.47939376439788,47.83358576849313,3.6999999999999997
64.37863757881327,47.56453050908854,3.7000000000000006
64.47638231887049,47.829807609107256,3.7000000000000006
65.61708696035524,49.297844225878016,3.6999999999999997
65.1868612706946,49.23406611151789,3.700000000000001
65.85201336797228,49.37930911240646,3.7
65.79550684633588,49.236402201514785,3.7
63.65593422969615,46.34966220361975,3.700000000000001
61.89049045593151,45.441168858496525,3.6999999999999993
65.589469548891,40.81384944459232,3.7000000000000006
65.58958903797146,40.81563776705107,3.6999999999999997
72.01414358388556,40.7481212015157,3.7
72.01272561082936,40.746752061837796,3.7
72.01414358388556,40.7481212015157,3.7
76.7466765074765,43.46393086105748,3.7000000000000006
78.25792173603553,45.76742923144348,3.7
78.38651332037759,45.96183797024572,3.7
78.25792173603553,45.76742923144348,3.7
78.57976240430617,45.96948459687603,3.7000000000000006
78.57976240430617,45.96948459687603,3.7000000000000006
78.57062338783241,45.9605984392387,3.7
76.66883402136241,45.237903732514766,3.7
76.68078141428013,45.2504391125392,3.6999999999999997
73.25168560722389,41.559136072132624,3.6999999999999997
73.24865242936761,41.55678060868264,3.700000000000001
73.23920417198451,41.54911731143366,3.7
78.00375584229754,45.24551674569826,3.700000000000001
78.5374139881316,46.02730262129614,3.7000000000000006
82.84300441020869,53.07822316095373,3.7000000000000006
82.84461330711599,53.06882741833531,3.6999999999999997
81.73173036251386,63.87127247220838,3.7
81.72834750135391,63.87420212216476,3.700000000000001
81.9270656334097,65.46769622745462,3.7
81.9290685762296,65.46612472620745,3.7000000000000006
82.3947957431445,64.41758674967197,3.6999999999999997
82.24619349425907,64.28591813931865,3.700000000000001
82.88213287791959,64.30520940170571,3.7
82.88213287791959,64.30520940170571,3.7
80.95569404742065,64.2598230975521,3.7
80.96660069211099,64.24709482334511,3.6999999999999993
74.98549419481184,63.16210168371412,3.7
75.00147819844098,63.2324714554574,3.7
72.27682434444975,63.64721498088443,3.7
72.31802440564181,63.50238325344061,3.699999999999999
72.31802440564181,63.50238325344061,3.699999999999999
74.49301076035655,68.41729893178486,3.700000000000001
74.46375538964625,66.52521999736588,3.7000000000000006
74.74532451073416,66.48887460428529,3.6999999999999993
76.26630247819361,57.05235727499572,3.6999999999999993
77.04688875029798,56.816115456177684,3.6999999999999997
