14.163069392116814,5.626295037394244,0.0
13.343178080021415,2.2427152100032064,0.0
9.773427044251891,4.450960816528832,0.0
3.377163698232245,6.851202305923053,0.0
6.331163219238186,2.52815667748328,0.0
2.3390226323888106,7.449906104474774,0.0
4.325280262191877,4.183118724245708,0.0
2.6118203775222915,10.523910242676823,0.0
7.0311564144232275,0.9694461220251448,0.0
12.42753739154179,5.525690754159753,0.0
11.738761704867995,4.248178421621873,0.0
7.572757372731105,4.364333172034967,0.0
2.1832859068156503,6.317672308737505,0.0
3.5612872289115485,1.9388441318320997,0.0
14.833745508440895,3.0316041646105005,0.0
9.373608028562689,5.933563823416739,0.0
14.164165778604337,10.03759685109178,0.0
12.93106497106157,3.686112359391786,0.0
2.017016106431292,3.6584789746420663,0.0
7.322154384756399,7.4434999143040885,0.0
1.6508204512590336,3.9160308362824887,0.0
2.3822446040698573,2.094459154685416,0.0
14.012352328008568,6.650650514014826,0.0
9.666223391576676,1.2335687142260758,0.0
8.260353396063453,1.6641472112500268,0.0
7.231130135368869,2.8731750603387676,0.0
8.780402546965911,8.801950770779023,0.0
3.2587446864484457,2.488572151426521,0.0
3.096425331462857,1.346729549155448,0.0
3.110410544921462,4.45294972376145,0.0
7.295319646401095,2.588874152205028,0.0
11.024282276257534,1.860151211649647,0.0
13.607360180510407,4.811258014617688,0.0
13.762894519317104,2.5438950794817665,0.0
9.62398898008611,3.960724762591056,0.0
13.68128167471532,4.696299013608844,0.0
2.659957573021902,9.170838247983179,0.0
10.482394292998274,8.233483619829322,0.0
2.4827159422066303,5.897305786285312,0.0
3.9696234874748133,1.7166405615714593,0.0
9.904268413792211,0.9717365291081734,0.0
2.516270202389453,3.5912547840970586,0.0
7.591897109913782,8.813345660890462,0.0
3.6032476954106474,1.9577250978406302,0.0
13.615636947422825,3.6196466026671357,0.0
12.862909343400082,2.063559728161648,0.0
9.907840953593427,5.982890946760331,0.0
8.63658489018446,3.153669638131654,0.0
3.615377994223594,7.1206225457811865,0.0
4.386955071337485,8.336440590346019,0.0
4.590131201192446,6.2011892890906495,0.0
14.545894921196576,3.2398700677901737,0.0
15.073711299843021,8.246646178715851,0.0
4.795716419437413,8.59841654235692,0.0
4.599097378723997,7.162485126437926,0.0
2.0546924624498524,2.755348976047664,0.0
3.9561913399408923,3.6508014816406966,0.0
9.443895684780678,6.37697027076378,0.0
1.6909559418706388,8.294971941190635,0.0
11.701851778709552,1.214681782847825,0.0
2.3276778706318257,2.278375296215748,0.0
9.92292278157294,9.144081262201217,0.0
9.676402912818572,6.04787131065689,0.0
13.250235324844581,6.127422921544684,0.0
3.7062185464794397,6.652775650814579,0.0
3.444527923880795,0.9327895420949933,0.0
13.167485234180079,9.822254361049232,0.0
13.474747012158195,2.579458288181955,0.0
5.0974929272011575,3.0766912774787496,0.0
13.96537542739572,2.5180403150231907,0.0
7.098534284679687,1.7365029932672893,0.0
13.014089850497253,6.949469873734677,0.0
3.647708938019973,6.30269566190865,0.0
1.8572398395833745,8.221385903933527,0.0
1.830246101842397,6.554080431444377,0.0
3.8706963306762767,3.5670952593100806,0.0
13.663588237548241,3.7282106920766163,0.0
13.991317615806764,5.676230784709094,0.0
1.6967225944438562,6.096993115229895,0.0
2.4557148739468357,3.1343622001446834,0.0
6.919551422860233,3.8573273911933375,0.0
13.664672963878143,6.8975838158395995,0.0
3.4514187103049365,0.2285695333588588,0.0
4.638954353969035,4.692389367454247,0.0
4.279397692506911,2.930297942972898,0.0
15.205780188919784,3.3807480588700374,0.0
3.363357957721486,1.0999322672752305,0.0
0.734792507692525,8.978494786927332,0.0
12.854443996789547,5.675197483764664,0.0
4.254940184856746,4.903472125382242,0.0
2.516131438816671,2.872328419208697,0.0
8.161859110004471,5.410628828352808,0.0
13.73914317516487,3.4645379209055185,0.0
4.244907191009485,0.6413603970259518,0.0
13.473162264618047,2.7488731905944626,0.0
14.374422601151002,6.880765603801781,0.0
14.678922302907765,3.0745737959545583,0.0
4.776997564257231,0.9031573876782859,0.0
8.915680064979387,1.2822275275223356,0.0
14.758595598213661,8.141433613047694,0.0
13.961943185184401,9.595541858098448,0.0
3.463466483135271,4.662393860301515,0.0
1.8016973570139319,3.6407486486422065,0.0
11.642015235591334,4.343124155592755,0.0
2.841480550776981,2.076239967966505,0.0
6.537527292718731,6.913765845040142,0.0
9.789638483851462,7.964906223151431,0.0
1.9666115697735103,7.07586506085726,0.0
9.25079346547046,6.359358506765067,0.0
7.980953847961912,8.99522677592425,0.0
3.372997437023259,8.20649175392465,0.0
13.841356818371025,2.6367026326819945,0.0
15.014108647139139,3.435688317732158,0.0
9.542949132400754,7.030526447985627,0.0
6.622710290114545,8.294784089096224,0.0
14.487800828973572,5.429936230199598,0.0
10.760429565915825,1.5176982682580449,0.0
2.2653079350031966,1.7361794735913136,0.0
3.304885664055645,7.9792180731956766,0.0
7.67621389043268,4.753880469856395,0.0
13.32848674688523,6.079266295086283,0.0
3.909408451852123,0.5644705623142459,0.0
3.3757279718854805,6.637582504824365,0.0
2.276566864782134,3.4507863144957454,0.0
13.323398736886476,10.434851453288015,0.0
5.762469964006229,9.042604153530457,0.0
14.54737560419207,7.837017968232761,0.0
14.568405016471875,5.572045232927523,0.0
14.52692425148729,6.18420855820311,0.0
3.280330075591829,3.1531328573847515,0.0
1.709995339788207,0.7172466398739441,0.0
14.030066366305014,9.080429149612755,0.0
11.291594181334663,10.512933404000526,0.0
13.592323811201048,6.365011424060031,0.0
14.90780988277697,6.271442675243189,0.0
1.9764479834722661,6.674160406191126,0.0
15.073790278108707,6.098790709253319,0.0
3.928503212960316,1.6405771134313811,0.0
1.9756273206179906,5.97840342809938,0.0
2.5850264653630015,4.387523751224454,0.0
1.1372815477957774,7.144144997108951,0.0
8.454401624649591,4.5411899548405845,0.0
6.958129053595221,1.2000866245621165,0.0
14.924867533868618,6.500333692537583,0.0
5.449804360638367,8.429727628518057,0.0
13.360160220859338,7.266319126298583,0.0
4.625490572596912,2.913626969741402,0.0
3.021002195791901,4.58330812411662,0.0
10.658292897007643,4.906646150339136,0.0
3.0983402960286766,5.178104888787523,0.0
10.41586873812476,8.982810443716817,0.0
1.992007449196109,9.066985765903002,0.0
3.14474084285481,3.956980397781529,0.0
13.854348815320161,2.056798741229801,0.0
8.95724135444413,1.697332537654415,0.0
2.8136263443891174,4.208622673707472,0.0
5.1682448885586005,2.9557512748767447,0.0
7.423731698419499,0.38388318812029887,0.0
2.84614170661376,6.824114109892575,0.0
5.872194719885996,10.603072258334137,0.0
14.673980159214672,3.9398018018802747,0.0
8.76454924383805,6.449717354078507,0.0
8.873153208585313,8.988647669969577,0.0
9.717996080531185,3.313636493649884,0.0
1.2394451592055138,2.033064922412749,0.0
14.043873365073168,10.005146369312012,0.0
9.17392325175867,6.204766216585211,0.0
8.353691198599742,7.319013361614383,0.0
4.71905490138684,2.340800251672916,0.0
14.765157045060752,7.34871818274257,0.0
6.972763607207923,7.1674147364727006,0.0
14.436647198013718,7.483509784110013,0.0
10.306445352167431,3.3700564210504766,0.0
6.314724878506995,4.252208682191626,0.0
11.436824766481426,2.2452061744452156,0.0
8.88194564249447,2.8671632263374374,0.0
3.354713308183871,8.029534335618036,0.0
4.72900743307058,8.843497722201622,0.0
14.736881731231806,4.322977036156972,0.0
1.989832831187412,1.769062598491235,0.0
13.300233084597442,4.7411863245080825,0.0
2.489745253196073,2.3479044690352406,0.0
3.203724368387385,8.979090003422336,0.0
4.149272632034402,5.471710316795563,0.0
13.755859418484407,8.705084510527957,0.0
11.699558879072148,1.9221620490595706,0.0
2.222877871371366,4.442957419039223,0.0
12.506952978302547,4.690899082163475,0.0
4.301754656900374,4.449751809370023,0.0
13.380760147912401,2.5099704692967926,0.0
8.640661863491783,4.176944057495361,0.0
13.838368784783976,8.407485680468186,0.0
3.1423848580276537,3.4841665962952635,0.0
9.888927349615768,5.5685302680547935,0.0
13.798739322452418,10.604225418656078,0.0
6.249318062905178,1.4866402581880298,0.0
5.853492356637809,8.21563985582327,0.0
12.66530196371262,4.990361549596018,0.0
3.683438629799066,3.4984614418756195,0.0
14.97032999135605,4.177713806026756,0.0
10.295182295860256,2.381546686192973,0.0
2.3898314526114195,8.065161289350623,0.0
4.825455358143647,4.193628500583367,0.0
3.0983383739555452,7.80331340286221,0.0
4.369499085001413,2.0233344355836054,0.0
1.4849793807843186,1.2581864401146088,0.0
4.067735832508908,10.677741859779504,0.0
9.8284354448928,9.905169170666053,0.0
3.1758830209065443,9.804123571339161,0.0
14.13153736029222,3.014423501693905,0.0
9.630329208716073,0.7724381093022719,0.0
3.3335276328555574,9.19950430771249,0.0
4.3446543485749585,8.774516783863278,0.0
6.691350246492832,3.398021581954626,0.0
8.753954624223155,2.3362250046270265,0.0
8.559628681885487,5.923518059544553,0.0
9.588487833651767,5.3504634438536955,0.0
1.7412422212127125,4.206091159896679,0.0
9.327196713645465,5.417899559589344,0.0
15.161742341705343,5.629775572588051,0.0
13.142956032552005,6.194791925233061,0.0
9.180622642523169,5.284787947908913,0.0
14.158608829582054,3.084775673337825,0.0
2.201182878352098,8.70397927623379,0.0
1.811904744857173,3.326679707731915,0.0
12.691888857653936,6.246819734801443,0.0
10.728994695741498,9.289013074825142,0.0
11.19969834843718,1.507625302480504,0.0
13.242476851893962,5.316839480588891,0.0
10.419800988273337,0.8537584541527428,0.0
10.090893272921171,5.487857608970435,0.0
10.534236378896091,0.877894078014901,0.0
2.2162070618975664,1.554824906429324,0.0
4.351189245098982,8.207332413292974,0.0
15.45172370741075,8.339799833785214,0.0
10.43216418153494,5.539192961411111,0.0
3.4014263785174306,8.64320119231396,0.0
1.5545651331687402,4.819760724462729,0.0
3.0038004936907288,1.47215250162069,0.0
3.6085783038563792,6.506199485252646,0.0
3.0598351985695236,6.1572699532482265,0.0
8.417017807780605,6.249066582416924,0.0
13.407637284109368,4.261444723933381,0.0
13.53309639011037,4.711759850140768,0.0
8.570900465795743,7.421498616364095,0.0
14.401278708220227,4.216272534131205,0.0
12.436647162563714,1.9996240010180082,0.0
7.425539895500002,3.840172500795253,0.0
8.527306072262316,4.403423066756772,0.0
6.045542638537499,3.947345633266018,0.0
6.708085094336299,4.587067205274148,0.0
11.975886728202461,4.97337931949775,0.0
8.094012949823238,9.990609485331284,0.0
14.238158928020159,5.4225338294611936,0.0
2.7630862881375693,2.164756355199952,0.0
4.4419846371787814,1.2889904432113894,0.0
3.139921544243809,7.783853247779377,0.0
8.357733229896832,1.895943331212883,0.0
2.0671720973495775,5.238154849663714,0.0
6.595327660469178,7.460920198368293,0.0
1.7595125730149765,1.3614689055902625,0.0
14.126207851203366,6.425306328187992,0.0
14.73777384587998,8.490268135442223,0.0
13.986168604389315,5.740066017002308,0.0
14.610171451658424,4.66981723495236,0.0
2.118689224477178,5.472078193316617,0.0
2.3584220123164323,3.8001123047936725,0.0
13.262954356436065,4.032508623794901,0.0
14.443153011171256,7.871129016686627,0.0
14.640330298661516,3.996461517335539,0.0
13.688010928601482,7.693662764956929,0.0
5.33014920287924,10.496282763980462,0.0
1.411681887552759,4.001816657423804,0.0
4.612409725833903,9.015245679315637,0.0
3.4773753034405015,2.5007122592702737,0.0
3.6299929982089263,7.971942182993423,0.0
7.843533489577191,3.3460031694928993,0.0
10.873606770808749,3.5404725196004923,0.0
6.261259375130027,1.7961476631506614,0.0
13.56503974967938,2.5911410774413937,0.0
13.05465512823934,7.956973150175286,0.0
14.726598944058576,7.068229114336384,0.0
9.245096083751381,8.643917873886975,0.0
11.194135449178372,6.670992930798624,0.0
4.029829688148355,9.733636653395155,0.0
5.54556152058566,2.1329003543286027,0.0
9.271893692907952,3.221491484627099,0.0
14.835266365128007,5.057518927219699,0.0
2.869519553527575,1.9412280588274429,0.0
2.0394122508182937,7.29392032633023,0.0
9.168058281819691,1.6667178587589317,0.0
3.490485945113648,9.674250561388352,0.0
10.940606043071375,4.602970485573132,0.0
2.6254144793076386,7.737393418108698,0.0
2.6046735861776456,3.285330067611756,0.0
12.634251353678502,1.3057990328567481,0.0
3.5141464170598193,1.641494256906727,0.0
8.439618032927818,3.8988725041512797,0.0
11.123331476420478,9.599379000326783,0.0
13.419365708134395,3.905684058523516,0.0
3.1037268500466593,9.908646892696822,0.0
2.532355677030753,7.154593123361536,0.0
4.035972058180185,2.1384730520744917,0.0
7.899736113633841,4.354831477503138,0.0
1.6817003856355772,3.6421800068777204,0.0
4.849937005762468,5.28253855382766,0.0
9.703082409191916,0.2482389921848625,0.0
14.175989661786494,3.582605272615991,0.0
8.176761662006758,3.7861109423184,0.0
13.798310124221414,7.946710740929002,0.0
14.091837772281599,5.815070463626662,0.0
13.49612043621153,2.3566700970976666,0.0
13.667326809069477,7.496051723505757,0.0
11.205149790677558,3.6431973174319,0.0
14.423873427817673,4.7551738967566015,0.0
4.467790910940353,4.385851079563044,0.0
4.405395931840782,8.893610888858774,0.0
1.5867263358898767,5.243153295725791,0.0
8.85022354917079,2.8748839681401357,0.0
11.971665423417264,8.302457622049756,0.0
14.016435090085329,5.116291736454468,0.0
12.734624659577793,3.1002812654958363,0.0
8.861455826461832,4.512123265401695,0.0
4.993534343165307,3.1963998697709246,0.0
1.4367067630775718,6.458895386802683,0.0
13.82434672012409,1.4925524967223334,0.0
2.8313500536313363,8.129843069493809,0.0
4.996154895407622,5.6518453394059085,0.0
8.52463919437727,4.614405588200763,0.0
10.514479061389668,2.2339418995939235,0.0
8.724937130879466,2.579821066486556,0.0
11.969977298176598,10.188064909434518,0.0
10.631602935450466,2.5241713487811226,0.0
5.098099972451536,6.513996026570725,0.0
3.8561228148347406,2.9994038846957243,0.0
9.061436295448207,8.041619496294594,0.0
3.967381066313667,2.2419320437946477,0.0
13.827862271088202,3.8078406329867733,0.0
12.421553033244368,7.977431596620856,0.0
13.490419555450993,9.547739253653868,0.0
13.518979578303858,9.337434096584522,0.0
14.308985788284575,7.385209653133824,0.0
8.583720369946068,3.389178873574257,0.0
11.238501760644994,2.172922351386689,0.0
7.5646973580742936,5.902146421480553,0.0
9.054935968499558,9.78234997253143,0.0
13.578525075543496,2.662306580523348,0.0
3.9551854299622975,2.425384897597935,0.0
2.5864739959744165,6.500485955368213,0.0
3.5795745378058488,2.2396658398076807,0.0
2.1220629802065534,0.920432449170182,0.0
4.43147819562318,2.0645938279660743,0.0
3.840564795154391,1.4733365455341179,0.0
13.769365954952123,4.274641417334501,0.0
9.7628032035497,1.1422060201356181,0.0
13.828885689525809,4.583310209180741,0.0
3.065310713829908,3.2451859605590054,0.0
2.7465851500269993,4.758740001973279,0.0
3.9317605466118364,3.238241143226766,0.0
4.493444068615054,5.014222326919996,0.0
10.964973201196557,8.18504691674843,0.0
14.113405930084259,4.415999413669208,0.0
13.661925899413385,8.764075635217726,0.0
2.718424133223414,1.5285211307620108,0.0
4.184669994109191,1.4996295090590865,0.0
1.7066335393593766,6.351666298088629,0.0
3.70905988353478,2.0916303957141578,0.0
11.597761248320332,3.0663971067721554,0.0
9.181981306091068,9.934130476119233,0.0
1.258266000936545,2.7651521392909464,0.0
4.8498009149025965,5.922921729470338,0.0
8.488458167430508,4.492126585443706,0.0
12.23110977764913,2.864320600997761,0.0
14.297791692287069,3.935213818887392,0.0
6.4523280220779125,1.726421892974852,0.0
4.29856120344973,7.966838075505623,0.0
12.672976031084422,6.899807785787701,0.0
9.507613109467993,9.304333741641658,0.0
13.917811885403822,5.225406828519682,0.0
1.6926206104290507,5.11852482754444,0.0
1.6947332492961902,3.466611999924861,0.0
13.53802605276346,8.683696810963696,0.0
14.981958461947954,5.478997909729282,0.0
11.532924297783532,7.107912150122226,0.0
3.6403446066360727,7.442820678848922,0.0
4.025591327296316,10.152452707670165,0.0
13.7682900935592,0.9969045511525815,0.0
14.345194081472506,8.202053389165885,0.0
7.922674496915139,2.3480122750722603,0.0
11.571671463752107,4.397126800121214,0.0
14.41730090203548,2.978980804084791,0.0
1.6187869200033,7.871983485307424,0.0
3.1615992356690206,2.117729324800149,0.0
9.404591453081549,2.7613055668518953,0.0
9.227397132674884,1.579224858094983,0.0
4.58890206448345,7.905208566510258,0.0
5.984637741765804,6.73988217237884,0.0
3.1335240735803804,7.852131178292707,0.0
13.933872903360058,3.6902933763409607,0.0
5.037020806915577,1.9780090475764853,0.0
10.939118777844977,8.241645261549897,0.0
8.489318205918773,5.825168146222497,0.0
14.101168041385751,2.7691212590877585,0.0
7.0891698051799565,7.229942651450256,0.0
2.4763865013269837,1.3714968631306366,0.0
3.509337906120594,6.1370919491860425,0.0
1.238033693596678,6.663556483143345,0.0
14.54641897505788,3.320861513539219,0.0
1.821868873332851,3.5394897828972134,0.0
13.024085166133565,2.4656121843033225,0.0
14.257326222042241,7.377442934419813,0.0
1.73854377852446,8.180696875172387,0.0
13.009162539556616,7.515420820966866,0.0
14.15973996975245,2.603987292763115,0.0
14.21143845308002,2.8331012538952844,0.0
13.79404252855979,7.188735140442018,0.0
5.737087339103028,7.415113415369734,0.0
14.009985293046968,8.924891392753292,0.0
4.6558513158457036,7.071284737126131,0.0
2.726611078615958,3.594452565081775,0.0
4.112947491985333,8.07596176367165,0.0
14.503515447404434,9.067789761942269,0.0
1.614647813860526,7.923458281452294,0.0
9.530572448045234,8.359095795616067,0.0
9.224979768465252,6.848687163155778,0.0
14.109769308429016,4.491809573665566,0.0
10.113903131625607,5.0516697110250055,0.0
8.359996096744123,1.8252979688089943,0.0
2.2424195271580682,8.491421731666115,0.0
1.581968044997332,7.102171551454312,0.0
8.586225497983703,5.799064124789343,0.0
14.2684238070972,1.7236727445884723,0.0
8.287866549894483,5.455305358954025,0.0
14.414630013735835,4.202840140466023,0.0
8.765163218377278,8.435703386564049,0.0
13.961266266981946,3.744490824914679,0.0
8.140820985757479,7.720115076202737,0.0
9.172023726105525,7.483075886518862,0.0
14.302439673105296,7.089638220315899,0.0
7.48749058645166,2.579114219222052,0.0
5.283863632434886,3.9577141578192956,0.0
12.169887005965059,10.277479412942368,0.0
2.7014273267664706,4.718329368055535,0.0
2.131217717957635,4.147027283924631,0.0
4.398117951756377,2.564298256468875,0.0
13.929717826329936,5.896823294148781,0.0
10.067129411569216,6.381848099874768,0.0
14.313211949881003,2.739280363696268,0.0
7.951457036252558,1.3109230635086258,0.0
13.164885652786166,2.9109136977166337,0.0
3.433637895083787,8.805675150251156,0.0
13.14627330493554,6.112118483958554,0.0
13.593687442045944,3.7842210734384834,0.0
1.9108538476573729,3.3323827187785473,0.0
14.250149973057015,4.987119797982842,0.0
12.957074846601392,4.3483562415474895,0.0
8.53235586799057,5.3929201851239235,0.0
1.7143450932456594,3.0087387092020585,0.0
6.000911412190255,2.8677989438722906,0.0
14.418964599271211,3.4889420512829794,0.0
14.105256859710071,8.263094999027214,0.0
2.1267426063931434,2.6116731677694593,0.0
12.935733540104403,5.703703350715631,0.0
9.20000351474072,2.0256689059000617,0.0
4.175012245557938,8.960795110590146,0.0
7.565442142757083,9.139136096143474,0.0
15.417246580347152,7.582343768961953,0.0
1.4467273739039,2.311326981785795,0.0
4.531260759051554,2.104443911744751,0.0
4.502014651762681,4.7136413822015015,0.0
7.65023195580405,2.685599797808664,0.0
3.5165334815114426,9.536915644897643,0.0
3.520512103856504,3.954380516794802,0.0
4.110193950940447,6.379245626419309,0.0
5.216675087653553,1.867767734105436,0.0
7.668274734683712,2.7326874499768814,0.0
11.91428395468268,2.212816959759295,0.0
13.88290306121073,8.593052191192783,0.0
7.352760084291918,6.451595858562123,0.0
6.274105881608094,1.196910033082874,0.0
10.354553319120924,4.191575444666557,0.0
12.534353636698446,8.04404722711278,0.0
12.943675295928013,2.947078986389873,0.0
4.614449707265263,2.531866202919093,0.0
13.606149840194668,8.189591023611884,0.0
4.320927633178613,3.1572772974559458,0.0
15.165765696550388,7.345741014342627,0.0
14.07340442362331,5.612953374209411,0.0
5.007707894290042,2.119427720589729,0.0
13.902097709430866,5.6903489727532195,0.0
13.980054566411589,9.029607223664271,0.0
9.277405897387473,8.504354210129218,0.0
9.213923857246746,2.720285201536355,0.0
14.261148238599523,7.738481629286621,0.0
8.449480449879278,1.3844214044976115,0.0
13.796963427494017,2.1113459056098427,0.0
4.37889562203363,7.799120376774049,0.0
4.454066249014274,5.666663185367133,0.0
8.888991962444615,8.581774249031652,0.0
13.34175884010231,2.4126068215283363,0.0
9.928403009730056,2.9849403507959793,0.0
9.645547991258429,5.66934119658652,0.0
11.566690378677555,0.9607141464653911,0.0
9.527511975987244,8.108678731691695,0.0
4.13403160721298,1.187480988387499,0.0
4.520930117924702,2.8194355440830696,0.0
4.331002909047811,4.375785195053643,0.0
10.02485782264776,1.9570510309936253,0.0
13.950617445699203,3.2511190097248686,0.0
8.283443496763416,1.985074572956508,0.0
13.662501613660842,7.084083457425798,0.0
12.424097093708482,1.3432036442996538,0.0
2.420107352189484,2.1131193787793245,0.0
3.713745599253438,0.6868698978597744,0.0
4.129016206114,8.755975674537265,0.0
6.9102340843426715,5.042941206317448,0.0
5.131761292161944,10.078597221871961,0.0
10.761845989211036,5.953316228871896,0.0
2.611447072341174,3.2083114577136294,0.0
13.452235708371159,5.810017333911597,0.0
3.320286787219683,8.571651808076398,0.0
2.3014772212591503,3.8771780374520333,0.0
13.768326419700095,6.377291598776017,0.0
7.048407749801664,8.385374147246896,0.0
15.269280842836269,7.6075241939055065,0.0
10.181009093466699,4.358520482277481,0.0
13.288868235516821,4.971183477696668,0.0
13.469852988056992,4.40058302040482,0.0
7.2175232781740375,0.9446703714820415,0.0
3.42662333378446,8.417046928738474,0.0
9.004065704870353,9.167318724760642,0.0
8.204697773412962,5.368892300537113,0.0
12.976358623937015,4.7785431234727715,0.0
9.49526201577278,2.273510812450777,0.0
8.362874558990258,6.737108412553177,0.0
9.27908941525421,7.848977235376369,0.0
9.378782391749393,5.779187672897694,0.0
6.8729015581983,1.0310299908990532,0.0
11.713784585317095,2.005803428251804,0.0
15.282238154023267,8.971272276441574,0.0
15.311092188209324,7.1140954617720356,0.0
8.144487063656424,2.9107491765684057,0.0
6.16415983537871,9.981905401788365,0.0
3.6856125862866467,2.6504080530353025,0.0
13.266906700511731,3.462066646790493,0.0
8.437884748246866,7.8702363800532105,0.0
14.305201803753578,7.768291770160247,0.0
14.110385229355071,9.128192293006428,0.0
2.627604951838255,3.4260224733519347,0.0
9.129121876465321,1.247513695978228,0.0
1.0534621007357123,3.277172473597308,0.0
13.068138121203031,3.4099808729226555,0.0
4.895327349635462,0.790554839847332,0.0
6.362342695429304,1.6347358765854745,0.0
4.563690536680399,3.316837122661796,0.0
2.1845318777814278,10.421456654938943,0.0
9.080271649942812,9.08582975810999,0.0
9.591537699585254,2.115940887427666,0.0
13.057575822515457,2.503040326606452,0.0
13.242252642102182,8.486197291862775,0.0
9.830633972528577,7.1844560344636275,0.0
5.668355944698054,0.9379338129175709,0.0
8.684357022491996,1.1506017286295325,0.0
11.49763683749339,1.552491455676351,0.0
14.15762641460154,5.110090619653748,0.0
3.7363975650487458,6.452864451709592,0.0
3.8404293648491254,8.72273200972497,0.0
4.084210176866046,2.6082686889888027,0.0
14.809998483645145,8.655104767421061,0.0
2.959074717380858,2.2738479136866823,0.0
9.034503260696546,3.1396231301442654,0.0
12.253312020064433,6.059192761863671,0.0
14.542213583995004,9.169602691180305,0.0
14.312974688192593,7.681152859048711,0.0
12.500762063785924,2.2020503904243265,0.0
14.508374113487399,4.4804491462512965,0.0
3.548552017473694,7.597824101188315,0.0
2.5023221264195987,5.298309957581494,0.0
3.6231776727069485,5.376794594365468,0.0
4.234445646322962,3.815342112604178,0.0
14.994073750880858,5.948810929116294,0.0
13.651656795274524,8.24495411853595,0.0
5.470807167875382,2.147554404784543,0.0
7.6666688276327,3.92748570653987,0.0
3.43993964563078,2.568519148961161,0.0
14.399161373279131,7.826804591780482,0.0
4.548238760501793,8.33506995002413,0.0
14.784376420808636,5.455698342025551,0.0
10.692525991518236,6.322111077726376,0.0
10.317010830186964,2.6419139717753386,0.0
8.66848594674527,8.345754823545148,0.0
14.354097514199866,10.088017994295097,0.0
14.742296034835798,9.626319221681836,0.0
2.5395332759369493,3.0045712738786254,0.0
2.4653734378169423,2.9150104981415796,0.0
11.802942558899948,5.921074775078626,0.0
10.263214487846053,10.251346066878241,0.0
3.5855303765369593,3.064726935562652,0.0
13.347413340499905,10.13381114079554,0.0
7.658415257464806,5.218891330447044,0.0
4.407102142753412,9.20896862664306,0.0
1.7504809561953252,5.923916900232747,0.0
4.265666194386233,5.105778274581327,0.0
2.320089827096413,7.934370161672928,0.0
8.691936765636,5.938037498541948,0.0
2.3596830751979647,3.4356404296394962,0.0
13.65515511829364,4.173111585681989,0.0
12.968753716796584,5.2091172830846535,0.0
3.043317307824071,10.02232292301652,0.0
1.579031675987173,4.828961325865516,0.0
6.264762816029558,1.3833035191270866,0.0
9.210210747291038,4.281193491752018,0.0
12.173356239875787,2.5508292110539523,0.0
15.00923437698001,5.495055675916229,0.0
8.988344484193625,4.72173298925387,0.0
12.852203703580367,3.3965256576248377,0.0
8.694694849133827,5.507505186965062,0.0
7.2496382496357805,3.5887261066694416,0.0
7.506133262288528,4.524812755841218,0.0
7.5768421483328625,4.937361859764185,0.0
7.240258927202303,6.445930941681582,0.0
4.313555898314872,3.309047111442267,0.0
13.249160391719968,6.3722300908659255,0.0
2.5713370159395255,3.0654977383375015,0.0
4.158136708211398,7.796792208403391,0.0
12.378728866265313,2.0060005006544768,0.0
13.926233033437088,4.704088108852738,0.0
12.306346229517795,1.3287289044899968,0.0
1.880487969963339,2.508039905616277,0.0
15.637472308854313,5.105002428981048,0.0
4.655173816792886,3.2663562370503847,0.0
7.256261142779403,7.541269465550898,0.0
7.4902805476612535,8.612140612433159,0.0
11.033324954080758,9.773773886359185,0.0
8.836083717595248,3.784694300438345,0.0
14.427089119089787,7.619800509554273,0.0
7.946022167734528,4.453229654755486,0.0
14.383966200301762,5.624614685119186,0.0
2.0787024324853856,6.386530797029858,0.0
14.513495259337377,2.549750562655009,0.0
14.05906801038433,6.797365823495078,0.0
4.093446507169722,1.417249112192651,0.0
9.541096506293771,1.7252694751947324,0.0
13.558141111655267,8.452388638797245,0.0
8.199522126010223,5.910378895043516,0.0
14.421807846845953,3.9820716753484287,0.0
7.353233946933037,5.065476266530726,0.0
14.079594528022653,4.7558697963066985,0.0
3.6032752541677304,1.8429355271575476,0.0
8.626803941535332,5.603086936991131,0.0
14.213948517451431,4.295432272341801,0.0
14.34316377984927,8.99377574908114,0.0
7.042926248269412,9.574903679238078,0.0
2.610038932034676,9.486324602518307,0.0
6.944575365842047,1.9957446715213927,0.0
4.566385579808961,7.365327327716011,0.0
4.513501722205868,4.357162180959713,0.0
9.580661066824737,6.841463914416314,0.0
8.258920683785991,6.835403110033226,0.0
9.782942522610856,8.60512705633799,0.0
4.703087310394512,10.162200503065629,0.0
4.259295869445119,4.447920284444655,0.0
14.462526134314228,3.8652169340478864,0.0
3.859889920528204,3.7746068467576697,0.0
10.338284926006713,2.5612709202529618,0.0
10.713439003371661,5.225423428574527,0.0
9.626085472021018,4.108218577473088,0.0
5.221157996556053,4.505655374962487,0.0
2.2987701834949577,6.9845531023174505,0.0
14.12087598136012,5.762106657783749,0.0
3.119214643419973,9.792682533207563,0.0
13.985393196421633,6.289674160876083,0.0
14.201341782049717,1.8191635825515775,0.0
7.977108500371113,6.198275766699695,0.0
4.260934311689062,1.77497740022266,0.0
4.004781563107714,8.620449335168487,0.0
14.417250412885931,4.799899810280493,0.0
2.616077560060443,1.673130917120208,0.0
9.743653386315282,2.4537091405653673,0.0
9.062259105413373,7.598836235033914,0.0
9.6131162517933,2.4363136345331524,0.0
13.331935677733354,3.8001092478992646,0.0
9.797059284760554,1.4626572836462735,0.0
8.789425471648782,2.7591865116660745,0.0
13.89692881674627,6.045513174027662,0.0
9.600931206345468,1.2920242162729076,0.0
9.283879631390935,7.622730291394464,0.0
1.4789017407073284,3.4670835290699324,0.0
8.461413263917814,4.89823683780797,0.0
15.081251158445113,4.637483570619664,0.0
2.053160091356733,7.089960651074454,0.0
15.563262366696884,5.818393603785327,0.0
14.418271309414548,4.106904362748357,0.0
8.727660457783585,0.3488056859645236,0.0
6.228669939556512,2.9045151846724453,0.0
2.714938034234748,4.338987765081402,0.0
11.86313383600226,10.491832524388462,0.0
12.97651363765015,8.454184036149734,0.0
3.3738147558574023,1.8473660877861127,0.0
3.436321796638415,3.7213406409190686,0.0
1.397584184205738,4.1768175391900995,0.0
13.93556937954624,5.084328950827681,0.0
11.291495579996834,3.3371798987383046,0.0
3.1424182777576997,2.2942915059772875,0.0
13.916833721245144,9.469026936178375,0.0
14.362757328681031,2.9837263946002945,0.0
14.577068098933895,7.736490647932998,0.0
12.975126782096792,7.3901267822845425,0.0
8.938971491715396,1.7192576912632838,0.0
1.8265769446997049,4.581557580266678,0.0
1.1636550844820175,8.139071488977928,0.0
4.258690303542641,6.6141681266173435,0.0
2.342598267832976,7.178574040573283,0.0
4.6246003893415,2.043371978233293,0.0
3.449258822893605,1.9802180406440462,0.0
2.1768465588398382,2.786965324350058,0.0
2.155686666355811,2.81509109828803,0.0
1.1303878864608834,8.929968376548794,0.0
2.0172906990509896,1.2355520643623743,0.0
1.6985426089600075,4.190277233678121,0.0
2.6793955174615354,4.525196941686742,0.0
2.0938663734752625,7.722188098002995,0.0
2.979972721873595,8.326705894315662,0.0
1.5228531646982093,9.426250214558323,0.0
5.230936959861003,7.5764932902040085,0.0
3.4247599772286272,8.592806622623431,0.0
2.7628181707864994,8.983483764058485,0.0
2.6641965779851633,7.760692236599956,0.0
0.5396349246528038,6.293146086274687,0.0
2.127203678585932,4.124552443327816,0.0
3.74125994364967,3.5849255349639866,0.0
3.6450666850631737,6.6249221363483155,0.0
2.860248720831081,3.91930829390798,0.0
3.7341624501142188,6.305847133167632,0.0
1.7660895252717272,4.752340750669539,0.0
1.7481391218310622,9.321666879567294,0.0
2.5387577897663895,6.287130548577865,0.0
4.662365041869876,2.2651477494243135,0.0
2.8755278134659323,4.712342927878181,0.0
3.2764477896857414,2.6786002511006166,0.0
6.587878797326448,3.1524152558494207,0.0
4.987053610035166,4.848406840913139,0.0
4.30249642540198,3.3255024851660644,0.0
1.7391459375023515,4.022433549025441,0.0
2.7040372913689183,2.7810712975158096,0.0
3.723889493996482,1.8788092261290918,0.0
1.8218136748462006,3.6768185883286,0.0
5.055714238086048,6.3530200487057735,0.0
3.3035727258299064,4.60486609134276,0.0
1.7046104614637596,3.0777822152037593,0.0
4.221788741072167,2.4972251497001845,0.0
3.853819832095934,1.6528713417113534,0.0
2.666753194585437,2.2237984604391863,0.0
2.102030988958325,2.524829790517589,0.0
3.38390257833942,2.293343140210964,0.0
1.9422448705071371,3.245913400421042,0.0
3.6347038375131873,2.655666079442578,0.0
4.275203965211139,4.55680312583348,0.0
4.631045046198763,2.0318213799621727,0.0
3.3157410355332004,1.6334853682410517,0.0
2.8203705184567713,2.3857497244405845,0.0
2.2194610351017894,4.555068273265908,0.0
1.7108454654966994,9.563341242453813,0.0
2.2743420663109037,9.03313672528228,0.0
2.1269787054898184,7.9225869892279785,0.0
3.06751408650198,8.837439987357392,0.0
3.6290902696976706,8.320098577277138,0.0
3.8334318086517323,7.779076176946664,0.0
2.7807956797009563,7.631407640658999,0.0
3.3790774093213267,6.461610408143884,0.0
2.336091468864988,8.559548036264609,0.0
3.503573435950624,8.479802703722418,0.0
2.8808343540957035,3.6479253203980337,0.0
3.4393842490247137,8.654448714399454,0.0
3.0458295480285695,7.425420392188498,0.0
3.520896850576044,8.658908091001079,0.0
2.848614357362957,8.336347246935917,0.0
1.2943688653131336,9.117868012890273,0.0
2.6243892071193278,8.781362746830158,0.0
2.699335545441877,8.996442834205578,0.0
3.9873093965965096,9.97804611939198,0.0
2.7702079727187576,7.989531643414463,0.0
4.040729697371159,7.281459971359971,0.0
4.0143220357756135,6.719207090852471,0.0
2.033178324291506,5.775235665584207,0.0
13.297352190146356,3.5688073787510297,0.0
14.932541743356069,2.522397768190884,0.0
11.397861225198717,3.057121590776482,0.0
8.979979120323401,6.056184027097636,0.0
9.3532380121234,2.0591651091886636,0.0
9.717340209887126,1.5075213742393947,0.0
11.51905543751856,1.9269202018049807,0.0
13.643111711483648,8.04409567077853,0.0
11.35347572498159,3.154478450050692,0.0
9.408385659567479,1.452957394153603,0.0
12.37108108716009,2.7359467613776136,0.0
7.226461362646629,2.310005835222718,0.0
9.836152671036858,1.9930511545202372,0.0
10.876772296896206,1.7216302439687312,0.0
11.405617275192478,3.7675746076296304,0.0
14.53765158729427,3.5397763061577012,0.0
14.580000203247318,4.689517927090943,0.0
14.795180448444691,4.196764653069742,0.0
14.590925551779948,4.710716546831913,0.0
14.050611635012832,2.859728435282987,0.0
14.933911757158846,5.679695959948658,0.0
12.955200239911017,2.2345331665404182,0.0
10.686808198989027,2.5547963232916686,0.0
12.849962014874588,0.10003136294721236,0.0
11.576810401388432,2.5975018681089614,0.0
9.479012736773134,3.5338751960318353,0.0
9.194076816968034,4.043978858821078,0.0
10.191352838314414,6.028609495800237,0.0
9.666936648375062,6.976891901889994,0.0
9.254978685173738,4.700831832218133,0.0
11.557290284811119,4.958396950004122,0.0
14.927704275504293,2.8976072151311323,0.0
11.882505576060424,8.239836118053436,0.0
10.511764516892168,5.427007367452282,0.0
8.461193342395946,6.261562605068304,0.0
7.405665573325531,3.4321495828647333,0.0
9.638470366594358,5.628376851947137,0.0
8.129239526047694,3.9444353550740354,0.0
8.80639150599983,2.4504903287563846,0.0
9.574372597115088,5.702896067621303,0.0
10.78448074755024,6.3174834171101715,0.0
8.31398622184996,7.051619681329015,0.0
9.912051453865445,6.838250616800683,0.0
9.730282873090554,4.265538950120506,0.0
9.740631158807014,5.776454441737031,0.0
9.364518339280226,3.161140990197692,0.0
11.884160461882013,3.2757218356912574,0.0
11.902883264247707,4.540481069151021,0.0
13.50816787966144,3.035828361331976,0.0
12.128164713336878,7.5744912036932055,0.0
14.9079436367542,3.3985092841944162,0.0
14.291998278285517,3.920696652049234,0.0
12.83636671472971,4.483047685468368,0.0
13.777827863365635,3.06175706169376,0.0
14.007967887761565,7.483196106450487,0.0
13.027522731770365,3.9915556067956035,0.0
12.486535722129496,4.490277444274502,0.0
13.51463615165228,3.406521839198569,0.0
13.270327147143515,3.775541216386427,0.0
11.103422012658458,6.29691754963097,0.0
13.536474268817173,6.305735905860083,0.0
14.789456256194713,6.775718282322854,0.0
13.871911220066043,6.962780145875456,0.0
14.81853889600972,3.9966457523161285,0.0
14.445777977409628,3.7869825445697884,0.0
13.74109773199821,2.1373344653781556,0.0
14.160063320400598,4.986095710012496,0.0
14.716946508935932,6.441531786047829,0.0
14.64477859577645,3.7963866740373797,0.0
13.252690539840591,7.242292333451435,0.0
14.664246090725742,5.517210354366183,0.0
14.873856137045047,5.350148623204304,0.0
12.328189961236893,5.4557106478112845,0.0
14.489220255931334,5.5868518839571815,0.0
14.36499604384049,3.526723750551196,0.0
14.62214075128047,5.512316652830804,0.0
14.844552262257663,4.621678775696448,0.0
14.621036059448286,4.705677700008992,0.0
14.88648702508138,9.434659931226008,0.0
14.163278761003216,3.5629469201438817,0.0
15.083410625286197,8.252643792811824,0.0
14.481828154095782,5.784921704331049,0.0
13.352645691857099,0.742463055157129,0.0
13.464059989646199,1.963139919627426,0.0
14.357909410743169,3.4102018193375767,0.0
11.19908875856999,0.8564516735127612,0.0
13.104373027772763,3.0306512531911074,0.0
13.810888150004438,2.413306795319116,0.0
13.391484732804377,2.3905322407042795,0.0
15.027154071569433,2.5839021814696155,0.0
12.928912717661616,2.0904717976278726,0.0
12.720248124382373,3.860722139080509,0.0
14.10423372460592,4.487426757766748,0.0
13.928452552529608,3.230158539189602,0.0
14.150605606437594,2.905753222833684,0.0
14.489074428105695,2.9397864964471725,0.0
14.138385292771819,5.810952792658032,0.0
14.151787507007182,2.456169473772562,0.0
14.413137564655662,2.6454003857510857,0.0
15.001619933846237,4.212374069272873,0.0
14.41256177827149,5.823811540203431,0.0
14.621606465190364,5.31010488040156,0.0
14.322370851134547,5.022643355186509,0.0
14.204227063466046,5.1569913059677965,0.0
14.498016974500132,7.70863281839135,0.0
13.626462123950464,6.295825867393273,0.0
13.824757487857363,5.215477189224969,0.0
14.10695344569408,7.166804818548729,0.0
13.977210341474583,7.044496889578608,0.0
13.863189045166452,9.13332737604389,0.0
14.768242272044365,8.704389359218943,0.0
13.566193950592995,8.468052112616572,0.0
14.418923250282218,8.958986746203188,0.0
13.731454692665393,9.81925044768539,0.0
12.690017961472742,2.561821482704381,0.0
9.97621664551147,7.928513566995413,0.0
12.822810494974908,6.34775713227106,0.0
13.341073633236464,7.064349681713376,0.0
12.807192889107771,6.7178661847894,0.0
11.315300562363486,7.246603573313562,0.0
13.515156496649768,5.1936430928841855,0.0
15.074505211930555,8.463768539884834,0.0
13.29994669902606,6.5134580225865095,0.0
14.224771501746643,6.345115032505075,0.0
13.676593837822297,5.2527167856310495,0.0
15.062071168914457,8.503143461423802,0.0
14.398967387395114,8.353501317422936,0.0
15.241793836810071,9.606510010437859,0.0
13.782123953464502,8.922198126730931,0.0
14.656758653279587,9.095196966530214,0.0
14.30105245693456,5.5588617509865195,0.0
14.912247771547543,8.838458197050894,0.0
13.62080701183714,7.625993547512123,0.0
14.279494589845864,5.395708686342688,0.0
13.03261783824152,5.83956578350085,0.0
14.437655107804646,7.002075305248254,0.0
15.236779187579204,6.618935211788201,0.0
14.141837513195624,6.848905147767363,0.0
14.396182385158019,9.721114727386677,0.0
14.358172779506203,9.308285572097173,0.0
14.498164715733573,8.980360582424465,0.0
14.192485601321232,9.69093928148822,0.0
14.510643683497767,9.686141241872146,0.0
13.69398760060119,8.031881316267345,0.0
15.103935244105783,6.320680248709732,0.0
12.364659153928109,9.057690052261298,0.0
13.556053789683254,7.05102580529847,0.0
15.310678964695885,8.73790564901936,0.0
13.887463132139294,8.549550675376445,0.0
15.135816675491688,6.958454996126268,0.0
14.336793172351452,8.664047127639446,0.0
14.66072951885509,7.2276110730234215,0.0
14.48074557901575,6.730817889780946,0.0
15.05186499675223,8.530475654062732,0.0
14.248297097142256,9.302049256222439,0.0
14.42633627016975,8.835409280752508,0.0
15.198267707573782,7.49916138304994,0.0
14.262142004207579,9.233174320739058,0.0
15.414630554118396,7.3630846929694895,0.0
13.585600972251726,7.470378601588369,0.0
13.169960144230506,8.496897938364437,0.0
13.152172638539055,9.623440222668746,0.0
15.718787489716908,9.306223679624756,0.0
13.562105127714053,9.818326250477885,0.0
14.528830161291896,6.3295133614357955,0.0
14.519098464102012,7.485055131437502,0.0
14.530459363640153,7.332735058139561,0.0
14.17161477379891,7.301222738923447,0.0
14.093165114352376,6.931186813468797,0.0
13.723287791682269,9.160000238646765,0.0
14.871285478610615,7.8630657749395265,0.0
14.426211850317868,8.273759232973163,0.0
13.959801390274011,8.698580915903493,0.0
14.016177797255413,8.13274206906577,0.0
14.961276783229522,7.885319940925469,0.0
14.706071641486314,6.236362117821492,0.0
14.683270786325206,8.514329050744715,0.0
13.452252654918283,4.432081525963067,0.0
15.101875016672443,7.8059327314841855,0.0
14.168995257109358,4.776179985698993,0.0
14.509976212661211,5.855552584878984,0.0
13.920063212003797,3.4928569649554326,0.0
15.226202735740324,7.471095600075187,0.0
14.877124066483944,8.103827805620412,0.0
13.806359786675895,5.900047293376333,0.0
14.136019236412004,4.624784833752828,0.0
14.681113046957742,4.741778504197618,0.0
13.960607402463303,3.885590949066778,0.0
15.049778792335072,6.248915730448967,0.0
14.832695901075242,4.129534122246993,0.0
13.932454367017087,7.485425825929577,0.0
13.845197462519819,4.876615876064314,0.0
14.973169765343322,6.114974710487778,0.0
15.311853075928193,4.917234438760363,0.0
12.913712000887395,6.9137343511969656,0.0
14.655146476724314,5.0992486979090055,0.0
15.978188631354989,7.271267148535869,0.0
15.168479865775682,6.5694565054171665,0.0
14.377318304957209,4.884026989965469,0.0
14.033998717232858,2.9178632333718597,0.0
14.113107186687312,9.00690055496492,0.0
14.36038288418655,9.759067754526638,0.0
13.906105009669588,9.110078510093416,0.0
14.076904282313299,8.151636690353605,0.0
14.811578211540965,8.469544182586334,0.0
14.046080898895465,3.8561934591441958,0.0
13.580684246603788,3.3003096434248778,0.0
12.65307783762449,3.762774590735129,0.0
13.724150604147047,8.835438372855592,0.0
15.118961865523438,9.083729583889287,0.0
14.399680851930377,7.866987170918255,0.0
14.80775511780001,7.940195990339063,0.0
13.756543700985343,7.368670913689129,0.0
14.975881385481049,7.70885110999519,0.0
14.856707730374454,5.174323430237696,0.0
13.340242939652015,8.790543698213865,0.0
14.62966884504708,9.225867372386617,0.0
14.826708243037443,9.565500130717346,0.0
14.427373636477764,9.124182325954399,0.0
14.996604215725272,7.939042075590706,0.0
13.908463136240378,9.392685219821352,0.0
14.113376206086398,9.102026346235743,0.0
14.174090364581932,9.308094002178843,0.0
14.71704001987308,8.421587381644827,0.0
14.43567962033767,9.40466755970488,0.0
14.865150119326398,3.1984791514469797,0.0
12.996739608224528,2.9713722429283913,0.0
13.768991794693507,5.0217967652086495,0.0
13.401798184476,1.9407395729917454,0.0
14.601330490923765,2.621529783983535,0.0
13.410635094294618,1.5095541852946603,0.0
13.254374409645916,1.8104826870991204,0.0
14.153893333304298,3.393238665371863,0.0
12.28383063200058,6.919071895411473,0.0
12.131800607628294,6.6195238845075535,0.0
16.546872284294988,7.572114322033402,0.0
15.180931578974556,9.616407436247753,0.0
14.417094225041504,6.655024831679072,0.0
10.687589464112703,6.694262767060993,0.0
13.471772082309586,2.6946577617132124,0.0
12.887381315239336,2.463545395969542,0.0
13.584323529805163,3.51059748607226,0.0
11.543701786057719,4.0219482257086,0.0
14.266416444535045,6.966124332517833,0.0
13.790538903248114,3.4291671948428375,0.0
14.472648083558884,3.498939568741822,0.0
15.388739186337096,6.164833254726323,0.0
14.096753200432817,2.991203165044341,0.0
15.09262940452601,2.9951146027232687,0.0
15.92710688174699,3.412482818896722,0.0
14.090801311926233,5.59053264680795,0.0
14.138781895766046,4.27272723375297,0.0
14.427679573079114,7.440631138658805,0.0
13.560508363325047,9.413178932665105,0.0
14.851882639733452,8.308568594958368,0.0
14.344335151637969,6.9833828947222285,0.0
13.540267595624977,8.844313345042101,0.0
13.914409589842094,8.53421603438541,0.0
12.694421578528134,10.060154575751802,0.0
12.299494976628898,7.75072429349621,0.0
13.132864637181138,7.8892486457272115,0.0
13.827010115368886,6.312965983455507,0.0
13.236930231693051,4.64130892375239,0.0
14.038955144355889,5.511383617961273,0.0
14.428228062895437,6.392498352782234,0.0
14.524268234512132,6.4714435657306755,0.0
14.276457272776574,3.598539499043926,0.0
15.50559110748616,3.3658953721534077,0.0
14.373665766701375,7.9118225187054465,0.0
12.428128967182623,5.649202479093372,0.0
14.2548392436753,6.2779549671362105,0.0
13.974849290191639,4.654068394229314,0.0
14.836052894590502,9.242330182601977,0.0
14.283934009923682,8.64069084931416,0.0
13.016484242391767,9.140024253114408,0.0
14.855002335594982,8.571987309029792,0.0
14.951274044799465,8.643773985874915,0.0
13.90111469612701,9.05659056585562,0.0
14.684168103691437,9.072770742087743,0.0
13.884586589723458,9.03720508979789,0.0
14.007124641624085,8.881676849634786,0.0
13.452547584909942,8.551703856554516,0.0
14.861052638278197,7.970094342356895,0.0
14.236602056192526,8.621844894624157,0.0
14.248897293378848,8.039691519964217,0.0
13.143601080346018,9.603188708373715,0.0
13.103839444580647,9.02275037166229,0.0
14.225684535458988,7.9209831720903905,0.0
14.65277256102783,6.8169739222473655,0.0
13.952268419951478,9.24254956247113,0.0
14.015639235045278,9.301692619497773,0.0
13.381098823823637,8.449102370836789,0.0
14.713747060473192,9.005917486716859,0.0
14.991147487485005,9.454019365580685,0.0
13.342604327742924,8.930821295354782,0.0
14.631649386502247,7.649570169326782,0.0
14.646185755854741,7.369989640944171,0.0
14.097729566159085,8.813097320317201,0.0
13.53904236846416,8.591476424721067,0.0
14.449786817599323,9.021292615143565,0.0
13.806394235797608,5.99420358620076,0.0
14.854944491226343,4.981931729191278,0.0
13.652394100634696,2.305860686099223,0.0
14.766300342857352,3.7937019507327108,0.0
13.991868765247993,3.6646192303185963,0.0
14.378746790507615,3.404879407689628,0.0
14.759380293587416,6.457122496988516,0.0
14.05811506093515,3.7733729639415805,0.0
14.573964377863573,2.975525456565756,0.0
15.560879347168706,3.8412640081551515,0.0
14.453844529453693,5.370529570877255,0.0
13.656816078389953,4.296141763996866,0.0
13.486263480301307,5.440921990382387,0.0
14.1351107664991,3.6793055203705407,0.0
14.2233360370686,3.8636535803744523,0.0
14.312496101823946,5.768813529426736,0.0
13.935789874509418,5.141735550933025,0.0
14.069145569447807,4.1670547714124435,0.0
14.211399483325126,3.517393783071493,0.0
13.859166811801222,4.400842376951506,0.0
13.208095284590788,1.8491431036037222,0.0
14.589477478976656,3.280200222664451,0.0
15.004068249265297,5.559712464468825,0.0
14.92318493521118,5.179604239946231,0.0
13.713952198941056,4.817675222791637,0.0
2.0127238019671196,1.2530672340601203,0.0
3.3676531052129133,6.652413664471875,0.0
3.5482983215739874,5.081219447170765,0.0
2.0587313830969585,4.396212073516119,0.0
3.48997028764616,2.121347596966749,0.0
2.145885913441102,4.050196291435953,0.0
2.982366992993614,3.723453555808252,0.0
2.700772336067231,1.0611064823067304,0.0
3.787851259747815,1.280088883643144,0.0
5.883610147823336,2.188695207494727,0.0
4.056871862298989,1.1396809402763832,0.0
2.9813076120566704,2.4035324796770627,0.0
3.774859058448027,0.511421517338702,0.0
4.619010612927291,1.8076970614586227,0.0
2.11271622031285,2.185473513845505,0.0
4.140193052803728,1.2220250615426727,0.0
3.5320666679666815,2.950712118189555,0.0
2.32690794589394,5.746048300759838,0.0
2.3590882418086903,5.991348127484638,0.0
2.8850534849109795,4.416695616909466,0.0
2.8076802627882143,6.564496350630114,0.0
3.2542690301986092,2.2551015750393146,0.0
3.2859998822566827,1.5182869946137976,0.0
2.0922368577322823,0.9862072246361165,0.0
0.7096231208191165,0.5725821652553266,0.0
3.291016960479567,1.270049630767336,0.0
4.191061699558218,2.954567785881248,0.0
4.463942496518036,3.037283652120141,0.0
3.977895579273673,3.3311103431142626,0.0
2.285764219778544,4.0782328242638854,0.0
3.065213702077154,3.146535929823428,0.0
1.9159798292267782,7.93254171362949,0.0
4.240349737033848,4.110538864124259,0.0
4.158132207440294,3.4125456414293307,0.0
3.6230819437511266,3.883048581849371,0.0
3.436111276216508,3.7852009806086526,0.0
2.8734024405692735,3.7053010298450326,0.0
3.8264877815833227,3.7783336754694266,0.0
5.393855725727555,4.925706597767332,0.0
4.515586313012223,5.078483338284082,0.0
4.403628750039615,2.5517551422708316,0.0
2.6886407542154673,4.094846652374582,0.0
3.2598136211787665,4.3119382825286126,0.0
1.8394849195238439,4.0709310748744505,0.0
2.4321431973522314,3.696199436418445,0.0
4.361936241789524,3.480895940716568,0.0
4.9955581029293405,2.5757548482818398,0.0
4.828496606883629,3.1631460485761864,0.0
5.340507152574306,3.4392845481690983,0.0
3.198907040569915,2.876688354174563,0.0
4.304075914449521,6.840768408238088,0.0
4.879222011183398,7.622395364007996,0.0
4.579587569858071,7.221236321847874,0.0
3.044061946937995,7.298099513980207,0.0
4.465020573440754,7.058520528982508,0.0
5.002799319659714,7.295717129450956,0.0
3.8932580356504536,4.681444155160798,0.0
3.827786964011401,7.050816854383845,0.0
3.5107469403201765,8.226979640389139,0.0
4.288202890585137,5.501748006416253,0.0
3.240035961803714,6.784438070813591,0.0
3.5766210529975586,6.430109928784579,0.0
4.941217946604385,7.309798865384869,0.0
3.447345032091438,7.468082028235082,0.0
4.891055202279305,7.436472051792267,0.0
4.289823697673307,8.126845153294198,0.0
3.2690403660552922,8.156422903208254,0.0
3.200994913175258,8.558581277719096,0.0
2.078870533671782,7.133562161475258,0.0
5.290997184128032,7.5837989375590436,0.0
4.3940081252883925,7.320083184682938,0.0
3.9837091002239498,7.744401857069104,0.0
4.541213468754073,6.207917328692282,0.0
4.447759849020496,7.024946737400892,0.0
2.5491888194168326,7.930473791176859,0.0
5.37500325145833,4.74772744725181,0.0
5.49350374520142,4.549897525678573,0.0
4.254940184856746,4.903472125382242,0.0
4.901171239783591,5.051360220489566,0.0
3.8049692776733957,5.777978219753022,0.0
3.8880827823583495,6.242942942175695,0.0
3.994774965717573,7.3003211807386235,0.0
4.801041451577505,5.156676331200531,0.0
4.715549608424704,5.929534138523574,0.0
4.602580934655707,6.328114085836445,0.0
3.14112169225902,3.515850610344095,0.0
3.6363385099834202,4.609702101281442,0.0
4.134949813507049,4.290344335479655,0.0
5.5173421313398,5.776112120833135,0.0
4.26357836570492,2.6391402020056325,0.0
5.3622170568739165,5.034440318870349,0.0
5.442774194079351,5.655386595582713,0.0
3.8489719255022794,5.402630982585524,0.0
3.9974043194664106,4.442706811576104,0.0
4.873461163732711,4.86331880954022,0.0
5.139061646672951,2.6374459336737663,0.0
3.7896030874237896,3.7449481295445697,0.0
4.009621740982476,4.300214002929305,0.0
3.995110870223983,7.024968992108427,0.0
3.54066565855498,4.783411404310685,0.0
8.681381440023229,1.1281499429942279,0.0
8.401760350394387,1.9055103418442076,0.0
3.167181822295854,1.6850540584990588,0.0
5.301197494798404,1.93681140327824,0.0
2.4786089198513586,1.8363839171594591,0.0
2.6866338207166893,2.9018423016603276,0.0
5.88018125124281,1.6513634636677743,0.0
2.352039303646029,3.9282701762486996,0.0
3.5048114141013484,2.3385488450206267,0.0
4.724773354635046,3.8966266326138537,0.0
4.248813075091537,3.116717604810029,0.0
1.8111611277414519,4.148011556481558,0.0
2.0152434289872057,0.5442408326179103,0.0
2.414768859466853,6.280543623293902,0.0
1.2000625160039635,3.281903892768335,0.0
3.4000779382835455,1.382533752193916,0.0
2.898544063572188,2.556932962923891,0.0
2.2474627499533506,3.54796386733188,0.0
2.9278306237502427,1.5776163771666505,0.0
5.393900453128441,3.8547153714554288,0.0
2.289165075668918,2.097290716058958,0.0
2.303795282648189,1.8776170658423037,0.0
3.968793248489551,2.3654080823854664,0.0
3.9166395368216356,4.3074600715365605,0.0
4.4027979417828735,5.921028341664304,0.0
1.6216407379875968,6.423481832827001,0.0
0.8295663455928449,7.414730706264332,0.0
2.873883409141751,6.728074147080528,0.0
2.6318422075994006,9.093016860077958,0.0
2.953341116072146,7.029240950633933,0.0
1.5533059219903775,8.736285507075722,0.0
3.2115621942044634,4.378197903291601,0.0
1.5383851252237373,6.642398353618211,0.0
1.5968092002632392,7.553329923022795,0.0
1.5556697954013994,8.166201262620557,0.0
4.5347114618427895,8.289155628973262,0.0
4.386971712907224,7.127032539786673,0.0
3.5370125376514117,7.484663621213318,0.0
2.7376154011432146,7.754619166978135,0.0
4.672293515800607,8.249002818399967,0.0
4.13573214598558,8.042918110216474,0.0
3.8981601631377103,7.887864789154729,0.0
3.246661153793145,8.315273446245964,0.0
4.473234339061708,3.9582856489261595,0.0
4.393508585081839,6.941522378867455,0.0
5.130246030098441,4.727787204020776,0.0
4.098114783872137,7.8454960454329274,0.0
4.642227625310833,8.14733163932054,0.0
1.4702075300008655,6.508939960828522,0.0
2.1770270068839292,7.99414236425975,0.0
6.80833629884297,1.758206693520856,0.0
2.7493222289684844,3.953987532531436,0.0
3.2105257100552476,1.5641392691977747,0.0
5.674885148816795,3.7387940711225185,0.0
3.5865817237091004,2.2084932856487822,0.0
2.6923404634883337,5.485178823577624,0.0
1.4996577984357364,2.38310389201623,0.0
4.571507970204031,3.0247230881059366,0.0
9.737348764806624,0.5059846690068184,0.0
4.5837155711182485,1.2602067356071174,0.0
2.275150076789302,7.174950323340862,0.0
6.400908640965019,1.9573947571446981,0.0
1.7687056523080582,5.079657402885002,0.0
3.030283991628444,1.7298220183905468,0.0
4.668033759978208,3.0169262066591505,0.0
4.85001451370565,8.099988876818722,0.0
7.750270959587414,2.8232953853677785,0.0
3.5872828477619807,3.6015215578005066,0.0
4.571538821719363,3.978998145543491,0.0
4.743555054983327,3.1397269046850704,0.0
6.4935925036551,1.5720516462065333,0.0
2.777922430426771,2.0659709154249595,0.0
1.4774753976025463,0.8173863696345323,0.0
2.387614879804929,2.6401960640506945,0.0
2.4612837264742025,1.8875603723904362,0.0
9.775729734318084,7.021407068949399,0.0
7.774626433200047,8.657624873231931,0.0
6.907736781646467,7.279967937092152,0.0
7.827031522131913,5.816778019245188,0.0
4.4028263138406825,10.017586457945427,0.0
4.381935469754995,5.987719754947137,0.0
3.2329541742553367,9.59718168663851,0.0
2.5575831133439033,9.806254653619664,0.0
9.592963897410314,8.95209149969492,0.0
3.7567345111514028,9.024336246968769,0.0
3.856711476529806,9.37425716533091,0.0
2.357691424479811,9.461326052841613,0.0
9.811172224161826,7.798013060019056,0.0
6.461937770465355,9.14794392509259,0.0
4.998976859153133,9.88886913635208,0.0
2.736486816647334,3.5515435246369123,0.0
8.031212141940037,8.527628318482568,0.0
6.004588771840231,8.667600330908359,0.0
1.526523266246649,9.209165524904337,0.0
1.0356814201914708,8.540771715669921,0.0
8.3744271900374,8.140592128315268,0.0
7.6631968923723495,7.47013202601911,0.0
4.058800454006145,9.200585047544887,0.0
3.4278694614563032,8.682252822897393,0.0
4.419608851365911,9.60361333356046,0.0
9.55317621532908,2.2551929461359452,0.0
9.169434768857469,2.1336842686286666,0.0
7.98455388083641,1.0131134963779034,0.0
5.759196189897613,2.402708674518099,0.0
4.91642561009507,2.9175910014716484,0.0
5.383312910581142,1.7446231593768333,0.0
3.505777340724822,3.1030030495204497,0.0
1.5753580944155707,2.1874843519184766,0.0
9.489934947864237,1.930695328468611,0.0
9.536879736750851,5.580936801511298,0.0
8.403523538211322,4.348610955980454,0.0
8.02127657732753,3.991049773020465,0.0
8.622697564713729,2.8380238894841963,0.0
10.379019968755975,2.6294801652577595,0.0
8.941290359904077,5.682710935894053,0.0
10.544259634057989,3.9908275582589647,0.0
10.85498229298954,2.5305978624300725,0.0
9.580763956316403,7.072541492989287,0.0
11.917088490298365,1.7095571916704166,0.0
8.47239790080777,1.8428612828549467,0.0
6.6057464126306105,0.45608016333949136,0.0
6.437825223743435,0.7518816892381058,0.0
6.079336342787396,4.482855614850452,0.0
5.142403502054385,1.7831817870043518,0.0
12.506818411558172,1.3694040975511532,0.0
8.148505472386583,4.550983142755449,0.0
7.127870819491521,7.344071089392375,0.0
8.436574236000245,8.31564044476641,0.0
9.142671981728112,6.703151291592762,0.0
9.416175813608874,8.007843161087782,0.0
9.68700776853038,7.169277567807408,0.0
9.804475463552244,6.3996798241219555,0.0
6.522029645899785,4.563161337247882,0.0
4.152825849952668,9.177736125714656,0.0
7.977041356071694,4.927132305318615,0.0
8.945605101774499,6.219348199024942,0.0
9.001685779086632,7.588798129112334,0.0
8.613217514308971,3.5554899711599264,0.0
9.493310424926785,4.909313008951031,0.0
8.509847928395349,7.167276435356021,0.0
9.304700504294821,3.3856564331909005,0.0
11.79094469624584,3.6064115872281852,0.0
7.125575590818161,1.5971758933239872,0.0
9.686785942232907,5.221786182163439,0.0
10.178368430475844,5.617219402178269,0.0
9.755195057556202,6.281657767104729,0.0
8.969028965145771,6.641788384821918,0.0
8.86320011410957,5.110338623657138,0.0
8.904672842517046,4.235027451528154,0.0
9.908544771251751,5.4777231069394565,0.0
9.272639834044442,5.001274148588527,0.0
8.338708910114653,6.983463506330334,0.0
8.807565285193263,9.439082802669558,0.0
8.353323867521517,9.243051464608069,0.0
10.261430923174457,6.750030955894496,0.0
9.558503713915375,5.728364414784841,0.0
7.652414635530425,6.021256916257031,0.0
4.725350863649871,8.359398903424896,0.0
4.949190230579705,9.42456176167828,0.0
5.970316455294399,4.0565858131070085,0.0
8.500504936802987,5.2896044618186435,0.0
8.764333495397034,6.209836036599376,0.0
9.153079915001207,5.0764695138788225,0.0
9.293207605058369,6.247959793363416,0.0
8.952749350066796,6.626004595814282,0.0
9.3914056338716,6.2403708975362235,0.0
8.303227468106257,8.547653759371855,0.0
8.852180873839654,7.076753599488394,0.0
9.105061243596339,8.856933952100755,0.0
9.1466829145966,8.027848787350415,0.0
9.494164843844816,5.237031910928248,0.0
9.01444935848182,7.770454649637866,0.0
11.806029235660132,8.79119317687921,0.0
10.074820556479024,8.343656269883633,0.0
8.405111225708065,9.620826766531255,0.0
9.692950147184854,4.8191942653970825,0.0
8.789756570296612,4.038726890749517,0.0
8.723267157470609,6.152081883566523,0.0
9.294929790323865,7.876298925885876,0.0
8.436523520571024,3.9114924838829905,0.0
9.444650439555708,2.322169703966646,0.0
10.15473605311642,2.611919095501319,0.0
10.461265136494747,9.291913673537705,0.0
8.452591094697231,6.998055929040985,0.0
7.6989733745303415,2.5458952085939854,0.0
2.0675456387629314,1.326441495218727,0.0
11.826072137055155,1.8306860351549439,0.0
12.08960137608583,1.2912943899006086,0.0
9.144073727339272,2.2956910473703678,0.0
6.239767347661121,9.2676079129485,0.0
8.453758933660254,5.631810348244267,0.0
6.285731527831319,3.2964227974540465,0.0
8.076117904880308,3.5159516273107805,0.0
8.905656950654969,2.156253851295051,0.0
9.935525079904169,4.698613647412389,0.0
8.320885284444833,5.1299974195965685,0.0
10.068545110739011,4.0063165060023165,0.0
8.392609948233906,7.501097794595886,0.0
7.9257425624922115,8.15145617301412,0.0
7.479856098284859,6.578526284332194,0.0
9.552029174400488,6.669702438604336,0.0
10.455179503819652,6.040439397285321,0.0
8.692003909541674,7.408124710926544,0.0
10.322175017530416,5.138016430160517,0.0
9.688588172711043,3.7016707335455026,0.0
9.365179123684982,6.079062983213394,0.0
9.262551880151358,6.160272073141612,0.0
7.036004666577257,2.4091600486396056,0.0
9.587490810450127,5.939274299676526,0.0
9.792106753951494,5.952857447507569,0.0
9.527802830939232,6.188392812942982,0.0
10.605469398245312,7.00401648777608,0.0
9.79267170559155,5.645313772429756,0.0
10.853169099360377,4.247108493685904,0.0
9.259987312559197,6.436286607709396,0.0
9.660885897174875,4.9577552526277255,0.0
9.061933433300974,5.2827378844773625,0.0
9.552540345031542,4.632517676639303,0.0
9.913289762681684,6.401684681266369,0.0
10.909253750456918,5.486994955017357,0.0
10.044288384566173,5.50886795657681,0.0
13.074826134880807,5.077892367833213,0.0
9.336694909663068,6.142108970250707,0.0
9.605407220985994,6.088524328887444,0.0
10.531580042868278,6.068801335092914,0.0
9.213658923552254,6.697317586097244,0.0
8.143360205486482,9.670508539300322,0.0
11.267910828005565,8.066264470324532,0.0
10.19818745963716,6.468007160940731,0.0
6.3143858226626515,9.191983511282507,0.0
8.42317043353626,7.387361546059813,0.0
8.025565330129325,6.312720919428049,0.0
7.5264579934739375,3.4393438871956685,0.0
12.133881141714436,5.4912035813902635,0.0
13.457485313836502,4.053581369933183,0.0
12.02447195233713,8.545302664876374,0.0
11.329652499043696,5.357492331900486,0.0
13.760958243890146,7.822802536644967,0.0
11.501543862424615,4.735474979353196,0.0
11.864154151889464,5.195325511446231,0.0
12.479678748536656,7.825003310476806,0.0
12.050411906931593,3.4028674823616853,0.0
8.60747616090952,3.663241660841279,0.0
9.651121857774651,9.932028205153559,0.0
10.717099165797453,5.460115988487279,0.0
11.078777347970808,7.254550713260593,0.0
14.495953820008666,5.910468104318422,0.0
11.21695878404301,3.9145284690750035,0.0
9.028811764788436,6.932220677820821,0.0
8.924762825527374,6.9243451764106085,0.0
9.360343070237354,5.6627908032897105,0.0
7.074908354404714,10.354170165791036,0.0
11.140170844501359,8.056739613735399,0.0
6.288584119419507,7.964413014012764,0.0
7.161431958647472,9.625037371222824,0.0
8.293235222883288,9.015475208459677,0.0
7.338729619146395,8.677645974176443,0.0
7.1242269251779415,8.488239879388045,0.0
7.2321853169185415,9.198857148120554,0.0
7.67713141009082,8.737713507029678,0.0
8.570811865350462,6.728947994497529,0.0
8.120326185639815,6.958535212035706,0.0
8.350454982871415,5.004220795280547,0.0
13.018782766844575,6.904192029729693,0.0
8.87096355504004,7.362341049442491,0.0
8.823518801521367,10.221916470866175,0.0
13.508512925350278,8.918646323791355,0.0
12.374623103434558,6.21186085726944,0.0
10.456458678716384,8.957755088693467,0.0
12.553594927216992,6.3867499920867,0.0
10.082290704274595,8.587695861640318,0.0
9.096776631624563,9.318143602432556,0.0
7.038317973968475,9.211916154466094,0.0
9.112105224057945,8.087183318797567,0.0
13.463950152863736,6.826304332957824,0.0
