78.66264947547378,73.17856128291811,3.700000000000001
78.67953149630829,73.17502787589584,3.6999999999999997
80.14057294394982,72.92058444738295,3.6999999999999997
80.14057294394982,72.92058444738295,3.6999999999999997
80.2869619863964,72.88236820628002,3.6999999999999997
80.28186898471976,72.8836977824338,3.7000000000000006
80.27267146862314,72.88609888081399,3.7
75.18497558560726,71.08479201071002,3.700000000000001
75.18497558560726,71.08479201071002,3.700000000000001
75.18497558560726,71.08479201071002,3.700000000000001
73.78340018783146,72.81374897675451,3.6999999999999993
73.79121663330064,72.80410675710289,3.6999999999999993
73.79071951196352,72.80471999660482,3.7
70.52063504236149,71.8561375312634,3.7000000000000006
70.52063504236149,71.8561375312634,3.7000000000000006
70.52151139703521,71.8547176300429,3.6999999999999997
71.19303358782513,66.59162439745329,3.6999999999999993
71.19978309772304,66.45818056919647,3.7
67.50423644457763,65.73133277944119,3.700000000000001
67.50406131165282,60.86068492509757,3.7000000000000006
71.5647685527496,53.45493011654038,3.7
68.30518131804668,66.60062804426698,3.7000000000000006
68.15332123664388,66.91407945590899,3.7
72.37925550486003,55.34010626605704,3.6999999999999997
78.03304463232627,66.03288333188775,3.700000000000001
78.03027716486757,66.02696505328191,3.7
72.0714446563345,61.976008392713226,3.7
72.04781999927141,62.03304529138771,3.6999999999999993
82.48051674430182,57.68058905538813,3.6999999999999997
82.44470028777297,57.65067730201684,3.6999999999999997
82.95551821611231,54.27957115953591,3.7
82.88061644690943,54.21820750798358,3.7000000000000006
82.70632313573535,54.06467767114026,3.700000000000001
90.72471964633203,55.646416579815174,3.7
90.72471964633203,55.646416579815174,3.7
90.73084980618925,55.66001151080912,3.7
87.4398234090074,52.841584189848625,3.6999999999999997
87.4398234090074,52.841584189848625,3.6999999999999997
87.4398234090074,52.841584189848625,3.6999999999999997
88.68581621236898,59.163172582275806,3.7
88.70138237260375,59.179251805399375,3.7
88.71659977536663,59.19501451328348,3.7
86.31740109051765,56.47627399564118,3.7
86.32015591070576,56.47348927684729,3.6999999999999997
86.55738009084816,57.80301418396977,3.7
83.6532340006138,57.203239364097534,3.7000000000000006
83.68000212067155,57.20976195261672,3.700000000000001
87.75596610325927,57.72812560017002,3.7000000000000006
85.67214673027006,56.06966387693899,3.6999999999999993
85.6702066625626,56.086540466417894,3.7
85.66811624053898,56.10472498348154,3.7000000000000006
79.79503963066185,51.76660179532671,3.7
79.75639424320816,49.12197310515403,3.700000000000001
79.75107261909189,49.116882982868816,3.700000000000001
73.59762415054104,46.36617228007229,3.700000000000001
73.59762415054104,46.36617228007229,3.700000000000001
73.5589813572298,46.33532242447769,3.7
64.89820978951022,45.902493881253235,3.7
64.87992155141272,45.921096423776405,3.7000000000000006
64.87992155141272,45.921096423776405,3.7000000000000006
71.06253504469572,41.489143607343,3.6999999999999993
71.06249012747853,41.489930406419425,3.7
72.74578050587905,43.1839594913883,3.6999999999999997
72.74578050587905,43.1839594913883,3.6999999999999997
72.75083113434535,43.18106680038863,3.7
69.0820594083155,37.4142558275284,3.7
69.51228048129325,37.684695633313154,3.7
68.20983141092162,37.1742168987928,3.7000000000000006
68.20594843093411,37.179630371315696,3.7
68.21003220470229,37.173936961317516,3.700000000000001
68.37614977308333,37.999802381044454,3.6999999999999993
68.34024090443609,37.74129368360822,3.7000000000000006
68.34090349380111,37.73582318443461,3.7000000000000006
64.89458224615355,42.77451172480253,3.7000000000000006
64.8902825977454,42.80607945343344,3.6999999999999993
64.88920452184742,42.81407526029184,3.700000000000001
62.20141035261667,37.671735943352644,3.7
62.20155084828836,37.67262774093752,3.6999999999999997
62.20141035261667,37.671735943352644,3.7
60.87327185237724,43.47135540444169,3.7
60.86809388690064,43.46785753923221,3.7
60.86628107926168,43.46663293532159,3.6999999999999997
59.15175033755932,40.194287163086344,3.7000000000000006
59.15146336257079,40.194099343338635,3.7
59.1512877350641,40.19398439842945,3.7
57.16526297221407,44.581074120091955,3.6999999999999993
57.16983398770045,44.58037295782177,3.6999999999999997
57.18251652864042,44.57588241742364,3.6999999999999997
57.18805952478649,44.57296261340717,3.6999999999999993
56.00434166732276,43.965447502242284,3.7000000000000006
56.00813815064129,43.968212730838864,3.7
56.01051802846752,43.96994615244759,3.7000000000000006
59.406385247915495,45.59163267281838,3.7
59.40830646116978,45.590869002073994,3.6999999999999997
59.39610206941744,45.594307774045205,3.7
57.91044188412569,41.5044960305203,3.7
57.91044188412569,41.5044960305203,3.7
59.87513706948772,44.22977151348443,3.7
59.87513706948772,44.22977151348443,3.7
58.427912575464774,41.40255417445334,3.7
57.13269586427846,39.08522609981971,3.699999999999999
57.03854895535063,38.94242246609733,3.700000000000001
57.00851178026874,38.896901819515016,3.7
52.88616112203718,38.55413888866173,3.6999999999999997
52.88616112203718,38.55413888866173,3.6999999999999997
51.45151438263392,39.95861950328315,3.7000000000000006
51.44901017971143,39.96640066365664,3.6999999999999997
51.44757543064819,39.97497353534055,3.7
48.93155411282678,40.639189732482166,3.6999999999999997
48.89894934727705,40.670361190922456,3.7
47.470397315562714,40.38340153110329,3.7000000000000006
47.50030638370548,40.4184216950342,3.7
49.265760391868824,38.35017010396378,3.6999999999999997
49.265760391868824,38.35017010396378,3.6999999999999997
51.17150825519211,38.44204010818942,3.6999999999999997
51.16155903626559,38.415437152000514,3.700000000000001
51.16281080283105,38.41928756173987,3.7000000000000006
53.79968669782415,38.949251385616726,3.7
53.78610483624015,38.951352022458444,3.7000000000000006
53.8041975455553,38.94863384002667,3.7
47.61960004071095,28.665241677721554,3.7
47.57427892998504,28.63498796190533,3.7000000000000006
47.61960004071095,28.665241677721554,3.7
48.35821481338286,29.158297586373397,3.7
50.17107734850295,32.57966732429821,3.7
50.165070017092006,32.65136014059483,3.7
47.30461531626953,34.60444564591803,3.7
47.33223572762853,34.68845051660656,3.7000000000000006
32.390309256036055,21.315037207614488,3.7
32.583669719978545,20.86515916226176,3.7
35.39341525756194,23.822798908405243,3.7
36.28117193034112,23.069634879205225,3.6999999999999993
36.28392833689761,23.071485610637154,3.6999999999999997
36.28238445615016,23.070449004255657,3.7
35.08755862483683,25.50925256941958,3.6999999999999997
35.07840567242112,25.521440760804467,3.7
35.070444069912845,25.535871694744138,3.6999999999999997
35.05831438802203,25.57130904136259,3.7
34.30537936088264,29.08319932961153,3.7000000000000006
34.30537936088264,29.08319932961153,3.7000000000000006
34.31169532354436,29.09968862664274,3.7
31.151032548935188,27.079751892054276,3.7
31.142314023719262,27.073983582317723,3.6999999999999997
31.093376395315317,27.041605698281735,3.7000000000000006
31.777705089162026,25.96534700325401,3.7000000000000006
31.784283699313786,25.939703474131274,3.6999999999999997
34.187636933648186,21.827610001159346,3.7
34.187054870083976,21.82741766161813,3.7
36.13826870953659,22.442684235580057,3.7000000000000006
36.133476035671,22.44673668367685,3.7
36.083082928209116,22.398860343398127,3.6999999999999997
29.768481369679154,17.338438525908522,3.7
29.756907420609025,17.332760086031122,3.7000000000000006
24.187058810385707,15.00544830164384,3.7
24.19390779237734,15.010431646500935,3.6999999999999997
28.411747362048164,16.275965774964,3.7
28.52113285633851,16.34912425467391,3.7000000000000006
28.573985052422188,16.384562150499782,3.7
19.241507648087637,12.08557491368345,3.6999999999999997
19.243236987418125,12.084049640904148,3.7000000000000006
19.23294565676653,12.094143463246713,3.7000000000000015
16.78946680282652,13.844268976981407,3.6999999999999993
16.794770498575065,13.856742343807072,3.7000000000000006
11.31073095430459,10.719711086056021,3.700000000000001
11.278402495910342,10.70331061133282,3.6999999999999997
11.885297610087862,11.412586706353588,3.7000000000000006
6.319855448311373,9.788921643387422,3.7
6.336805748487081,9.767388787260819,3.7
6.30349474988228,9.809979019002432,3.7
5.480887837107286,6.483482750056152,3.6999999999999997
5.3398832027435095,6.497116819826306,3.7000000000000006
5.4187164593332025,6.493884486210536,3.7000000000000006
4.815756567558411,9.630222055839836,3.6999999999999997
5.430655425895787,9.943483285664012,3.6999999999999997
5.430655425895787,9.943483285664012,3.6999999999999997
6.479473952745878,10.477805600836,3.7
6.447496563719688,10.461514667657173,3.6999999999999997
4.841461092062403,9.64331726792063,3.7
5.8908282034510435,10.177919060383687,3.7
6.830936855863609,10.743141761324983,3.6999999999999997
6.853599348675569,10.607228066496315,3.6999999999999993
6.897254141943024,10.387995062595703,3.7
2.3244913033957757,10.129663986645246,3.7000000000000006
2.3360439715638575,10.123131011131255,3.7000000000000006
2.340880634404723,10.120395902717414,3.7
2.3261917388023754,10.128702399009143,3.7
6.017311237785249,8.424172973438523,3.7
5.691529543888742,8.028455829476139,3.6999999999999993
6.784191700672977,8.012383097601,3.7
6.880761474287403,8.148976194968052,3.7
6.880761474287403,8.148976194968052,3.7
3.8850924473494595,7.971935341553067,3.7
4.476188766773074,7.160182433096906,3.7
3.72637426870342,8.02608071196558,3.700000000000001
3.8850924473494595,7.971935341553067,3.7
4.23474219078194,5.737237825766642,3.7
4.225477981927013,5.744469864306421,3.6999999999999993
4.225477981927013,5.744469864306421,3.6999999999999993
6.380000179520231,5.994832654385525,3.7
6.44383788278988,6.020483494431064,3.7000000000000006
6.461471096569395,6.02800966546967,3.700000000000001
7.063821843511795,3.1142117005906083,3.6999999999999997
7.054396884060007,3.106586302267102,3.700000000000001
7.0325762350682695,3.0888979670664676,3.7
8.078421044389026,4.963958767877963,3.6999999999999997
8.009463005699299,4.958014056408357,3.7
7.991195715883985,4.956439276015132,3.7
12.718999266634562,11.352792960706054,3.7
11.255674989214993,10.474552696941114,3.6999999999999993
12.419586631284776,11.190285839625217,3.7
13.076153784913084,12.048009036307993,3.7
12.57162454440046,11.462293796905556,3.7000000000000006
10.986097883716344,12.617541393874138,3.7
10.986097883716344,12.617541393874138,3.7
9.675904674157913,10.710580532078364,3.7
9.868659375782343,10.772360279262173,3.6999999999999997
10.142734094789084,10.873265036699767,3.7
17.76957674677878,10.97848462414593,3.7
17.877308372595188,11.017947981376649,3.7
17.949274893723093,11.042103776005098,3.7
21.097227129893785,11.513500573612088,3.7
19.71045995882207,12.130541215440894,3.7000000000000006
19.680216591465385,12.126573717634,3.7
19.695637563953362,12.128738560928728,3.6999999999999997
19.01454534317439,13.214343277396964,3.7
19.060234306862743,13.193647325407566,3.700000000000001
26.27352511003103,16.60403629556057,3.6999999999999997
26.27352511003103,16.60403629556057,3.6999999999999997
27.874920137429168,16.717942936875453,3.7000000000000006
27.84770045286649,16.70990402872835,3.7000000000000006
29.771527229022592,23.46657479218732,3.6999999999999997
29.77096588193853,23.46351953380311,3.7
29.625308875308274,21.582184371386987,3.7000000000000006
29.616343029972786,21.594290532852966,3.6999999999999997
29.60590847158176,21.60837982884025,3.6999999999999997
28.721810338696386,21.54548882152511,3.6999999999999997
28.721437807045714,21.545187624564814,3.6999999999999997
28.870992019676404,22.678481826765292,3.7000000000000006
28.872678264833386,22.675902025146133,3.7000000000000006
28.869053741845182,22.68144721543767,3.6999999999999997
36.67769809834778,28.982769671950013,3.7
36.67117077486321,28.992884508674333,3.7000000000000006
36.663649686525204,29.00453929806967,3.6999999999999997
31.90423855132655,25.705118377354655,3.6999999999999997
31.907264803981768,25.74301911027655,3.7000000000000006
31.905537491429637,25.721386279455885,3.7
26.963123370679483,16.193948686699272,3.6999999999999993
26.991004273359664,16.2112254303002,3.6999999999999997
38.62642984092953,22.391333592251918,3.6999999999999997
38.88605961571479,22.57352962161283,3.7
38.88102656728076,22.56999766368921,3.6999999999999997
39.227896652385574,24.89721357105893,3.7000000000000006
39.25075030940203,24.92517326808317,3.7
39.27319189123424,24.95262882271592,3.7
43.88519983773486,28.918200700120103,3.7000000000000006
43.90085567226333,28.927465931895604,3.7000000000000006
37.22686130003983,26.537483191154138,3.6999999999999997
43.72976903897667,26.994896247545945,3.7
43.72894189534689,26.995012777181493,3.6999999999999997
43.72808507969975,26.995133487069726,3.7000000000000006
43.36571518090124,25.758413146240528,3.7
43.4045947315231,25.786096909768375,3.7
43.4045947315231,25.786096909768375,3.7
43.36571518090124,25.758413146240528,3.7
47.82523101098933,35.12811377386154,3.6999999999999997
47.8259916416306,35.15930887844807,3.7
45.646379095467076,33.12083359148919,3.7
45.678707567444924,33.09614258498867,3.7
45.65716091803959,33.112561903245236,3.7
45.77658641681176,34.68393565341565,3.7
45.760857618740815,34.68694651152218,3.6999999999999993
44.464995302968426,35.19559664607678,3.7
44.498035096748026,35.17499816769832,3.6999999999999997
44.49354025408698,35.178485786852335,3.7
47.21662552883737,34.154135648687,3.7
47.22954683630069,34.13476449710668,3.7
47.23570070609519,34.12536351619191,3.6999999999999997
52.83517030345474,33.82620867155846,3.7
52.85626691209227,33.84024179175459,3.7
52.855291406376516,33.83943802286224,3.7
47.2424467458896,28.69176525516382,3.7
48.48333522866824,29.539314999649037,3.7
47.43977849797027,28.83441903759256,3.700000000000001
47.49419142930242,28.873754878812836,3.7
62.1578349837721,35.31670423479739,3.7
62.160071606743756,35.32017710581472,3.7
62.3346710103356,36.59763227491082,3.6999999999999997
65.34639893371661,35.550518481213246,3.7
65.33680112907136,35.554048111333394,3.7
67.6218844229279,37.9939056107253,3.7
67.62187157771112,37.99392351893717,3.7000000000000006
65.50088552646285,39.175966486685375,3.7
65.48174001543192,39.1771710204205,3.7
63.7629843528031,36.30698257629879,3.6999999999999993
63.76079769456914,36.31215096094668,3.7
63.445698333262214,41.619789240168025,3.6999999999999997
64.2360553829986,42.881122741587475,3.7000000000000006
64.23846651170973,42.88570747447673,3.7
63.83253171959545,49.96872415943726,3.7000000000000006
63.831859729064604,49.95706992350114,3.7
63.8323639404829,49.97499879850271,3.6999999999999997
71.24259361866604,52.423198336779976,3.6999999999999993
71.22877932150445,52.4634239262213,3.6999999999999993
63.33534989214082,48.016533463130884,3.7
63.37570701124146,48.153103706065565,3.700000000000001
64.94517173896074,44.621779308559304,3.7
64.88980659465665,44.617514727388745,3.7
64.17689176551394,41.141108613148745,3.7000000000000006
64.19004976609307,41.154774251592194,3.7000000000000006
71.22744450106843,41.65628471534011,3.7
71.2280042008227,41.65063985036409,3.7
71.22744450106843,41.65628471534011,3.7
79.91953293232771,45.48170401099764,3.7
81.53393797516165,48.36102925711391,3.7
81.52836321981229,48.36273767588565,3.7
81.53393797516165,48.36102925711391,3.7
82.11535650048292,48.182849900238516,3.7
82.11535650048292,48.182849900238516,3.7
82.11951040749227,48.18157690935981,3.6999999999999997
79.06328202269594,46.355908993608104,3.6999999999999997
79.05504966285794,46.354110809993436,3.7
73.62558446038548,42.758947491479816,3.6999999999999997
73.61838925299405,42.750752012085954,3.6999999999999993
73.58943108704638,42.717974798645635,3.700000000000001
87.0126813529626,49.40542295554991,3.7
86.96834903051773,49.38188841589629,3.7
85.86571905764279,54.95146443031028,3.6999999999999997
85.86563918506289,54.95205702641283,3.7000000000000006
83.5600265266303,64.47024843741758,3.7
83.567994124902,64.47216585931159,3.7000000000000006
86.73489326516452,64.49971622099334,3.7
86.7344331694737,64.49756258422073,3.6999999999999993
82.90902814612156,61.434634525301966,3.7000000000000006
82.90105995704508,61.445100769333365,3.7
88.21895622308342,61.98967996848087,3.7
88.21895622308342,61.98967996848087,3.7
83.11519751870858,61.69745486588795,3.7
83.14551571136244,61.69697799334468,3.7000000000000006
73.10044923936057,59.47039466235938,3.7
73.10539121932432,59.43396169094978,3.6999999999999993
71.80277776849044,63.25792908003759,3.7
71.80645429482774,63.25006202560238,3.7
71.80645429482774,63.25006202560238,3.7
73.75936579869357,60.18607603662672,3.7
77.55681945798568,67.33246489225611,3.7000000000000015
77.55635391666843,67.33131764624794,3.6999999999999993
77.02594482681947,59.66896158486114,3.7
76.91999922598097,58.513655249670165,3.7000000000000006
