14.850000000000001,5.276582202506836,0.0
13.788449081210642,1.1615509187893578,0.0
9.85,5.60472131374928,0.0
3.3970655135731826,7.1,0.0
6.85,0.7485907472354231,0.0
1.8499999999999999,7.596074205869268,0.0
1.760561749325439,4.010561749325439,0.0
4.734069013250286,10.1,0.0
6.36715859784837,0.0999999999999999,0.0
11.850000000000001,7.6799221090069105,0.0
11.85,0.7179148042849163,0.0
8.664838631780851,5.1,0.0
1.3724779242395706,6.577522075760429,0.0
4.451674837029217,2.566108387656928,0.0
13.502995255246677,1.8960063263377647,0.0
9.850000000000001,7.7090168368109175,0.0
15.356485256429712,10.100000000000001,0.0
13.453328088255901,5.9099842647677026,0.0
0.8500000000000001,6.810193740097516,0.0
8.321214723467776,8.1,0.0
4.4207213695781125,4.670721369578112,0.0
2.1337292470725355,2.2488122587823938,0.0
15.20812613154202,7.383747736915959,0.0
10.369663995799161,2.139327991598322,0.0
8.332084634049913,0.0999999999999999,0.0
4.869523914734726,2.5511902131631823,0.0
9.849999999999998,8.63992313570332,0.0
5.38719847040228,1.6371984704022815,0.0
4.074991979707659,1.8750080202923405,0.0
3.9292338772399367,4.179233877239937,0.0
8.465610967754348,2.48438903224565,0.0
6.126159215029537,7.1,0.0
13.54388248167469,0.0999999999999999,0.0
13.795631215562967,2.572815607781484,0.0
9.850000000000001,4.80625152696136,0.0
11.85,3.6845269673304544,0.0
1.3588561947471698,10.1,0.0
10.850000000000001,8.188398552475347,0.0
0.8500000000000001,4.112890778171799,0.0
2.820243111413831,2.114878444293084,0.0
9.849999999999998,0.670511260953953,0.0
2.9568036395236237,2.575738186031498,0.0
7.722074353164434,10.099999999999998,0.0
4.076057691788424,2.6478846164231524,0.0
13.9106076074769,3.0696961962615497,0.0
13.26297418216391,1.687025817836088,0.0
9.850000000000001,5.636098487803227,0.0
11.250778512123945,0.6992214878760542,0.0
4.85,7.508510238278019,0.0
4.379920142705309,7.629920142705309,0.0
5.307984349768675,5.184031300462652,0.0
13.937584535409442,4.099999999999999,0.0
14.151946122550843,9.449026938724579,0.0
5.382606070297079,8.63260607029708,0.0
4.438572134138586,7.159048089425724,0.0
0.8500000000000001,2.9699291802822185,0.0
4.85,4.711288169645328,0.0
8.602635874093455,6.852635874093455,0.0
1.3944381723408612,10.1,0.0
11.429199997916903,0.5208000020830942,0.0
1.290431426141447,0.0999999999999999,0.0
9.257301060636271,9.100000000000001,0.0
9.85,5.651722724571245,0.0
12.85,5.041475365050361,0.0
5.365628236968199,6.6156282369682,0.0
3.945719183046534,2.1,0.0
10.849999999999998,9.72647242213007,0.0
13.690561874298638,3.360842811447956,0.0
5.348733176663572,3.5961995299907166,0.0
14.092296700755806,3.3422967007558073,0.0
6.53692597247837,0.0999999999999999,0.0
14.498327673269149,3.1275084900962735,0.0
2.8499999999999996,6.715986250748275,0.0
2.187544064448638,9.437544064448637,0.0
5.339741666890059,6.589741666890059,0.0
3.217553052901419,4.555851017633806,0.0
12.849999999999998,3.7053037272930966,0.0
14.85,5.585703726050216,0.0
1.2918278720852938,6.658172127914707,0.0
3.978279808839746,2.1,0.0
3.85,5.06308962032098,0.0
13.444435638989749,7.631478546329916,0.0
2.85,0.48426851044893177,0.0
5.85,4.570356114764493,0.0
4.85,3.506119236051851,0.0
14.850000000000001,5.790368396882938,0.0
0.8499999999999999,1.1538520253445776,0.0
1.135879001789863,9.1,0.0
11.32102651227026,4.1,0.0
5.85,5.021886020297029,0.0
1.8457945185454636,3.1042054814545352,0.0
7.2981421174132235,5.1,0.0
14.32994164638351,4.1,0.0
4.449719814653508,0.5002801853464918,0.0
13.825943835324985,1.5879719176624931,0.0
13.860331122367365,7.099999999999999,0.0
14.38615091357173,0.0999999999999999,0.0
5.85,0.6169223017368194,0.0
10.373697347017213,0.0999999999999999,0.0
14.850000000000001,8.421322786592969,0.0
14.320997759017256,9.62900224098274,0.0
3.331106142101753,7.099999999999998,0.0
1.639632503040814,3.7311024908775576,0.0
10.85,7.688447256376477,0.0
2.4349291265744193,0.684929126574419,0.0
5.623014889938462,6.326985110061538,0.0
8.279802790104554,9.1,0.0
1.8500000000000003,6.57941561189335,0.0
7.971978277970392,7.1,0.0
7.849999999999999,9.522718738649143,0.0
4.85,7.617660334825672,0.0
13.66171133049798,1.88243300425303,0.0
13.916775406297969,1.6333877031489852,0.0
9.411281599417089,8.538718400582908,0.0
7.8500000000000005,7.663485932130801,0.0
12.169626287258712,5.1,0.0
9.85,0.6445634926769098,0.0
2.85,0.5518654030417404,0.0
5.455343163030696,8.310686326061393,0.0
7.850000000000001,5.896502864472607,0.0
13.359509966734365,7.1,0.0
3.416820268715025,0.5777265770949915,0.0
5.85,6.79836374303868,0.0
1.3632744346050003,4.586725565394999,0.0
13.466372863541263,10.100000000000001,0.0
3.8499999999999996,7.50641096457799,0.0
10.5323659493775,7.464731898755001,0.0
14.344220482091913,7.123118071632357,0.0
14.849999999999998,5.698117888840786,0.0
3.2075845572968964,4.742415442703103,0.0
2.3167443487854786,0.09999999999999991,0.0
12.347751335112509,9.100000000000001,0.0
12.369905055788532,10.1,0.0
15.254869168738114,5.1,0.0
11.850000000000001,5.715344302404774,0.0
0.8500000000000001,8.471788104273067,0.0
14.849999999999998,6.7079906874636865,0.0
3.874013766878121,3.5879931165609387,0.0
0.8499999999999999,8.509584957896688,0.0
3.0757413697375644,4.508580456579187,0.0
1.1682233061084302,9.1,0.0
8.289559197255961,6.1,0.0
6.65287502815015,0.0999999999999999,0.0
14.871526169650627,8.078473830349372,0.0
5.348465266041537,8.100000000000001,0.0
12.285591824354412,7.664408175645585,0.0
5.350339491856449,4.100678983712898,0.0
0.85,7.967091479483161,0.0
10.331934583444394,6.618065416555609,0.0
1.276150502306165,6.673849497693835,0.0
11.368695857851748,10.100000000000001,0.0
1.8500000000000003,9.572394138151285,0.0
1.2415488893579556,5.1,0.0
14.366296811328525,1.1,0.0
8.500219195597392,0.7502191955973925,0.0
1.4159863810911615,6.534013618908839,0.0
6.330275404912813,0.09999999999999987,0.0
7.320933514364176,1.5709335143641767,0.0
5.067247636839879,6.317247636839879,0.0
2.7983107234264297,8.574155361713213,0.0
15.464922509449098,4.714922509449098,0.0
9.85,8.13752142504477,0.0
7.334649601859983,7.16140159256007,0.0
7.888983865754804,4.061016134245194,0.0
0.8500000000000001,1.5376018967124006,0.0
13.281732293879902,10.099999999999998,0.0
9.34143490652361,7.5914349065236095,0.0
7.8500000000000005,4.53834601139259,0.0
4.85,2.616472808638526,0.0
15.31149045359038,7.177019092819234,0.0
8.118761149825835,9.1,0.0
15.348060035056946,5.1,0.0
9.338428172918693,2.611571827081309,0.0
5.266996476325595,3.572332158775198,0.0
8.479143722429868,1.2854281387850661,0.0
6.85,2.101995462615252,0.0
3.921854481009917,8.790618160336638,0.0
2.8500000000000005,6.740267560468574,0.0
12.338153585600526,4.5881535856005256,0.0
2.8500000000000005,0.5255131561502903,0.0
13.362969159321487,5.638907477964468,0.0
2.7701460905203086,2.1,0.0
3.6790173767372125,8.557254344184303,0.0
5.85,5.18354910456309,0.0
12.17967619133853,9.77032380866147,0.0
13.645194572571945,0.49759728628597255,0.0
1.3485504175654563,3.607247912172718,0.0
12.850000000000001,0.8104296054773746,0.0
4.85,5.580950649796671,0.0
13.712922856668609,1.5314614283343047,0.0
7.850000000000001,4.634328819425537,0.0
14.38608422564548,8.587971924784839,0.0
3.1866131802311646,4.1,0.0
9.850000000000001,7.186917009402388,0.0
13.804782865053282,10.100000000000001,0.0
5.594987588426095,1.7733498820985405,0.0
3.8500000000000005,6.940326216297314,0.0
12.849999999999998,4.471559261587395,0.0
4.276350286562596,4.526350286562596,0.0
15.388226274260372,4.638226274260374,0.0
12.78115663611035,1.6516325229172386,0.0
3.457905900355878,8.17193726690392,0.0
5.85,4.572926856478677,0.0
4.394825140687687,8.1,0.0
3.6405159093288066,2.5189681813423856,0.0
1.4689620809818518,0.0999999999999999,0.0
4.553752168315389,9.1,0.0
8.734970606928565,7.984970606928565,0.0
1.85,9.584652144033951,0.0
13.582835362447918,3.2335823187760404,0.0
8.200705062527076,0.0999999999999999,0.0
3.978034861370756,10.1,0.0
5.409065814038456,8.1,0.0
7.359429749137786,3.6471487456889333,0.0
9.374372654959512,1.5756273450404872,0.0
9.515095380596776,5.1,0.0
8.78458707058152,7.501880605872281,0.0
1.256232001478823,0.09999999999999988,0.0
9.308100405575182,4.641899594424817,0.0
15.290720444160623,5.1,0.0
12.731042807046117,6.65947859647694,0.0
7.8981688068874725,4.051831193112528,0.0
14.76479265693694,1.01479265693694,0.0
1.366290141279448,9.067419717441101,0.0
4.303710822326682,0.6462891776733174,0.0
14.797270420987505,7.152729579012494,0.0
9.40234152977461,8.54765847022539,0.0
11.181720925965925,1.1,0.0
12.349623916804052,5.099247833608102,0.0
7.301841595913599,1.0036831918271967,0.0
6.261897102508424,10.100000000000001,0.0
8.988087978134889,0.6345219945337224,0.0
2.124263580494821,1.3742635804948216,0.0
5.28029094674168,8.1,0.0
15.849999999999998,9.768310216762774,0.0
10.302774206265036,4.1,0.0
3.0833038479337134,8.922202565289142,0.0
0.8499999999999999,5.061155310889502,0.0
2.0586297494748322,0.0999999999999999,0.0
5.3638174502238885,6.6138174502238885,0.0
4.85,7.486553672416302,0.0
7.8500000000000005,6.26687349567773,0.0
13.85,6.660050640792704,0.0
13.93592726446862,5.728890896702936,0.0
6.623895543613775,7.20955821744551,0.0
14.293644348416116,3.1,0.0
13.531156906173933,0.4405784530869668,0.0
8.850000000000001,5.069459999504163,0.0
9.213478472839627,5.1,0.0
4.8049517591874915,5.577475879593745,0.0
5.85,4.596321442479704,0.0
10.3191688749543,4.1000000000000005,0.0
9.948634737353927,9.001365262646072,0.0
14.849999999999998,5.633133336648745,0.0
3.9097871252945775,2.1,0.0
4.328765071412693,0.6212349285873071,0.0
4.701874338632724,9.1,0.0
6.85,0.985087054531046,0.0
1.85,4.47039233256239,0.0
7.336336958326733,9.586336958326733,0.0
0.85,2.943221969087722,0.0
13.401305619040535,7.1,0.0
15.849999999999998,9.843038637049347,0.0
13.5965771562554,5.2198657343831005,0.0
13.849999999999998,1.5572621892455116,0.0
1.2843641689954257,6.6656358310045745,0.0
1.8500000000000003,2.56966293042794,0.0
13.836063498204114,5.579095247306169,0.0
12.431336867290263,6.937326265419468,0.0
15.344061711045772,4.088123422091544,0.0
14.85,7.765842465687092,0.0
5.209579812352571,6.55319327078419,0.0
0.85,3.3426752833315487,0.0
4.85,8.1070643963491,0.0
3.304269898336487,2.7371903049905386,0.0
1.3581820329923378,9.099999999999998,0.0
8.402720360348615,3.441838918954154,0.0
12.438981234840941,1.546611259095436,0.0
7.235757922279143,0.7142420777208566,0.0
13.50355028292587,2.548816572358043,0.0
11.85,9.529311905608372,0.0
14.13119504205833,9.1,0.0
9.418292347747776,8.531707652252223,0.0
12.270207526975081,3.1957509676299023,0.0
6.85,9.559678771723355,0.0
5.062511777013556,2.0687205574661074,0.0
8.012952339101858,4.324698440598761,0.0
14.413934027761123,5.1,0.0
2.85,0.5457840824154996,0.0
1.2530179582072387,7.6969820417927615,0.0
9.375288052698625,1.5747119473013753,0.0
3.8145125066901016,7.1,0.0
9.715681237329065,5.532840618664533,0.0
1.85,6.6441453694819845,0.0
0.8500000000000001,5.144204029833519,0.0
13.670207005877169,0.5101035029385851,0.0
2.85,0.5641470325217227,0.0
3.85,4.874305585848973,0.0
3.3262794125342543,8.14744117493149,0.0
13.849999999999998,4.9015917600431695,0.0
4.319839562175199,9.589946520725066,0.0
0.85,8.642373091203082,0.0
4.429141184275316,0.5208588157246833,0.0
7.300504642245842,5.45151392673753,0.0
0.85,4.846700302349595,0.0
4.331138859859441,4.581138859859442,0.0
6.374644080659209,0.09999999999999991,0.0
13.85,5.624884415257604,0.0
9.849999999999998,2.5541847059201315,0.0
14.53023601682149,7.539921327726168,0.0
15.305719703756154,5.1,0.0
15.849999999999998,3.2065490009490363,0.0
13.027413898852142,7.688706949426071,0.0
10.392678072784756,3.0146438544304894,0.0
13.850000000000001,2.0355878438686448,0.0
3.1464297602993816,3.9371438082395054,0.0
0.8499999999999999,7.654369939814205,0.0
0.85,8.1901246127895,0.0
10.351861151816887,0.601861151816888,0.0
12.164817568157462,8.785182431842536,0.0
11.878291973303135,4.1,0.0
12.85,3.5625666355055476,0.0
9.721920936230164,5.1,0.0
4.85,4.206949052670973,0.0
0.8499999999999999,7.634200113537423,0.0
14.311896920228335,1.1,0.0
1.3886677967819732,6.5613322032180275,0.0
3.8500000000000005,4.681482443659794,0.0
8.356200058649353,4.631000293246768,0.0
11.582670983436154,0.0999999999999999,0.0
8.645549428991064,0.895549428991064,0.0
11.517813735434029,10.100000000000001,0.0
10.850000000000001,3.5950910636883484,0.0
5.204934048357494,6.454934048357494,0.0
0.8499999999999999,2.919115658832597,0.0
9.389916192730874,9.099999999999998,0.0
4.85,1.489525962205386,0.0
12.850000000000001,3.793797907994439,0.0
2.8500000000000005,9.603795687598868,0.0
11.849999999999998,9.709552897739673,0.0
14.334252812764046,10.1,0.0
11.849999999999998,5.115460640759061,0.0
7.908570238731503,5.687855358097256,0.0
9.85,1.545396574157465,0.0
8.38019818711719,7.1,0.0
8.281936012021156,10.100000000000001,0.0
13.754044485449086,0.647977757275457,0.0
4.340634168886838,4.590634168886838,0.0
1.85,6.594436329599774,0.0
5.373390490580054,2.1000000000000005,0.0
3.3741043920064806,1.116069594670987,0.0
3.343869298876281,1.6061307011237196,0.0
4.85,1.3268932942415421,0.0
12.849999999999998,5.162493539868964,0.0
9.85,0.6510816995709902,0.0
14.406759952309546,3.618919984103181,0.0
3.0530964908780414,1.7328172515203266,0.0
1.2170623754468648,6.732937624553134,0.0
4.85,4.114166898722008,0.0
5.364170129023883,5.071659741952237,0.0
9.854314271627558,9.597842864186221,0.0
13.827028336274388,4.1,0.0
14.677992776015898,9.1,0.0
3.7516235091464,1.1983764908535994,0.0
3.904723439857875,1.1,0.0
0.85,5.914926664375164,0.0
1.3150252288451338,3.774873855774331,0.0
11.38999754082104,3.8600147550737502,0.0
9.935669082994554,9.642834541497276,0.0
0.8500000000000001,1.2178133327413498,0.0
3.338074002446331,7.588074002446331,0.0
9.507862199684741,5.1,0.0
13.808138076653584,1.579069038326792,0.0
13.511479398634501,3.9307396993172508,0.0
6.393933548201634,0.09999999999999992,0.0
5.285349826338763,8.1,0.0
14.573248283701702,8.376751716298298,0.0
6.882732286546213,8.595908464181722,0.0
11.85,4.517684528958368,0.0
0.85,5.347131172205981,0.0
0.8499999999999999,2.9825070700081655,0.0
15.85,8.296433822531082,0.0
15.287656707627526,5.1,0.0
9.836842969536372,7.060528908609118,0.0
5.291516372578933,8.100000000000001,0.0
4.329007621499853,9.59300254049995,0.0
13.427265419706856,0.6772654197068568,0.0
11.849999999999998,9.578701041179375,0.0
7.584382194851878,4.365617805148121,0.0
11.930948959097844,5.180948959097844,0.0
13.850000000000001,2.163409386043549,0.0
1.1158841146316387,7.8341158853683615,0.0
5.343486124996748,1.593486124996748,0.0
10.352334574548161,2.597665425451839,0.0
10.85,2.6263408397467343,0.0
5.221832787787472,7.356334424425054,0.0
5.437429202217092,6.617485840443418,0.0
3.3016345169763373,8.132243655349107,0.0
13.383854815596845,5.7015644467905355,0.0
4.439586163183954,1.8687584895518603,0.0
9.920865593342457,5.241731186684915,0.0
7.467554750605272,7.1,0.0
13.850000000000001,0.9053940606817173,0.0
7.338654776170213,9.099999999999998,0.0
2.2782060684806837,0.5282060684806835,0.0
4.85,7.627655315732263,0.0
3.85,6.328932289403296,0.0
15.589497398708746,3.1,0.0
0.85,5.019075175700141,0.0
14.159805572244004,2.522548606938999,0.0
15.306880520321776,8.643119479678223,0.0
1.85,8.030485331158628,0.0
13.164701436424355,7.538233812141452,0.0
14.275349642992492,3.5253496429924907,0.0
14.355044110149088,1.1100882202981779,0.0
13.502259810210969,7.6507532700703225,0.0
7.3730524939101585,5.669157481730479,0.0
14.660681317212703,9.1,0.0
5.85,8.567897979252042,0.0
1.6266673303881432,3.4883336651940713,0.0
5.5129769330074705,8.1,0.0
14.539995574492789,8.536668141835737,0.0
1.0719903706338385,7.8780096293661614,0.0
9.375572128659279,10.1,0.0
9.849999999999998,5.734904017013128,0.0
13.326584369198454,5.529753107595361,0.0
10.276700823225344,4.673299176774657,0.0
9.85,3.0387827827413343,0.0
1.420077044356352,10.100000000000001,0.0
1.0491766680811063,9.099999999999998,0.0
8.978895403297692,5.1,0.0
14.236495953282168,1.1,0.0
7.683006141585216,5.5165030707926075,0.0
15.849999999999998,4.614288570931825,0.0
8.925870102119545,7.656902576589659,0.0
13.850000000000001,2.163409386043549,0.0
9.466664202115382,5.1,0.0
9.80634690523583,6.012693810471665,0.0
14.849999999999998,7.685931899177555,0.0
6.317800740016384,0.0999999999999999,0.0
5.4124766034469864,4.6624766034469864,0.0
9.337631310037505,10.1,0.0
5.416295158106906,6.666295158106906,0.0
3.3191931561502654,4.630806843849734,0.0
4.194557214460741,3.1,0.0
12.849999999999998,6.7038938118160525,0.0
10.321893973788667,5.515681921366003,0.0
14.980297652532382,3.665148826266191,0.0
7.370151835423281,0.5798481645767184,0.0
13.849999999999998,5.622686657258299,0.0
3.605126153860596,9.100000000000001,0.0
13.917920319764058,7.6339601598820295,0.0
15.32308796415982,0.6269120358401805,0.0
0.85,6.897255603202075,0.0
11.850000000000001,5.646026933414759,0.0
13.993245146180582,5.814867719270872,0.0
8.281793742454482,6.054529161636321,0.0
0.8500000000000001,6.302002709257179,0.0
4.799490293912983,1.675764559130524,0.0
15.333544266130087,4.067088532260172,0.0
15.850000000000001,8.5290755015481,0.0
0.8499999999999999,5.158879711229042,0.0
15.850000000000001,0.4166292075179274,0.0
10.336778657487624,3.1,0.0
3.376959275204989,10.1,0.0
7.279335047652399,10.100000000000001,0.0
11.850000000000001,5.025728119149877,0.0
0.8499999999999999,4.062706871674607,0.0
4.85,1.7981313433134174,0.0
4.85,2.0548574858433777,0.0
7.844966349042845,0.0999999999999999,0.0
4.402069204498434,9.100000000000001,0.0
4.533595189456509,4.783595189456509,0.0
5.356448081625269,4.593551918374729,0.0
4.85,1.6705031411311488,0.0
5.33387438258082,3.1215008232255714,0.0
12.28213064046667,0.0999999999999999,0.0
11.85,9.154212591910433,0.0
6.85,8.522311083266375,0.0
5.85,0.6020749855431786,0.0
11.896295324476753,4.169442986715127,0.0
11.395497710056452,10.099999999999998,0.0
11.85,1.5557518489280073,0.0
4.0507395803768915,3.4996302098115546,0.0
12.10174543927795,9.1,0.0
4.174653060804402,2.658448979731866,0.0
14.364226011865796,8.585773988134202,0.0
13.865318056359094,6.607659028179546,0.0
4.85,2.2885362344798006,0.0
15.389445729126303,5.1,0.0
14.668718620071605,8.87192206989259,0.0
9.483402213777754,8.1,0.0
8.385227788195666,0.6352277881956668,0.0
15.85,8.604747702532995,0.0
9.385966410301565,1.5640335896984365,0.0
13.32474252489618,4.99897009958473,0.0
3.4210662156289495,8.671066215628949,0.0
5.315624388487404,6.565624388487404,0.0
10.850000000000001,8.11129634718488,0.0
15.278824396054757,1.1,0.0
9.597234989909078,1.4736174949545382,0.0
9.849999999999998,5.61073844397527,0.0
11.248801217951604,1.1,0.0
9.850559858044614,6.101119716089228,0.0
5.308799645022544,3.4763989350676328,0.0
5.393894521774979,2.1,0.0
4.85,4.622624509456154,0.0
9.84975225716717,2.0997522571671707,0.0
15.461836305793536,3.7118363057935357,0.0
7.992494758406843,4.813742137610264,0.0
12.792489365426043,6.157510634573956,0.0
12.850000000000001,1.08245335208393,0.0
1.793610473329069,1.6845842900063965,0.0
4.313028903633981,2.710913289098058,0.0
2.3624483916232255,7.587551608376774,0.0
5.860440642676565,4.597389839330858,0.0
3.2920960153574126,10.1,0.0
10.849999999999998,6.588793300516304,0.0
1.9186724509182986,2.743775849693901,0.0
13.850000000000001,6.731558743415786,0.0
5.2942954892347345,7.988590978469469,0.0
3.5487479508416215,0.5337506830527928,0.0
12.850000000000001,6.6102606234018335,0.0
5.558766583158329,9.558246683368335,0.0
15.36579363935306,7.615793639353059,0.0
10.38279536997456,4.1,0.0
12.85,3.6284383443545467,0.0
13.333098099023466,5.549294297070402,0.0
8.33942673272919,0.6105732672708091,0.0
1.441879940647501,8.1,0.0
9.36764961816393,10.1,0.0
7.365236072438567,9.100000000000001,0.0
13.849999999999998,6.055180322427583,0.0
10.553070586154469,0.0999999999999999,0.0
7.335644645420967,5.1,0.0
8.452150660423584,6.500537665105895,0.0
9.704936079695363,8.245063920304634,0.0
4.844728553439247,2.6079071698411274,0.0
15.850000000000001,0.7374118191624582,0.0
15.849999999999998,6.62965543065057,0.0
13.461390774619662,5.9341723238589825,0.0
7.259245385477028,0.9184907709540564,0.0
3.4069584343523127,7.5430415656476875,0.0
5.407917175304565,2.1,0.0
12.486844083623026,4.1,0.0
9.535767096695775,9.1,0.0
13.016878932655125,7.516560533672435,0.0
12.31104561214865,9.63895438785135,0.0
3.1430112675853437,4.1,0.0
10.324974483800755,1.1,0.0
1.122415259759309,0.09999999999999988,0.0
15.849999999999998,0.617233812242393,0.0
3.44169878617931,0.5694337379402299,0.0
7.235757922279143,0.7142420777208566,0.0
2.9593618423745416,4.209361842374541,0.0
3.0817080841796116,10.100000000000001,0.0
9.878361534909391,8.614180767454696,0.0
9.339130223854433,2.0782604477088653,0.0
13.799026611830305,2.6254866940848487,0.0
12.425044236900547,8.675044236900547,0.0
9.85,8.96972798952348,0.0
4.225750196858908,4.1,0.0
9.562174715697607,0.6707249052325356,0.0
12.812115378510079,3.1568269322348805,0.0
12.850000000000001,5.437724977181617,0.0
0.8500000000000001,5.766260095086578,0.0
4.245353916331587,9.1,0.0
3.9503008310392325,2.1,0.0
15.85,9.644439227879296,0.0
3.088109736031993,0.9254064906879952,0.0
7.372069920396415,2.7103496019820734,0.0
13.292924168203527,7.378537915898237,0.0
15.238171048896788,10.099999999999998,0.0
15.85,8.610038490866748,0.0
11.245313154318595,1.1,0.0
12.36793392402759,8.582066075972408,0.0
3.4870138388411154,8.645671279613705,0.0
2.85,8.034320941712554,0.0
2.302894027013542,9.552894027013542,0.0
4.368758516949965,4.6062528389833215,0.0
15.850000000000001,6.52042382373462,0.0
11.85,9.742032612279257,0.0
2.398950499162466,3.1326336661083105,0.0
9.850000000000001,0.5380264176113294,0.0
3.3263321411588915,2.7183392942055415,0.0
12.233937084945165,6.867874169890333,0.0
5.338862155425949,8.1,0.0
15.849999999999998,4.337998824926321,0.0
9.834619862815062,6.0692397256301245,0.0
11.234905489221164,1.3301890215576684,0.0
8.151652314476657,8.1,0.0
12.745140395431623,8.1,0.0
15.294522671748986,10.1,0.0
1.8447604555402013,2.613098861149496,0.0
1.3414984225766295,3.642507887116853,0.0
10.116427751148311,6.632855502296623,0.0
4.413766709495675,9.142511139663783,0.0
4.788524259625459,2.6307378701872715,0.0
14.417694157066926,10.099999999999998,0.0
7.380997593768757,6.161995187537514,0.0
2.811342673583629,8.138657326416372,0.0
3.7286740271866403,6.56966850679666,0.0
4.85,7.018905709005935,0.0
1.3537047760149552,7.596295223985043,0.0
9.85,8.386976038386136,0.0
1.2093039168990183,5.740696083100981,0.0
15.34995899492597,5.1,0.0
14.626596919883472,2.935104620174792,0.0
2.8499999999999996,9.62051141910501,0.0
2.352009135757642,4.097321152323145,0.0
6.366849229668588,0.0999999999999999,0.0
8.836268562994057,5.606865718502972,0.0
11.947177818309338,0.09999999999999988,0.0
14.658019285503997,2.6959903572480024,0.0
8.847421509299387,7.094843018598773,0.0
11.850000000000001,1.6755909005727672,0.0
10.850000000000001,4.084279887476092,0.0
3.8500000000000005,3.539023165416041,0.0
8.85,4.55660312207708,0.0
4.568555352107764,2.662889295784471,0.0
8.678406904842223,5.1,0.0
5.19420014430059,4.444200144300589,0.0
13.85,6.5754806487613955,0.0
1.85,1.0089953764221415,0.0
3.217834635910264,8.691958658977565,0.0
12.170539055190558,0.7794609448094418,0.0
13.614338119148467,5.246507178722702,0.0
10.951695582223213,0.6508477911116063,0.0
1.4456311360282754,2.717475455886899,0.0
14.849999999999998,4.166853624646167,0.0
4.85,3.6803787641469032,0.0
6.85,7.603109550139043,0.0
7.118548012910028,9.646290397417992,0.0
9.371516589187836,10.1,0.0
8.039476028922445,5.6947380144612225,0.0
14.640558136439182,9.495279068219592,0.0
8.127690573113576,2.970515711477374,0.0
14.85,6.573277721548379,0.0
1.1601089731853667,6.789891026814633,0.0
14.381960440946738,4.121306960631158,0.0
15.279672717202446,7.240654565595106,0.0
3.3061048503285395,1.5561048503285397,0.0
8.890895543272766,1.6613433149091497,0.0
14.850000000000001,8.616801455376105,0.0
6.85,9.556777154881381,0.0
15.850000000000001,0.6294206874532788,0.0
8.351832367411003,3.594502897766988,0.0
12.309538687751898,4.1,0.0
2.8499999999999996,0.5985830916516113,0.0
10.267034798815002,5.682965201184996,0.0
14.434248297817087,4.156165531878058,0.0
14.360344971226812,9.334482543159783,0.0
6.85,9.113793079485236,0.0
3.320066976273802,9.629933023726196,0.0
7.952559755330826,0.0999999999999999,0.0
3.8500000000000005,7.588299791479338,0.0
4.747956184043972,5.548978092021986,0.0
6.849999999999999,5.731927196751725,0.0
7.323999922021161,9.1,0.0
9.849999999999998,9.083098583117112,0.0
6.85,9.57255592796129,0.0
4.9091840620351235,5.1591840620351235,0.0
15.435136216760679,1.1,0.0
5.327896136745039,4.144207726509923,0.0
9.850000000000001,1.6324818272865846,0.0
8.234663505280666,7.561345978877331,0.0
9.297186194012657,4.1,0.0
5.355136536502426,5.089726926995144,0.0
1.8500000000000003,7.666705871960939,0.0
12.306543827393352,5.1,0.0
3.8500000000000005,9.568211555688983,0.0
14.203369752830739,7.1,0.0
12.850000000000001,1.2381264988594403,0.0
7.405013082084045,6.1,0.0
4.85,1.5168491686341243,0.0
3.443187588892089,9.100000000000001,0.0
15.607249306169775,4.8572493061697735,0.0
1.9567433244887857,1.439885013266821,0.0
9.441622478882737,1.3251325633517896,0.0
9.139070346309877,9.099999999999998,0.0
9.985685886910453,2.2356858869104532,0.0
12.850000000000001,3.6237479592371753,0.0
9.849999999999998,0.6339478603204012,0.0
8.849999999999998,1.190309210484329,0.0
12.85,6.63642854250617,0.0
10.220740833067081,1.1,0.0
9.498126973573704,8.748126973573706,0.0
0.8499999999999999,3.609149426432167,0.0
10.354997832464665,4.1,0.0
14.198910012543793,3.0999999999999996,0.0
1.46229674908238,7.487703250917621,0.0
13.552896446488328,5.288414214046689,0.0
15.849999999999998,3.5944962456109857,0.0
6.315962546421063,0.09999999999999991,0.0
5.85,4.648818961199882,0.0
1.3574524842614313,6.592547515738568,0.0
13.49684136046681,10.1,0.0
11.850000000000001,9.600407187518652,0.0
2.85,0.20677687857216176,0.0
5.336623098499187,3.559869295497563,0.0
0.8499999999999999,7.1253369595158444,0.0
12.32632911268967,5.147341774620658,0.0
9.845403808379018,2.095403808379019,0.0
4.209929940969577,0.7400700590304239,0.0
13.849367930144222,10.100000000000001,0.0
13.379523599094535,6.1,0.0
14.460616884243276,8.184074673635084,0.0
13.340500273194174,8.1,0.0
8.978656063223433,1.1,0.0
0.8499999999999999,5.073066288474387,0.0
0.8500000000000001,8.787350216302809,0.0
3.2509906888236753,4.02079255105894,0.0
5.16192352690206,6.41192352690206,0.0
5.3334269494066255,2.0337077976264997,0.0
3.364941353763414,1.0701172924731719,0.0
2.028923137754483,1.331615293368275,0.0
1.1887159547315038,3.4225680905369913,0.0
1.4138959264738158,9.1,0.0
1.3243419383185486,2.202632246725806,0.0
0.85,7.003955316384111,0.0
1.85,2.5732063575206654,0.0
3.461830490615119,8.75295762265378,0.0
1.5194502913918964,10.1,0.0
1.392573832120048,9.1,0.0
3.3399699411227965,7.1,0.0
4.369556205455693,7.606518735151898,0.0
5.246784287037952,8.099999999999998,0.0
3.4715236662773177,6.640507888759105,0.0
0.8499999999999999,6.105023877983292,0.0
5.85,4.771021348909329,0.0
5.85,6.492549246777674,0.0
3.4547893170657282,6.634929772355243,0.0
1.3981603000120715,6.551839699987928,0.0
2.7165727120925363,6.388857570697512,0.0
0.8500000000000001,4.004337920262899,0.0
2.1987487119234688,9.448748711923468,0.0
1.3662149928879683,6.583785007112032,0.0
4.059417684958172,2.0999999999999996,0.0
4.85,5.582638946972977,0.0
0.8500000000000001,4.689657215860979,0.0
7.872190367031791,3.6554759175794804,0.0
5.58230229427002,4.9451318038199865,0.0
5.85,4.613267298729192,0.0
1.3300932859425139,3.699533570287431,0.0
1.3419228086372268,5.6080771913627725,0.0
0.8499999999999999,1.768419723906949,0.0
1.0953539106093884,1.6092921787812233,0.0
2.3647706830247324,1.5852293169752678,0.0
0.85,2.940057022976484,0.0
1.2441001863100571,0.09999999999999988,0.0
1.6686050327657698,3.3279075491486547,0.0
3.204449756819905,4.745550243180095,0.0
1.5500267213130017,1.299893114747994,0.0
0.85,1.3148671216062868,0.0
1.6849496879501802,3.35242453192527,0.0
1.9124616588625782,1.9750766822748436,0.0
3.8500000000000005,3.982639907701003,0.0
5.85,6.54821138000578,0.0
4.85,2.5804671966831174,0.0
2.85,1.5074067215505238,0.0
0.85,7.540079052593877,0.0
0.8500000000000001,7.803786422979232,0.0
1.2788125711051366,8.957625142210272,0.0
1.8500000000000003,9.078561167609637,0.0
1.3068803028985836,7.643119697101417,0.0
3.932246651581302,7.1,0.0
5.384494156943042,8.1,0.0
5.5566037745375265,8.1,0.0
1.3155739573661451,9.03114791473229,0.0
5.575346715535831,8.1,0.0
2.756511186477176,8.1,0.0
1.3604758391854799,9.12095167837096,0.0
0.8499999999999999,1.4638860932182955,0.0
2.274794772987881,9.52479477298788,0.0
2.2358735424089877,9.485873542408989,0.0
1.85,8.94010283874397,0.0
2.685777364907286,8.1,0.0
1.2738720767426635,9.523872076742663,0.0
1.36105667914348,9.12211335828696,0.0
4.0845854851765155,8.982707257411743,0.0
2.441884479180926,7.916231041638149,0.0
3.451876238732898,9.032082507511404,0.0
2.7681216297624034,8.1,0.0
4.8500000000000005,7.702630807309296,0.0
1.259147195089802,6.690852804910197,0.0
15.850000000000001,1.3740079358914312,0.0
15.850000000000001,2.9977652904195615,0.0
13.444655769832837,1.1,0.0
6.849999999999999,5.613818467911575,0.0
9.933805057223136,2.183805057223135,0.0
9.139347999463372,1.2404346670244186,0.0
9.416377306996887,1.0557484620020745,0.0
12.41959352553458,2.060232271123098,0.0
9.73050841847894,3.2194915815210576,0.0
10.319837583524826,3.1000000000000005,0.0
7.366177096523503,0.5838229034764967,0.0
7.3283165417679434,0.6216834582320553,0.0
10.356205166566411,1.1,0.0
11.687466559710746,1.0035809829397875,0.0
14.42093210558695,2.245339472065249,0.0
13.791679912667316,1.1583200873326829,0.0
13.574693291712796,4.099999999999999,0.0
13.85,1.1223123438919125,0.0
15.34471700130521,4.594717001305208,0.0
13.125793652113316,2.1000000000000005,0.0
15.850000000000001,0.4740688112569103,0.0
14.797084748170853,2.6793728777437194,0.0
12.816426039845066,2.12238264010329,0.0
9.361407063096223,1.3557035315481119,0.0
11.85,1.359127239587337,0.0
10.309293084057217,5.559293084057215,0.0
9.850000000000001,5.515096319399211,0.0
10.48110962793929,6.731109627939291,0.0
10.350900392661178,5.602701177983528,0.0
10.285835028675784,4.664164971324217,0.0
12.954068332113568,3.308136664227136,0.0
14.354674342742673,2.5766282862866254,0.0
10.56091283928636,5.240608559524239,0.0
10.31582499795394,5.565824997953939,0.0
8.937501871276018,5.1,0.0
6.85,2.640933522090924,0.0
9.85,5.552158130069932,0.0
7.849999999999999,5.46544381247573,0.0
9.36658354994097,3.1000000000000005,0.0
10.337713171742124,6.587713171742122,0.0
10.85,6.585724643524732,0.0
6.85,5.519833558184624,0.0
13.148886043423278,4.42178233052275,0.0
10.319026498849613,4.1,0.0
9.849999999999998,5.410359055729942,0.0
10.19127655005111,4.1,0.0
10.85,5.016000658645809,0.0
8.85,4.425180812664508,0.0
14.667979039935108,3.8580489068180768,0.0
9.84789241811873,7.0936772543561935,0.0
14.787447618375815,2.1625523816241854,0.0
14.77758232975384,2.6362088351230812,0.0
12.788581900041219,4.507872850061829,0.0
14.199428342977159,2.51264291425571,0.0
15.85,6.750972282594924,0.0
14.85723693042517,3.6036184652125858,0.0
12.850000000000001,3.642635693408287,0.0
13.388075627761818,3.0238487444763593,0.0
13.683996336509743,3.1830018317451296,0.0
9.8355633317084,6.071126663416798,0.0
11.849999999999998,4.430781789983741,0.0
14.849999999999998,5.735476347251202,0.0
13.368780312605999,5.1,0.0
15.328089619286569,3.5780896192865685,0.0
14.917565694244285,1.7013485413664289,0.0
15.850000000000001,1.801006568524236,0.0
14.750344289245856,2.6498278553770716,0.0
13.318664638689594,5.0791097591263945,0.0
13.38032307557484,5.120215383716561,0.0
12.998762276287286,7.674381138143643,0.0
14.2937290553951,3.656270944604896,0.0
13.867503481964246,5.056241295089382,0.0
15.849999999999998,0.6811885269098219,0.0
11.85,5.602563335814631,0.0
15.849999999999998,4.128580916346255,0.0
14.697906343538921,2.676046828230538,0.0
15.365089409408817,3.1,0.0
13.388281408183223,3.1765628163664443,0.0
15.850000000000001,9.644511070703492,0.0
14.958445727690332,1.1,0.0
15.849999999999998,9.709891385580843,0.0
14.40131845750796,5.202636915015919,0.0
12.850000000000001,0.9551059034882402,0.0
13.776027570692651,2.563013785346326,0.0
13.885927336518955,1.5461089952215679,0.0
9.889854489176564,0.7799514963921885,0.0
12.353805727809707,2.1000000000000005,0.0
14.03454427231657,1.5077278638417146,0.0
13.808223091334138,1.57911154566707,0.0
15.708121640350154,1.1,0.0
14.274181293073761,3.2516374138524764,0.0
15.104426049644374,2.218360925533438,0.0
11.791438572967309,4.1,0.0
13.850000000000001,2.670637124773236,0.0
15.33895635014989,3.0999999999999996,0.0
15.221895437489533,3.0999999999999996,0.0
14.850000000000001,5.615703060832209,0.0
13.848008749866413,2.599004374933206,0.0
14.231514372156884,2.5605047907189613,0.0
15.850000000000001,4.146138636752002,0.0
15.849999999999998,9.724613115756217,0.0
14.85,5.2256456800772835,0.0
14.850000000000001,5.614622227217985,0.0
14.409090234778514,5.2181804695570255,0.0
14.73664051699681,9.1,0.0
13.349749840184412,7.1,0.0
12.849999999999998,5.155892416519412,0.0
13.920154757997842,7.1,0.0
13.958645039894126,7.1,0.0
12.918465880436411,8.1,0.0
13.85,6.536132935326246,0.0
12.320391421062435,8.100000000000001,0.0
13.343407408631364,10.1,0.0
15.361797425250545,10.1,0.0
11.51212982369535,4.1,0.0
12.825751722823696,7.612124138588153,0.0
13.283637226503672,8.099999999999998,0.0
13.518630571674791,7.099999999999999,0.0
12.85,5.071699536640155,0.0
11.306781922260758,8.64321807773924,0.0
12.850000000000001,5.5419548519990105,0.0
14.849999999999998,7.547377401947632,0.0
12.376085344960845,8.573914655039154,0.0
13.459104176375206,6.636368058791735,0.0
11.849999999999998,5.11407855466828,0.0
15.422580701523401,10.100000000000001,0.0
15.35915724772229,10.100000000000001,0.0
14.305374491130305,10.099999999999998,0.0
14.287042952239757,7.881478523880121,0.0
15.358543533025244,10.100000000000001,0.0
12.720194702403752,4.1000000000000005,0.0
11.849999999999998,9.77599304390191,0.0
12.359615244004715,8.590384755995284,0.0
12.348146035684177,7.096292071368353,0.0
14.898338594535101,7.051661405464902,0.0
12.349665670677535,7.099331341355066,0.0
14.85,5.918816762363234,0.0
14.366953756831597,6.858476878415798,0.0
14.850000000000001,9.508240282607836,0.0
14.85,9.366277694173975,0.0
15.849999999999998,8.52179944365789,0.0
14.85,9.631761864125625,0.0
13.812357267438403,10.1,0.0
11.85,8.692749720172129,0.0
13.312269287087522,8.125153808608317,0.0
11.168275305957204,10.1,0.0
11.343457962493684,10.1,0.0
12.257437593181237,9.099999999999998,0.0
13.876419024910959,8.586790487544521,0.0
12.281554277055406,9.1,0.0
14.32582405893584,9.62417594106416,0.0
14.36480680555004,9.585193194449955,0.0
15.409373009997246,8.337492039988977,0.0
14.849999999999998,8.707917012463623,0.0
14.282581308270228,9.667418691729772,0.0
14.849999999999998,8.53823468899273,0.0
14.435757814497187,8.514242185502814,0.0
15.347584012902175,9.104831974195651,0.0
15.316030272149547,5.1,0.0
14.307980973235157,9.184038053529685,0.0
13.988602386389145,9.530698806805429,0.0
12.372930602576544,10.1,0.0
14.368903363846577,6.7323235469260565,0.0
11.521069471373865,10.1,0.0
13.85,8.508185671078014,0.0
15.26447531411942,7.295174895293528,0.0
14.771151137684328,8.257697724631337,0.0
14.849999999999998,8.511185235560774,0.0
14.849999999999998,6.493147226603989,0.0
12.420225600427518,8.529774399572482,0.0
15.397804488252088,9.004391023495824,0.0
12.304571972764109,9.100000000000001,0.0
14.238994114413925,8.637001961862024,0.0
15.375392477658835,8.1,0.0
14.849999999999998,6.5177725631100625,0.0
14.85,7.70085344636058,0.0
15.353234237086044,9.603234237086044,0.0
14.849999999999998,7.519578041406762,0.0
14.849999999999998,7.508581462659933,0.0
14.850000000000001,5.624483222840015,0.0
15.354526235892788,8.118104943571147,0.0
15.288648938872452,4.538648938872452,0.0
15.33684853366832,4.073697067336642,0.0
14.6261347405467,8.935797889179945,0.0
14.850000000000001,7.598235894936345,0.0
15.347770036323215,5.1,0.0
15.289445897272783,7.857783589091133,0.0
15.320771456949952,3.570771456949954,0.0
15.354960078741543,5.1,0.0
15.297631213163495,5.099999999999999,0.0
14.85,7.578702027216584,0.0
14.850000000000001,7.593367957141965,0.0
14.85,6.585580908138315,0.0
14.359103655279382,9.081792689441237,0.0
14.41547645800376,7.403570625988721,0.0
15.31144912366656,5.1,0.0
14.487502288881098,9.100000000000001,0.0
14.37712284622158,9.57287715377842,0.0
14.85,5.588945272992965,0.0
13.865270588749144,3.607635294374572,0.0
14.376236159534152,10.1,0.0
14.132782169428197,10.1,0.0
14.850000000000001,8.616926465352329,0.0
15.849999999999998,8.530837649310763,0.0
13.904933921558763,7.6274669607793815,0.0
14.960426824933924,3.1,0.0
12.171875030319534,2.4562499393609336,0.0
11.849999999999998,3.579361821329778,0.0
14.580830418895864,8.523056527034711,0.0
14.3462181768946,9.603781823105397,0.0
14.850000000000001,7.577642950511587,0.0
14.850000000000001,7.606017279139575,0.0
14.035879352506125,7.692939676253063,0.0
14.546149057889657,7.534616980703447,0.0
15.2524847551446,5.697515244855401,0.0
14.511339747849643,8.546220084050118,0.0
14.850000000000001,8.548798782351316,0.0
13.894843467711496,9.099999999999998,0.0
14.37164415584226,9.578355844157741,0.0
14.850000000000001,6.465717556532361,0.0
14.34119678420403,9.60880321579597,0.0
15.385404573133115,8.564595426866884,0.0
15.33267911119869,8.617320888801306,0.0
15.849999999999998,8.496192502561732,0.0
14.430105588781869,9.51989441121813,0.0
15.021969300529943,1.9280306994700571,0.0
15.044329073348278,1.0999999999999999,0.0
15.27694089233462,0.6730591076653806,0.0
12.850000000000001,0.9656260020940957,0.0
14.60882655117424,1.47941327558712,0.0
14.282553251614654,1.1,0.0
15.53973750205634,1.1,0.0
15.850000000000001,1.5559621739214382,0.0
14.875076090660954,2.0749239093390446,0.0
15.09167158153744,1.0999999999999999,0.0
14.363517423399777,10.099999999999998,0.0
14.38789016879571,9.17578033759142,0.0
14.820789234862303,2.1292107651376955,0.0
12.355153766682168,1.0896924666356647,0.0
13.487057612617877,1.5543141291273748,0.0
15.85,1.5878146537087336,0.0
15.346634582321041,1.1,0.0
15.480164840849575,1.1,0.0
15.356122499064996,10.1,0.0
14.986448067168812,1.1000000000000003,0.0
15.014735491286768,1.1,0.0
14.791817994866959,2.62909100256652,0.0
14.829912640937527,1.589956320468764,0.0
13.850000000000001,2.1232586605632893,0.0
14.768578067648438,2.1814219323515633,0.0
14.850000000000001,5.572789963164874,0.0
14.85,0.5689279093682493,0.0
13.071990796376149,8.1,0.0
14.455735377008626,9.494264622991373,0.0
14.849999999999998,8.660567462916548,0.0
14.850000000000001,6.610581723147776,0.0
12.21835430280081,10.1,0.0
14.463801086346216,9.486198913653782,0.0
11.412950482395775,10.1,0.0
12.354284000587494,7.595715999412505,0.0
14.0755334432779,8.48723327836105,0.0
14.849999999999998,7.585745035215899,0.0
13.782515722868947,5.49877358430342,0.0
13.900886780025889,5.676330170038834,0.0
13.901183276181428,5.676774914272142,0.0
14.849999999999998,7.533150805659385,0.0
14.849999999999998,4.6355844024617,0.0
15.358342088454856,5.1,0.0
14.389186013972612,8.560813986027389,0.0
12.288395131504938,6.538395131504938,0.0
13.551755435171458,7.1,0.0
11.85,5.588747218581522,0.0
14.360247802092674,10.100000000000001,0.0
14.417426039222121,7.5775246535926275,0.0
13.344429305422196,10.1,0.0
15.364420236961042,10.1,0.0
15.849999999999998,9.799586814450404,0.0
14.248840047022512,9.70115995297749,0.0
14.492072687064795,10.099999999999998,0.0
15.302009364145308,8.647990635854688,0.0
14.56669133049379,10.1,0.0
12.718974056918503,8.534487028459251,0.0
14.938001794737474,9.644000897368738,0.0
14.096793989458899,8.538301502635274,0.0
15.849999999999998,8.48579387546658,0.0
13.85484418762264,10.1,0.0
11.85,9.707149724594714,0.0
13.676897275877636,7.513448637938817,0.0
15.849999999999998,6.662641516203037,0.0
12.211836250800697,9.100000000000001,0.0
14.777293253201966,10.1,0.0
14.064986510899729,9.1,0.0
14.85,8.670587560641488,0.0
15.360815525510247,9.61081552551025,0.0
15.363284700829112,10.099999999999998,0.0
14.850000000000001,8.542204516066711,0.0
15.85,8.528898972958322,0.0
13.515565472524392,8.6836086318689,0.0
11.85,9.7300496380129,0.0
15.850000000000001,8.5160634772222,0.0
15.850000000000001,9.671496513144161,0.0
14.876291964598963,9.613145982299482,0.0
13.163446803933793,2.1,0.0
14.407898403830927,3.0999999999999996,0.0
15.4273288093082,2.1,0.0
14.66297070536283,2.693514647318584,0.0
15.850000000000001,8.615265343396292,0.0
13.350019753649722,3.10003950729945,0.0
15.285975708155926,3.1000000000000005,0.0
15.404723958546441,3.1000000000000005,0.0
14.85,5.61849404638977,0.0
15.363161987084146,4.1,0.0
14.85,6.132554095649686,0.0
15.281512428194247,3.531512428194248,0.0
15.431151894696484,3.2623037893929694,0.0
15.34585350201996,8.08341400807985,0.0
15.345774513002715,5.1,0.0
13.523489811792023,5.215659874528016,0.0
13.798000242167276,2.6259998789163617,0.0
15.341654466797966,4.083308933595932,0.0
15.850000000000001,4.575176251408005,0.0
15.16513223109079,3.1,0.0
15.351881255751724,5.598118744248274,0.0
14.935372444035213,7.014627555964787,0.0
13.660469419600865,5.005234709800433,0.0
1.3450972741579912,0.0999999999999999,0.0
0.8499999999999999,1.1961449838912661,0.0
3.6018500646173077,3.6620374838456726,0.0
1.2851068441591544,5.1,0.0
3.328247783978285,1.3391238919891426,0.0
3.3475496215316065,4.599183207177202,0.0
3.704854783447769,4.1,0.0
2.85,0.45879516075892424,0.0
2.8500000000000005,1.5122739087400163,0.0
4.925641096356305,0.6378205481781527,0.0
5.288473762374487,1.5384737623744877,0.0
2.85,0.48238791673810866,0.0
2.85,0.578879361185186,0.0
4.85,2.5994209101144827,0.0
1.85,0.7826107894746899,0.0
4.974376672720559,0.6621883363602794,0.0
4.896212797833659,0.6231063989168297,0.0
0.8500000000000001,5.225764652906373,0.0
0.8500000000000001,7.938201702614048,0.0
1.1849854249143839,1.4300291501712326,0.0
1.6415983180698954,6.308401681930104,0.0
4.85,3.552118950449617,0.0
4.85,1.0418165237055241,0.0
3.8551881429150385,1.6025940714575198,0.0
0.85,1.6023190408003762,0.0
3.197829319148231,0.9985528794321539,0.0
4.85,2.5845586979527306,0.0
3.3320578545259685,4.1,0.0
3.0790008431362623,4.509666947712087,0.0
1.3627291496638398,4.587270850336161,0.0
4.944220953056181,1.741331429584273,0.0
1.85,9.543940381200136,0.0
2.9240307855736827,4.458010261857893,0.0
3.304683572294014,4.584894524098004,0.0
4.85,4.606489444896132,0.0
1.85,2.4452799998058268,0.0
5.303757783313662,4.553757783313662,0.0
4.85,2.575646654188962,0.0
4.85,5.626960800312116,0.0
5.85,4.655703898051132,0.0
5.346851282359868,3.5905538470796037,0.0
1.85,3.5318303191751124,0.0
5.660526207758185,3.4789475844836315,0.0
1.3429171305492522,3.6354143472537395,0.0
3.0429322640289582,4.497644088009652,0.0
3.3134165677070775,0.6121944774309743,0.0
5.409442958886668,2.0207427214844413,0.0
5.85,4.674773909363873,0.0
4.85,3.555730576422504,0.0
4.85,3.544389337529905,0.0
5.335095162758706,8.1,0.0
5.384849788053332,7.169699576106664,0.0
4.188112587242616,8.930943706378692,0.0
1.1979499526027846,7.752050047397216,0.0
5.85,7.1267299937911766,0.0
5.361898136270017,7.123796272540034,0.0
5.85,5.173401201703001,0.0
2.3756481271769663,5.574351872823034,0.0
1.85,9.532258055650958,0.0
5.85,5.360396252071783,0.0
5.36309832555368,6.1,0.0
5.3530904161650685,7.093819167669863,0.0
5.335445445710095,6.585445445710095,0.0
2.7274021251070195,8.1,0.0
5.4110842213944235,8.1,0.0
3.478147237377433,8.1,0.0
3.477925843411451,8.1,0.0
3.374302429561261,7.608100809853752,0.0
1.8500000000000003,6.786087728245922,0.0
3.3530665677551577,8.1,0.0
5.2480717922856215,6.4980717922856215,0.0
5.426593862713843,8.1,0.0
2.8677262657949454,2.1,0.0
4.85,7.066342574627734,0.0
5.335253312113525,8.1,0.0
1.85,3.0226292074785697,0.0
5.85,4.518893746818497,0.0
5.85,5.021886020297029,0.0
5.849999999999999,6.30731308154321,0.0
5.85,6.598806122014601,0.0
5.383688934544399,6.633688934544399,0.0
5.482565803499421,8.1,0.0
5.2969955980565935,5.206008803886811,0.0
5.401232043514142,4.548767956485857,0.0
5.286525643527524,5.226948712944954,0.0
3.827312721176037,4.1,0.0
5.3029821407871705,5.194035718425658,0.0
5.296431915039593,6.546431915039593,0.0
5.959963547600179,5.045018226199911,0.0
2.998069378191149,3.818455502552919,0.0
7.360804499872328,5.121608999744657,0.0
4.899878180626947,7.149878180626947,0.0
3.3559324625577434,6.6296623127887155,0.0
5.85,4.352504099151045,0.0
4.597638902861847,4.682546300953948,0.0
5.345272729462436,3.585818188387309,0.0
4.85,3.125424554199447,0.0
5.375987084353744,4.574012915646256,0.0
4.85,7.052100934073113,0.0
5.313477855372475,6.563477855372476,0.0
7.85,0.8570210472389209,0.0
8.787678488492181,1.037678488492182,0.0
3.3266685303265824,1.6233314696734182,0.0
3.8500000000000005,4.110350075855154,0.0
2.522869710066302,0.0999999999999999,0.0
1.3947496355773683,0.5552503644226316,0.0
4.381984374192581,1.1639687483851633,0.0
5.85,5.078962638369491,0.0
3.288035940606113,1.2239281187877737,0.0
3.782958220849598,3.0329582208495975,0.0
1.85,3.1043745525343027,0.0
1.358233153966736,5.1,0.0
0.8499999999999999,2.985549592458783,0.0
1.2262862437757482,1.3474275124485042,0.0
1.2730400870868657,1.8308797387394036,0.0
2.3226952102323337,0.5726952102323335,0.0
3.7121073655748162,1.5310536827874082,0.0
2.3430136212148396,1.1139727575703213,0.0
2.85,0.3840367909030756,0.0
3.466837222328941,3.8663255553421174,0.0
1.976223778122698,1.847552443754604,0.0
2.454474958280427,0.0999999999999999,0.0
5.293682005089661,2.1000000000000005,0.0
3.4200054666180257,1.6140010933236053,0.0
5.85,5.1654093568995645,0.0
1.3016200130605966,6.6483799869394025,0.0
1.311450743394614,7.177098513210771,0.0
2.8794827398029548,7.6221120548522165,0.0
1.2701035682452162,7.679896431754784,0.0
2.6081892086615093,8.100000000000001,0.0
1.85,9.595372300166149,0.0
0.8499999999999999,6.764660771993453,0.0
1.4206704537911383,9.099999999999998,0.0
1.2575389664656504,7.69246103353435,0.0
4.85,7.599912935846067,0.0
5.405816591538322,8.1,0.0
4.85,7.060761872787765,0.0
5.268638685741024,6.518638685741024,0.0
4.85,6.974486576577069,0.0
4.85,7.774821369639998,0.0
2.6682046870366207,8.645469791357748,0.0
5.331018330911407,7.581018330911408,0.0
5.394320777384964,8.1,0.0
3.8500000000000005,4.156461114104399,0.0
5.85,7.702429789068946,0.0
5.85,5.148711573722773,0.0
5.307832634345121,6.557832634345121,0.0
5.337275769015038,8.1,0.0
3.2602194794396255,5.992263375327551,0.0
2.5596387449708677,8.1,0.0
7.329120010104889,0.6208799898951106,0.0
0.8499999999999999,2.941478430871842,0.0
4.002635675013036,1.1,0.0
3.924183788718673,1.9516324225626533,0.0
3.882901665618972,1.6164508328094862,0.0
0.8499999999999999,2.411192876716014,0.0
1.3988537691452547,0.0999999999999999,0.0
4.534674548576724,0.4153254514232747,0.0
7.85,0.9016659518779355,0.0
5.85,0.5718934953069377,0.0
1.371929650214979,8.143859300429959,0.0
2.121011528674162,1.7946820382322155,0.0
0.85,1.0123732495670237,0.0
5.85,1.5296752510216514,0.0
3.8500000000000005,3.992585647461446,0.0
5.491620672462037,5.279189663768981,0.0
2.715073906804207,2.4108456511340344,0.0
7.318763453674691,5.037526907349383,0.0
3.3456347979837058,3.1000000000000005,0.0
5.85,4.0799964580875026,0.0
7.381328522530914,0.5686714774690841,0.0
2.314830578244115,0.0999999999999999,0.0
1.3882361375358216,2.8705831747850707,0.0
0.8499999999999999,0.8602125741717948,0.0
0.85,1.3344949758695266,0.0
9.804187392492805,6.531281088739207,0.0
7.2685246951032045,10.1,0.0
3.327411467761908,8.145177064476185,0.0
6.295259270015419,7.1,0.0
2.85,9.660608024855902,0.0
1.6543977679220805,4.110994419805201,0.0
2.2847023078271187,10.099999999999998,0.0
2.529053116477128,9.779053116477128,0.0
5.2785862481695975,8.052390832113065,0.0
5.3468933608918014,9.106213278216398,0.0
3.6957304038599066,8.561432600964975,0.0
3.922509903065498,9.06374504846725,0.0
3.85,7.3993753955734025,0.0
7.332208803836233,10.1,0.0
6.86965534122043,10.099999999999998,0.0
1.85,9.60189472745537,0.0
7.4202252195135525,9.1,0.0
0.8499999999999999,1.663717123449486,0.0
1.2417299602945073,9.1,0.0
1.35560673755064,6.13364042530384,0.0
1.3665610439536522,5.715927307675565,0.0
3.3545107748944334,8.090978450211132,0.0
2.8499999999999996,6.618052818288006,0.0
3.677343327870778,6.1,0.0
3.1330741753550857,7.816925824644914,0.0
7.323966742914331,1.1520665141713375,0.0
7.836897804451267,4.073795608902536,0.0
8.85,1.0406567466077834,0.0
8.358566141326945,1.5743015760191694,0.0
5.424525065991486,2.0006332453446847,0.0
5.38893674066123,2.074042172892514,0.0
4.226043740094746,2.971868779715761,0.0
1.2798766645436053,2.744814996815408,0.0
8.650887447705053,1.5004437238525261,0.0
10.85,2.6029530429635335,0.0
10.354048500994283,4.1,0.0
7.85,5.22968629537489,0.0
9.801081807676361,1.5266227115145412,0.0
9.950328222514521,2.200328222514522,0.0
10.85,2.6202249790872125,0.0
8.71589301056228,0.9658930105622805,0.0
9.613649380992054,1.8636493809920547,0.0
9.695956522966526,4.677021738516737,0.0
9.791270811406596,0.6293645942967017,0.0
7.81279748389301,4.025594967786019,0.0
10.85,0.5888444587106085,0.0
4.333649125202125,2.649052624393625,0.0
5.407667254963883,4.657667254963883,0.0
4.312270711752094,3.1754585764958123,0.0
11.370605213288794,0.0999999999999999,0.0
7.58972985802298,5.20959478703447,0.0
7.330441980265785,8.619558019734214,0.0
9.850000000000001,4.1414021827300775,0.0
9.179262316650256,5.758524633300513,0.0
9.31677411707226,10.100000000000001,0.0
9.321877301744538,8.118748465503641,0.0
10.428681822696648,6.678681822696649,0.0
7.2901019138681615,4.1,0.0
3.393709972743799,6.643709972743799,0.0
7.85,4.669895715493954,0.0
6.85,5.631399442348185,0.0
7.3601163301844315,5.1000000000000005,0.0
7.84301207319967,4.589518109799505,0.0
9.016052415865289,4.350921376202066,0.0
9.151792329808565,7.7982076701914345,0.0
9.34564992817798,4.5782496408899105,0.0
15.849999999999998,0.6833881799819437,0.0
7.355135179415073,0.5948648205849264,0.0
9.890426544592245,5.620213272296121,0.0
10.85,6.571068228944685,0.0
9.849999999999998,5.576221086938784,0.0
9.85,6.622361648123444,0.0
7.416762071553098,4.666762071553098,0.0
8.82566453236802,7.5634967985520305,0.0
8.531775219171799,7.342366958895732,0.0
10.351011789797578,4.598988210202418,0.0
9.440325222619178,8.690325222619178,0.0
9.369636233829342,10.1,0.0
7.320364464850499,10.1,0.0
10.85,6.630831668054045,0.0
10.401658731295694,5.996682537408612,0.0
8.35858473728137,6.9685614470389705,0.0
4.465061165723972,7.17670744381598,0.0
4.41388235493838,9.142588236625587,0.0
4.3589082821940535,3.1025452234840154,0.0
7.263145564322169,4.68685443567783,0.0
8.442773829554842,5.507226170445157,0.0
8.742897887600913,6.885795775201826,0.0
9.85,8.368543952599072,0.0
9.34430834013401,9.100000000000001,0.0
10.420041448408801,6.6700414484088,0.0
7.308545205140819,7.641454794859181,0.0
9.735074550953636,6.7723881735695475,0.0
9.404552312094172,8.545447687905828,0.0
9.365988309607495,8.584011690392504,0.0
10.230281851769686,6.945070462942421,0.0
7.314588222853345,7.0291764457066925,0.0
10.85,9.767876920886518,0.0
9.844281134343564,9.105718865656435,0.0
7.681748529481178,10.100000000000001,0.0
10.462388283600943,4.1,0.0
10.3673342344926,5.1,0.0
10.406944644819292,6.429166065542117,0.0
9.303893906295826,4.646106093704175,0.0
7.185316830581637,3.7646831694183627,0.0
8.234929248284477,1.330141503431046,0.0
15.36188497279679,0.5881150272032079,0.0
12.703741600359644,2.3473274283145393,0.0
7.85,4.6341884156601285,0.0
8.415387547158863,2.534612452841137,0.0
3.662255417653401,1.2964984520990284,0.0
14.003979931444821,0.0999999999999999,0.0
11.54562610826405,0.09999999999999991,0.0
13.825596660720194,1.3146420035678814,0.0
6.85,9.508581118622875,0.0
6.479908229319882,6.625981645863977,0.0
5.099919786600591,4.787520053349852,0.0
8.85,4.051078620574194,0.0
8.50397396918413,2.54867534360529,0.0
10.244848214226288,4.1,0.0
7.85,5.324420201750795,0.0
7.847830057774145,3.1021699422258564,0.0
7.689568773980939,7.5197843869904695,0.0
6.8500000000000005,9.477705481038832,0.0
8.360998629335125,7.610998629335125,0.0
10.278065702191693,5.528065702191694,0.0
10.304512165899217,5.554512165899217,0.0
9.078674969021328,5.557349938042655,0.0
9.849999999999998,5.552548719325449,0.0
10.39810646929844,3.0999999999999996,0.0
8.389244110283139,5.613081370094379,0.0
9.85,5.884851873333836,0.0
5.99263302922741,5.635658257306852,0.0
10.337268116669378,6.58726811666938,0.0
10.386217631407941,8.02756473718412,0.0
9.85,5.7343310510590975,0.0
7.414113196111959,5.66411319611196,0.0
9.849999999999998,6.751463734471457,0.0
10.365474528524384,5.615474528524383,0.0
9.85,5.520433454169531,0.0
9.849999999999998,5.605607146918993,0.0
9.85,5.6377986814367755,0.0
10.258416775775952,5.5084167757759515,0.0
10.281866242252036,5.531866242252036,0.0
10.299840848084443,5.549840848084442,0.0
9.850000000000001,4.169332504345142,0.0
10.85,8.632544739877835,0.0
9.85,5.609086364415333,0.0
9.85,5.655616778262894,0.0
9.85,7.643489003456885,0.0
10.350825766004977,6.599174233995022,0.0
10.332212252853282,10.1,0.0
11.358966679049601,8.1358667161984,0.0
10.500743732975902,7.1,0.0
5.2428747920378225,6.796437396018911,0.0
7.242802325181817,9.492802325181817,0.0
7.85,4.64751991029205,0.0
9.347713387684376,2.1000000000000005,0.0
9.78364355766014,5.967287115320282,0.0
11.189065262949043,4.1,0.0
11.501446538283776,10.099999999999998,0.0
9.876451553239995,5.6132257766199976,0.0
9.134326356349941,7.815673643650056,0.0
13.850000000000001,6.375340570862932,0.0
13.267663602376153,6.808831801188076,0.0
12.328473788369283,6.1430524232614285,0.0
10.383566624265542,3.0328667514689167,0.0
10.849999999999998,2.7197318339253638,0.0
6.85,9.064342642758943,0.0
9.693137653439518,5.786275306879036,0.0
10.85,8.626682761400968,0.0
9.338084105253788,10.099999999999998,0.0
10.850000000000001,6.627877361721287,0.0
7.31653138026174,7.56653138026174,0.0
6.85,7.6388343927439415,0.0
5.056391801174918,9.658721639765016,0.0
7.85,9.64740937961692,0.0
10.353628827916161,10.1,0.0
5.214694357769117,6.441173589442279,0.0
7.2795792807511255,10.100000000000001,0.0
7.179912158800605,10.1,0.0
7.1391516426685335,10.100000000000001,0.0
6.85,7.6382868952478225,0.0
7.3768781504453855,9.626878150445386,0.0
7.85,9.912673456408466,0.0
7.312500810205966,7.562500810205966,0.0
7.8188690735727455,7.1,0.0
6.85,7.60620906503114,0.0
12.689535400347317,2.9059797712301036,0.0
6.85,6.53539803263911,0.0
8.972981979885247,8.222981979885247,0.0
12.403337635503275,10.099999999999998,0.0
10.937386269409622,8.708409153726919,0.0
11.85,4.589635742815637,0.0
11.850000000000001,8.924264154136548,0.0
9.327355847420527,10.1,0.0
5.919453265230416,7.099999999999999,0.0
7.85,9.543956642633688,0.0
9.407157530815754,8.1,0.0
11.231853127050341,2.7389410702569474,0.0
