79.46981568731123,66.58808689777547,3.6999999999999997
79.46981527506351,66.5880873218993,3.7000000000000006
79.13253620963425,71.68846849610699,3.699999999999999
79.13253620963425,71.68846849610699,3.699999999999999
79.99069726322273,74.41073087777367,3.700000000000002
79.99069726309865,74.41073087766284,3.7
79.99069726296094,74.41073087753983,3.700000000000001
81.80008198388194,68.73832709118078,3.700000000000001
81.80008198388194,68.73832709118078,3.700000000000001
81.80008198388194,68.73832709118078,3.700000000000001
79.40416263435068,71.93721912848174,3.7000000000000006
79.4041626229672,71.93721832614989,3.6999999999999997
79.40416249242975,71.93721833597121,3.7
75.69834591394239,71.15088851988534,3.6999999999999997
75.69834591394239,71.15088851988534,3.6999999999999997
75.69834599833446,71.15088828235471,3.6999999999999997
67.55464281133739,62.13125859229461,3.7000000000000006
67.55463348000707,62.13125414580426,3.700000000000001
72.81871058315355,64.8893348165628,3.6999999999999993
72.81870898636956,64.88933408665694,3.7
74.31731595768113,67.79216707158955,3.6999999999999993
74.31731776594702,67.79216903417208,3.6999999999999984
74.31732012414247,67.79217188597445,3.699999999999999
78.41228303860393,67.71849335500173,3.6999999999999997
78.41228385428775,67.7184949663382,3.7000000000000006
78.41228363346038,67.71849464389855,3.7
78.21365585783165,66.5552545981485,3.6999999999999997
78.21365539511396,66.55525443467413,3.700000000000002
56.55569183078548,44.01476632582321,3.6999999999999993
56.55569605582483,44.01476887453765,3.7000000000000006
83.03723408827301,61.34117593612227,3.7000000000000006
83.03723407258457,61.3411759253279,3.7000000000000015
83.03723409293315,61.341175939328814,3.7
83.03723474528427,61.341176388523905,3.7
83.03723474528427,61.341176388523905,3.7
83.03723474495666,61.341176388300156,3.7
83.03723482916836,61.34117638402674,3.6999999999999997
83.03723482916836,61.34117638402674,3.6999999999999997
83.03723482916836,61.34117638402674,3.6999999999999997
83.03724577327826,61.341180574279626,3.6999999999999997
83.03724582457954,61.34118059365809,3.7000000000000024
83.03724587776323,61.34118061374754,3.7
83.03723445491765,61.34117621990523,3.6999999999999984
83.03723446021513,61.34117622308393,3.7000000000000015
83.03723447001919,61.34117622896675,3.7000000000000006
67.23172555965755,50.97313700697139,3.7
67.23172629127687,50.97313758125902,3.700000000000002
67.23172643823193,50.97313853162382,3.700000000000002
85.37386390883445,63.64113210316936,3.7000000000000006
85.37386382741572,63.641132066577775,3.6999999999999993
85.37386381787375,63.641132082663816,3.6999999999999997
6.275931592475834,12.263559260729421,3.7
37.837927010021765,32.664308880033325,3.6999999999999997
37.83792943550962,32.66431049379241,3.6999999999999997
56.77466836549379,32.84003736058189,3.7
56.77466836549379,32.84003736058189,3.7
56.77468591665004,32.84004341679136,3.7
24.594328958578423,19.821307700971662,3.7
24.59433289135959,19.82130940446828,3.7000000000000015
24.59433289135959,19.82130940446828,3.7000000000000015
61.408166571634936,39.69906495281251,3.7
61.40816687392073,39.699065140629145,3.7000000000000024
62.96593821759747,38.30580337284501,3.7000000000000006
62.96593821759747,38.30580337284501,3.7000000000000006
62.965938807040985,38.305803643368144,3.7000000000000006
64.84847223084368,36.65442992387611,3.7
64.8484733874271,36.65443054004815,3.700000000000001
57.531378463311384,32.37998970644506,3.6999999999999993
57.53137911091418,32.37999007210713,3.7
57.531378612995006,32.37998972152745,3.6999999999999997
43.682612350481314,24.355360837590304,3.6999999999999997
43.68261145387729,24.355360310697673,3.6999999999999993
43.6826111068736,24.355360106063927,3.7
14.219156666127652,16.028133591160703,3.7000000000000006
14.21915734034365,16.028133940254964,3.700000000000001
14.219157508897581,16.0281340275285,3.700000000000001
34.45677206722255,23.958493449952638,3.700000000000002
34.45677153175768,23.958493227942284,3.6999999999999997
34.45677206722255,23.958493449952638,3.700000000000002
55.602168438547885,38.856615823164546,3.7
55.60216919600267,38.85661660265447,3.699999999999998
55.60216937671537,38.85661682276555,3.7000000000000006
59.078348789628144,41.43055298924167,3.7
59.0783487185557,41.430553094953254,3.7000000000000006
59.07834839028057,41.430553599571816,3.700000000000001
54.84418055558023,41.939887435879704,3.7000000000000006
54.84418036432335,41.93988720080524,3.7000000000000006
54.8441798270721,41.93988653376559,3.6999999999999993
54.84417958451302,41.93988622981829,3.6999999999999997
50.07755948798013,37.47167415227247,3.7000000000000006
50.07755857655854,37.471673534149296,3.7000000000000015
50.07755790751521,37.47167307506448,3.6999999999999993
40.15404945922399,28.33048473391859,3.7000000000000006
40.154049197362966,28.330484518088873,3.6999999999999997
40.15405052153581,28.33048565193096,3.6999999999999997
53.96539992588197,33.270170498197054,3.700000000000001
53.96539992588197,33.270170498197054,3.700000000000001
25.6580955611973,22.051104570609965,3.7
25.6580955611973,22.051104570609965,3.7
25.65809017652654,22.051101479779668,3.7
29.374031317529788,24.369385765802466,3.6999999999999997
29.37402994952609,24.369384770652665,3.6999999999999997
29.374029151552477,24.369384245092117,3.6999999999999993
41.9683584767302,31.296197157328475,3.6999999999999993
41.9683584767302,31.296197157328475,3.6999999999999993
49.118635224975634,38.06061135196762,3.6999999999999993
49.118632209743666,38.060609471396226,3.6999999999999993
49.118631392525245,38.06060894149827,3.699999999999999
49.274534960809454,39.42450574698146,3.700000000000001
49.27453228686707,39.42450336125696,3.6999999999999997
39.38576383475885,33.53222132782856,3.6999999999999993
39.38576619612061,33.53222310294262,3.7000000000000006
45.56806895511206,34.579683418457655,3.700000000000001
45.56806895511206,34.579683418457655,3.700000000000001
24.049101323666825,21.658649462864233,3.700000000000002
24.049111586869405,21.65865475612449,3.6999999999999997
24.04911008092649,21.658653970596756,3.7000000000000006
5.776507564966487,11.62977170961239,3.7
5.776507385886333,11.629771633168147,3.7
5.77650762469065,11.629771735761715,3.6999999999999997
8.091263172740812,12.528974470712246,3.6999999999999993
8.091265408938806,12.52897534758256,3.7
8.091263172740812,12.528974470712246,3.6999999999999993
5.776749943815062,11.63462327365128,3.7000000000000015
9.592214389008918,13.810733666564223,3.6999999999999997
9.592222278257553,13.810737828793792,3.6999999999999997
20.648445461651626,17.794677148360392,3.7
20.64842680120087,17.794668013701536,3.7000000000000006
31.098306154549167,22.865615957130178,3.6999999999999997
31.09830678444997,22.865616463840237,3.6999999999999997
31.09830729868881,22.865616967443803,3.7000000000000006
33.83173249327059,24.65678030383901,3.699999999999999
33.899937394649896,24.695596171952772,3.7
33.831732203497594,24.656780431190803,3.6999999999999997
27.42931172152481,20.410248945919324,3.7000000000000006
27.429308777424637,20.410247920334452,3.7000000000000006
27.429305082448938,20.410246710810043,3.6999999999999975
27.429294746754895,20.410243570151607,3.7
35.58205653862219,26.10183983273109,3.6999999999999997
35.58205653862219,26.10183983273109,3.6999999999999997
35.58205661668453,26.1018399899535,3.7000000000000006
31.94412667912839,25.537235211847275,3.7000000000000015
31.944126624195395,25.537235200885984,3.7
31.856465728210367,25.443539199352873,3.7000000000000015
35.01880508287767,25.41272345401221,3.700000000000001
35.01880523680253,25.412723486573224,3.6999999999999997
32.94458015405042,21.416849149372382,3.7000000000000015
32.944580154073996,21.416849150643195,3.700000000000001
24.754367777542782,19.70855469651215,3.700000000000002
24.795635817472714,19.70954634909624,3.7000000000000006
24.795632170376432,19.709545246406428,3.7000000000000006
17.798871153035165,17.166160046520375,3.7
17.79887000304796,17.166159399739012,3.7000000000000024
10.232726900012123,14.055032629898589,3.6999999999999993
10.23272476566185,14.055029506022853,3.7000000000000006
6.573885080933504,12.797324810184483,3.7
6.573879933861586,12.797322892501937,3.7000000000000006
6.573878161979729,12.797322346441002,3.7
6.519474691567297,11.483350162394883,3.7000000000000006
6.519474674071168,11.48335019057196,3.7000000000000006
6.519474690339772,11.483349923025358,3.700000000000001
8.174041195577388,15.106204153194955,3.7
8.177036201576806,15.10813123234652,3.700000000000001
8.313606211786135,15.207059028574744,3.700000000000001
8.306894928452762,15.202921007730543,3.6999999999999984
8.299358014365389,15.198014029916976,3.7000000000000015
3.989626820594271,11.350545636163801,3.6999999999999993
4.0015140481584295,11.354159315061468,3.700000000000001
3.9774774721217643,11.346843083154786,3.7000000000000015
0.09392938831309275,9.402937798476946,3.6999999999999993
0.09392933388432016,9.402937762274576,3.6999999999999997
0.0939293550427791,9.402937776347684,3.7000000000000006
2.9032212641598387,8.778334652915984,3.7000000000000015
2.902498228627557,8.78016055757602,3.7000000000000006
2.902498228627557,8.78016055757602,3.7000000000000006
2.921631724608874,8.820131492686183,3.7
2.6564555684815105,8.709110948801472,3.7000000000000006
2.6789860482564034,8.686573137504372,3.6999999999999975
2.6646759878906887,8.69412480327888,3.6999999999999984
5.42483708783887,11.995942021039966,3.7000000000000006
5.38673889565314,11.941095771865264,3.6999999999999997
5.300720874991613,11.82218813568521,3.6999999999999997
1.4721513970047706,10.611660875188296,3.7
1.4721515271935606,10.611660912504842,3.7000000000000015
1.4721515803958662,10.611660927753423,3.6999999999999984
1.4721514152396082,10.611660880415746,3.7000000000000006
5.90953520185399,11.384397911417041,3.7
5.89172727567434,11.382939524346158,3.6999999999999984
0.09392870846982375,9.402937297012715,3.700000000000002
0.09392870346322561,9.40293729497256,3.699999999999999
0.09392870346322561,9.40293729497256,3.699999999999999
2.456337626568635,10.53658792454131,3.6999999999999984
2.4563406713812124,10.536589438217698,3.7000000000000006
2.4563365346273263,10.536587395711534,3.6999999999999984
2.456337626568635,10.53658792454131,3.6999999999999984
1.0755334906383542,10.26381910582113,3.6999999999999997
1.0661326663488078,10.255574372594376,3.700000000000001
1.0661326663488078,10.255574372594376,3.700000000000001
0.09400837370976563,9.402969718698127,3.6999999999999993
0.09400987165471354,9.402970328399142,3.699999999999999
0.09401051665235793,9.402970590910538,3.7000000000000015
5.123765346914998,10.829840995517321,3.6999999999999997
5.123765927401221,10.829841638157175,3.699999999999999
5.123767065701014,10.829842847541867,3.7000000000000006
6.774844312757616,12.127768708977381,3.6999999999999993
6.774845859809627,12.127766429550109,3.7000000000000006
6.774846286184592,12.127765750154571,3.700000000000001
4.983847593960984,9.750914017123293,3.6999999999999993
4.981848353262371,9.740530494178353,3.7
5.479609322647415,9.939415250434767,3.7000000000000006
5.515682906862444,10.048801297349554,3.6999999999999993
5.505392926211114,10.015097773707076,3.6999999999999997
5.390804238897378,11.241783005014037,3.6999999999999997
5.390804238897378,11.241783005014037,3.6999999999999997
3.539757909175195,9.657833582755908,3.7000000000000006
3.528336825704421,9.646342227932628,3.7000000000000006
3.5108186380717576,9.634840741196262,3.700000000000001
1.472156338651728,10.61166228928414,3.7000000000000006
1.472156857710706,10.611662437917325,3.7
1.4721573064460438,10.611662566411997,3.6999999999999997
6.438597097180076,11.462292394548419,3.700000000000001
13.422262327992753,12.394181224132058,3.6999999999999997
13.398757078724435,12.391198156984753,3.6999999999999997
13.41192040343123,12.39282929948964,3.6999999999999997
12.783722765904333,12.56834079122231,3.6999999999999997
12.882719363843512,12.576327657205901,3.6999999999999993
6.6242962212957215,10.469325289349438,3.699999999999999
6.6242962212957215,10.469325289349438,3.699999999999999
6.791945585224818,11.768063322006203,3.700000000000002
6.791933348605722,11.76805800719509,3.700000000000001
20.843572695886373,19.113368940762996,3.700000000000001
20.84357698617161,19.113370795238968,3.7000000000000006
21.388266568720905,18.742698756845936,3.7000000000000006
21.388264725189988,18.742698098984143,3.699999999999999
21.38826014855489,18.74269643533272,3.700000000000001
31.33382188364616,23.57005894178993,3.7000000000000006
31.333821733842388,23.570058917619324,3.7
15.622527308896842,17.713166480840602,3.7
15.62252681818958,17.713166649519202,3.7
15.622527609566152,17.713166207146493,3.6999999999999997
17.445915460871483,18.68483189000363,3.7
17.445911853687182,18.684830065681954,3.700000000000001
17.445906034778975,18.68482712492658,3.700000000000001
13.565701752489748,14.244081102006167,3.699999999999999
13.565727256164065,14.24409417848196,3.7
13.565715984695803,14.24408843894963,3.699999999999999
5.476672322459473,11.180582134395324,3.6999999999999997
5.476673454318156,11.180582588100801,3.700000000000001
5.426992862847706,12.280367451247198,3.6999999999999984
5.426998265855892,12.280369953395423,3.7000000000000006
5.427011773448955,12.280376223410467,3.6999999999999993
11.726259738041461,15.535806568581862,3.700000000000001
11.726260160816057,15.535806783491898,3.6999999999999997
11.726260578670454,15.535806996250761,3.7
9.85346167811741,14.713624923654512,3.7
9.853461133266233,14.713624590039643,3.6999999999999997
9.85346058841471,14.713624256424554,3.6999999999999993
6.640501044493623,10.63915845762021,3.6999999999999984
6.6405021133904745,10.639158787747276,3.700000000000001
6.6405031660941765,10.639159111617392,3.7
5.601557576754067,10.197253531757216,3.7
5.601559931439975,10.197253883470582,3.7000000000000006
5.601559931439975,10.197253883470582,3.7000000000000006
5.601557576754067,10.197253531757216,3.7
24.515034269906927,22.385352389535925,3.7
24.51502523617464,22.38534803141058,3.6999999999999997
37.84123135952608,28.909952945863242,3.6999999999999993
37.84123333729627,28.909953721723095,3.6999999999999993
37.84123206611291,28.909953223787763,3.7
32.765918551275504,27.8085147496281,3.700000000000001
32.76591779900268,27.808514424559785,3.6999999999999997
41.00341419472923,31.973997712606423,3.7
41.00341840642409,31.97399902835494,3.7
41.00341794185824,31.97399888496215,3.700000000000001
34.04017659687123,26.448884659258795,3.6999999999999997
34.040183001573276,26.448887544783133,3.7
34.04018562844944,26.448888740008673,3.6999999999999997
5.983240075748233,10.39734197548497,3.700000000000001
5.983232506850559,10.397339789647868,3.6999999999999997
5.983233176400826,10.397339989535793,3.7000000000000006
5.276535831597171,12.122846685627758,3.700000000000001
5.276558697545222,12.122856576075883,3.7000000000000006
5.327058457721797,12.459818548451528,3.6999999999999984
5.327066912073686,12.459822908714484,3.700000000000001
14.742248449707176,16.815950725549413,3.7
14.742246457999508,16.815949952067243,3.6999999999999997
14.742237265409878,16.815946401873617,3.7
52.492381995678805,30.23621000536145,3.6999999999999997
52.49238362509309,30.236210582574184,3.7000000000000015
25.02401660458506,19.668489084987314,3.7000000000000015
25.024015226034045,19.668488540225848,3.699999999999999
9.84870574445241,13.302146966260707,3.7
9.848709362230963,13.302148476848593,3.699999999999999
21.72690812164426,18.464863422172638,3.7
21.726904994970628,18.46486203966702,3.7
14.587807655484403,16.076306433011563,3.7000000000000006
14.587813065471055,16.076309462310522,3.7000000000000006
14.587814098841859,16.07631003689228,3.699999999999999
61.9248070550225,47.53223018418465,3.7000000000000006
61.924807283576925,47.53223043629781,3.7
61.924806891727016,47.53222999257208,3.6999999999999993
61.42453852624644,48.6181932651464,3.7
61.42453681625454,48.618190951145195,3.7
65.69469851672869,53.41159610281378,3.7000000000000006
65.69469847041529,53.41159587438493,3.6999999999999997
43.3610509955285,33.845704451236564,3.7000000000000006
43.36104740232262,33.845701716543665,3.7000000000000006
4.234623060402987,11.095037985484906,3.7000000000000015
4.234613571691024,11.095034088516774,3.6999999999999997
4.641974231458347,10.650732561955401,3.7
4.641974194570375,10.650732646571617,3.6999999999999993
4.641974231458347,10.650732561955401,3.7
54.142159440119116,36.45544618709715,3.6999999999999997
74.9082844926409,51.31112019994267,3.6999999999999997
74.90828602580741,51.31111847958433,3.700000000000001
74.9082844926409,51.31112019994267,3.6999999999999997
80.89730016601797,58.45500359093023,3.7000000000000006
80.89730016601797,58.45500359093023,3.7000000000000006
80.89730065699605,58.45500435819308,3.7000000000000015
84.04202983634941,62.29207618493066,3.7
84.04202981448353,62.29207616646302,3.7
62.5799968873943,47.7798045280618,3.6999999999999993
62.57999659509833,47.77980455357523,3.6999999999999997
62.57999473778147,47.77980431624433,3.7
82.41672709802421,50.04334734085251,3.7000000000000006
82.41600286346554,50.03016257542483,3.6999999999999997
83.03723045747954,61.34117359530616,3.7
83.0372304422275,61.34117358536303,3.7000000000000006
85.17772523853857,62.80892856391788,3.6999999999999984
85.1784970969832,62.80945783367578,3.6999999999999984
83.03723486191193,61.34117646950445,3.6999999999999997
83.0372348618632,61.341176469469836,3.7
83.037234858348,61.34117645294256,3.7000000000000006
83.03723485943763,61.34117645338092,3.6999999999999993
83.03723482553627,61.34117644004334,3.6999999999999993
83.03723482553627,61.34117644004334,3.6999999999999993
83.03723482115889,61.34117643545784,3.7000000000000024
83.0372348211425,61.34117643545619,3.7000000000000006
71.07950838071702,57.25695808696765,3.6999999999999993
71.0795083974276,57.25695695436787,3.7000000000000006
74.45100465340465,57.33749415826131,3.6999999999999997
74.4510035246318,57.33749677174304,3.7
74.4510035246318,57.33749677174304,3.7
79.72572630318427,73.93968035162479,3.7
78.90417583497141,72.24629939547708,3.699999999999999
78.90417592075525,72.24629968471676,3.699999999999999
82.37156860073898,63.17549449457654,3.7
82.3715648177285,63.175496074198314,3.7
