81.13271191870449,72.66157720453769,3.7000000000000006
81.13271191870449,72.66157720453769,3.7000000000000006
75.76954689571862,75.55273970170107,3.7
75.76954689571862,75.55273970170107,3.7
81.13271191870447,72.66157720453769,3.7
81.13271191870447,72.66157720453768,3.6999999999999997
81.13271191870447,72.66157720453769,3.7
77.86566964357208,73.5144694237454,3.7
77.86566964357208,73.5144694237454,3.7
77.86566964357208,73.5144694237454,3.7
72.43021778385929,74.48300925871254,3.7
72.43021778385928,74.48300925871254,3.7
72.43021778385928,74.48300925871254,3.7000000000000006
69.75586151403148,73.09525098478399,3.7
69.75586151403148,73.09525098478399,3.7
69.75586151403148,73.09525098478399,3.7
71.10282825498388,55.86980233707478,3.7
71.08830035468351,55.86224558323406,3.7
71.21831789379368,65.76785701768898,3.7
69.49565580425826,68.19472332984589,3.6999999999999993
72.04545759251562,61.57505185353848,3.7
72.69218264600939,58.144541071132515,3.7
72.70326316185248,58.13785164400538,3.7
73.98061878495454,57.36669825393116,3.7
73.98061878495456,57.36669825393116,3.7
73.98061878495456,57.36669825393116,3.7
73.98061878495456,57.36669825393116,3.7
73.98061878495456,57.36669825393116,3.7
75.8637990718814,49.152106960196576,3.7
75.83962541337746,49.100968278193676,3.7
77.85199570745215,48.82958150702137,3.7000000000000006
77.85041607866928,48.828860329994896,3.6999999999999993
77.68610672188618,48.75384515261199,3.7
89.95869508462948,56.153747172569766,3.7
89.95869508462948,56.153747172569766,3.7
89.98325227571098,56.17285866421531,3.6999999999999997
88.83729628688427,58.45863134053356,3.7
88.83729628688427,58.45863134053356,3.7
88.83729628688427,58.45863134053356,3.7
90.41187077491657,60.804807024070435,3.7
90.41187077491657,60.80480702407043,3.7
90.41187077491657,60.80480702407043,3.7
85.50794120671367,56.181414407260064,3.7
85.50799858397997,56.181635582833785,3.7
85.51071767275585,56.19211701666378,3.7
85.91606220186026,57.75462277146791,3.7
85.91606220186024,57.75462277146792,3.7
85.91606220186027,57.754622771467936,3.7000000000000006
85.51034747718639,56.19069000170201,3.7
85.51062598937983,56.191763599280904,3.6999999999999997
85.50631982935862,56.175164387175755,3.6999999999999997
76.91765369318631,51.38150621920626,3.6999999999999993
73.36890744541293,46.18357995895187,3.7
73.37732542425456,46.19030031763742,3.7
71.89880068386658,45.00994375369437,3.7
71.89880068386658,45.00994375369437,3.7
71.98170610099274,46.19923980006424,3.6999999999999997
67.70444663855197,48.00632065294889,3.7
67.70540046133253,48.00522805384327,3.7
67.70540046133253,48.00522805384327,3.7
70.59152224094036,40.70555312499018,3.7000000000000006
70.59575793214287,40.7117403175197,3.7
74.26455368692434,43.66014553802046,3.7
74.26455368692434,43.66014553802046,3.7
74.26455368692433,43.660145538020444,3.7
69.12904223440681,37.60457801408566,3.7
69.12932088187905,37.60570678390663,3.700000000000001
68.81464934346252,36.33100749011831,3.7
68.81464934346252,36.33100749011831,3.7
68.81464934346252,36.33100749011831,3.7
68.09328208760394,38.70576791959071,3.6999999999999993
68.29054942056003,37.00830712986899,3.7000000000000006
68.29348014880127,37.004519720073155,3.700000000000001
71.7716354379053,47.19160225050264,3.7
71.65179148993806,47.09080229477312,3.7
71.62184253435636,47.06561242538058,3.7
62.468446663270534,39.366751412953874,3.700000000000001
62.46844666327053,39.36675141295387,3.7
62.468446663270534,39.366751412953874,3.700000000000001
61.43777760714697,43.85269534366609,3.7
61.43777760714697,43.85269534366609,3.7
61.43777760714697,43.85269534366609,3.7
59.508143183810375,40.427539596715334,3.7000000000000006
59.508681841674466,40.42789213818471,3.7
59.511331333569295,40.42962618093795,3.7000000000000006
57.85409034247084,45.48828853597777,3.7
57.8542024667553,45.488208968876144,3.7
57.85447332932104,45.48801675583863,3.7
57.85457773969941,45.48794266277997,3.7
58.73468282922606,44.11413814324652,3.7
58.73518975676494,44.113883248144234,3.7
58.73552890332333,44.113712717269394,3.7000000000000006
60.05117379667288,45.60135480532007,3.700000000000001
60.05099497437572,45.60161135232838,3.700000000000001
60.05204677689957,45.60010238619214,3.700000000000001
59.12433970720794,40.176347419615,3.6999999999999997
59.12433970720794,40.176347419615,3.6999999999999997
59.34921700624437,36.91105230181596,3.7
59.34921700624437,36.91105230181596,3.7
59.34919255223056,36.91103304972279,3.6999999999999993
53.84205030413872,35.364418154701355,3.7
53.84833331501373,35.360751343871065,3.700000000000001
53.86159667478432,35.35301075067135,3.6999999999999993
52.89237837334207,38.36330491337041,3.6999999999999993
52.89237837334207,38.36330491337041,3.6999999999999993
51.08366345154221,39.694576070693316,3.7000000000000006
51.08061175355779,39.67405369578172,3.7
51.08176167847216,39.68178683003465,3.700000000000001
48.89466087344088,39.66734602055057,3.6999999999999993
48.89704649700981,39.664094934271354,3.7
45.86971265774305,39.07124812744301,3.7
45.90141552892235,39.11441248440956,3.6999999999999997
47.1577419788742,38.140789282693945,3.6999999999999993
47.1577419788742,38.140789282693945,3.6999999999999993
50.7114476441969,37.19146062958323,3.7000000000000006
51.494312174188565,38.634975621656835,3.7
51.50343833796357,38.65180325111845,3.7000000000000006
52.66701949046433,36.698894108308565,3.7
52.6859500292658,36.694125912416865,3.6999999999999997
52.66703123958896,36.69889114895658,3.700000000000001
44.87555193768399,26.83347607963038,3.7000000000000006
44.87555193768399,26.833476079630376,3.7
44.87555193768399,26.83347607963038,3.7000000000000006
53.22308078735083,32.619482006487836,3.700000000000001
50.31097912894111,30.910048660301896,3.7
50.138062026766406,32.97367944620631,3.6999999999999993
50.31097912894111,30.910048660301893,3.7
50.31097912894111,30.910048660301893,3.7
42.37386417944186,25.172201318557885,3.6999999999999997
42.34299613579182,25.149886393887,3.7000000000000006
41.27156036389298,28.898312311011978,3.700000000000001
33.585352433781715,26.080148395965388,3.7
33.576459179140464,26.11379234981448,3.7
33.585532315994215,26.07946788594967,3.7
34.116147528217404,22.997537047048233,3.700000000000001
34.101179926170325,22.9773426399006,3.6999999999999997
34.07432653640234,22.941111833886154,3.700000000000001
35.293028595133876,22.962812994050793,3.7
34.051716662952515,30.167071498059457,3.7
34.051716662952515,30.167071498059457,3.7
34.06602704347811,30.20598296022729,3.6999999999999997
31.708582516383203,27.448635484885862,3.7
31.70282476458133,27.444826068160346,3.6999999999999997
33.89480823691603,29.7404206292994,3.7
31.50770492463365,27.01781202588016,3.7
31.50770492463365,27.01781202588016,3.7
33.813066783975025,21.703835459730985,3.6999999999999993
33.813052758421016,21.703830825067715,3.7
33.744137226949135,19.207403232528122,3.7
33.74507440108309,19.207908464715295,3.7
33.74421377445723,19.207444499421367,3.7
33.80324504334337,19.23926835798768,3.6999999999999997
33.803031284006416,19.23915311996155,3.7
29.07276603547158,17.39021518126572,3.7
29.067319274430297,17.38849725729127,3.700000000000001
29.696347845568724,16.46913961801709,3.7
29.86175527908125,16.574923072947254,3.6999999999999993
29.863929273846804,16.576313413589244,3.700000000000001
20.239107528432985,10.163919744760962,3.7
20.24009960345002,10.164657674772783,3.7
20.23406066315894,10.160165761153454,3.7
17.9857601752289,14.62177914322515,3.7
17.9857601752289,14.62177914322515,3.7
11.475776325792582,10.024970085680101,3.7
11.477146615801564,10.025815750983531,3.7
11.477857040873944,10.026254185059864,3.7
11.517133438699947,10.050493350979076,3.7000000000000006
11.516727211116507,10.0502426503461,3.6999999999999997
11.517543557917135,10.050746453307758,3.7
7.98788953207689,9.353483977541504,3.7
8.97730057224102,10.014097488830533,3.7000000000000006
8.972791747458206,10.003579567520203,3.6999999999999997
3.4512802709532275,9.559617982911124,3.7
4.875242567681098,9.660527295966869,3.6999999999999997
4.875242567681098,9.660527295966869,3.6999999999999997
7.466888030547933,10.980845318935891,3.700000000000001
2.667092983159638,8.53558187591308,3.7
2.667092983159638,8.535581875913078,3.7
2.667092983159638,8.535581875913081,3.7000000000000006
5.27839248134644,11.963595454256193,3.7
6.046432375781286,10.971549170854619,3.6999999999999993
6.049687015930626,10.967345282895995,3.7
3.691897776319456,9.356402530909282,3.7
5.159185346610576,7.440024973080082,3.7
5.176799600868756,7.452913425033525,3.700000000000001
3.7410716501057495,9.32859495358601,3.7
9.176279446238883,9.34195617372321,3.7
9.270935696697691,9.380331685519709,3.700000000000001
4.882506943084053,4.811469598691327,3.7000000000000006
4.7911684777837555,4.791489192178775,3.7
4.7911684777837555,4.791489192178775,3.7
4.807050926666576,7.7798183963849805,3.7
4.74720372854076,7.776123957875516,3.7
5.039807650229867,7.794186744942607,3.7
4.807050926666576,7.7798183963849805,3.7
5.032128475084816,6.426026325459353,3.7
5.035131591693691,6.431090798687626,3.7000000000000006
5.035131591693691,6.431090798687626,3.7000000000000006
6.884061783469656,6.78469784513926,3.700000000000001
7.135294016341634,6.971318856711797,3.7000000000000006
7.166723865973981,6.994665663229853,3.7
6.303067748497353,0.3657887212219491,3.7
6.303067748497355,0.36578872122194916,3.7000000000000006
6.303067748497353,0.36578872122194916,3.700000000000001
7.1003539122544055,4.879641884612082,3.7
7.116902026611325,4.8810684589040285,3.6999999999999997
7.121176482232739,4.881436949740511,3.7
11.823842200920572,10.239776609827713,3.6999999999999997
11.845275500366549,10.253004027061055,3.7
12.206258283087521,10.475782134236635,3.7
11.85545523747391,10.259286383652213,3.7
11.861210025859549,10.262837912769712,3.7
10.272144738408796,12.40998794029827,3.6999999999999997
10.272144738408796,12.40998794029827,3.6999999999999997
10.224418267600095,12.38567361162782,3.7000000000000006
10.47112164283278,12.511357049935263,3.7
11.169799250089875,12.867299500522618,3.6999999999999997
18.612441347806666,13.509065941356884,3.7
19.21079783270658,13.07656767004396,3.6999999999999993
19.292871745195626,13.017243795117906,3.7
23.00398836362664,13.047510110889274,3.7
20.8160760077816,12.617742148651772,3.7
20.81077083163847,12.616700061781035,3.7
20.81344241219118,12.617224835877689,3.7000000000000006
20.05296570493868,16.06736600689118,3.7
20.05296570493868,16.067366006891184,3.7000000000000006
21.55654405263077,14.073737118586717,3.6999999999999997
21.55654405263077,14.073737118586717,3.6999999999999997
29.516354768326934,17.40871656555184,3.7
29.500728275392323,17.42071470994043,3.7
29.641214556905226,22.75731862009659,3.7
29.13379857043516,19.9955924243719,3.7
29.303923820913585,22.016135573495802,3.7000000000000006
29.303923820913585,22.016135573495802,3.7
29.30392382091358,22.016135573495795,3.7
28.365130438109794,21.257108219060953,3.7
28.365254559093238,21.257208572582208,3.7
35.288480012353524,27.8249678070609,3.7
36.061329349464984,29.937903774258977,3.6999999999999997
34.18766533513776,24.815389079333713,3.7000000000000006
36.06132934946499,29.937903774258984,3.700000000000001
36.06132934946499,29.93790377425898,3.6999999999999997
36.06132934946499,29.93790377425898,3.7000000000000006
32.47915558869798,23.368944567746716,3.7000000000000006
32.47831296041444,23.36890357284666,3.7
32.47894777622787,23.36893445741502,3.7
27.09620247134389,16.040740161319953,3.7
27.202112343823526,16.08919001996403,3.7
39.353373091906086,22.901468356295034,3.7
39.35337309190607,22.90146835629503,3.7
39.35337309190608,22.901468356295027,3.6999999999999997
41.23031896544792,27.347023732622546,3.6999999999999993
41.23031896544793,27.347023732622553,3.7
41.23031896544793,27.34702373262255,3.7000000000000006
41.23031896544792,27.347023732622553,3.7
41.23031896544792,27.34702373262255,3.7
41.23031896544792,27.34702373262255,3.7
41.23031896544792,27.34702373262255,3.7
41.23031896544793,27.347023732622553,3.700000000000001
41.23031896544792,27.347023732622553,3.7000000000000006
44.87555193768399,26.833476079630376,3.7
44.87555193768399,26.833476079630376,3.7
44.87555193768399,26.833476079630376,3.7
44.87555193768399,26.833476079630376,3.7
47.19922636262122,34.31154164150083,3.7000000000000006
46.51999300098913,35.230502693916435,3.7000000000000006
44.568871581925784,33.15794540104818,3.7000000000000006
44.60612495397812,33.10862875041107,3.7
44.581272674495274,33.141528622752,3.7
43.73904105185852,34.210119031816724,3.7000000000000006
43.733260022789906,34.218148197548174,3.700000000000001
44.50815587280783,36.25726203864146,3.7000000000000006
44.863919004324636,36.51111256563017,3.7000000000000006
44.857144626633755,36.50627878946142,3.6999999999999997
46.16784431398583,35.690515089935616,3.6999999999999997
46.170066319754646,35.687465377501425,3.7
46.19443639196385,35.65401734902102,3.7
50.31097912894111,30.910048660301886,3.6999999999999993
50.31097912894111,30.91004866030189,3.7000000000000006
50.310979128941106,30.91004866030189,3.6999999999999993
50.31097912894111,30.910048660301893,3.7
50.31097912894111,30.91004866030189,3.7
50.31097912894111,30.910048660301896,3.7
50.31097912894111,30.91004866030189,3.7
62.447698896051484,35.766784553511606,3.7
62.45036458171592,35.77092364293465,3.7
62.45741483855161,35.78187078643614,3.7
66.76189629738337,35.02996380079913,3.6999999999999997
65.7877345978992,35.38821556810234,3.6999999999999997
68.81464934346252,36.33100749011831,3.7
68.81464934346252,36.33100749011831,3.7
65.0343802256495,38.56679745816292,3.6999999999999997
65.00040697970196,38.577388937557124,3.7
63.65432944124417,41.247035155419596,3.7000000000000006
63.665417628917126,41.26461609967657,3.6999999999999993
63.67047273543288,41.27263125494702,3.700000000000001
63.67118723656174,41.273764136612485,3.700000000000001
63.67584971869151,41.28115676386956,3.7
64.71362078374206,50.22358607350758,3.6999999999999997
64.72168560191993,50.17882038917547,3.7
64.70830874977689,50.2530717767686,3.6999999999999993
61.072369134282,50.13299944252536,3.7
65.51444390070482,52.31130069055514,3.7
61.0734814161128,50.134217458285534,3.700000000000001
61.072497509814596,50.13314002148438,3.7000000000000006
66.60958471876116,45.50921399886779,3.7
66.62228410553637,45.501626321342776,3.700000000000001
64.92842161302995,41.92163260794983,3.7
64.9285118347932,41.92172631048381,3.6999999999999997
71.15852303498495,42.35139377518933,3.7
71.15924336685703,42.34412885122839,3.6999999999999993
71.15852303498495,42.35139377518933,3.7
77.32920001986611,42.63378133886398,3.6999999999999997
80.87346721398035,46.346282527222115,3.6999999999999997
80.94411812441028,46.420286989799116,3.6999999999999997
80.87346721398035,46.346282527222115,3.6999999999999997
83.84156301905523,48.171019936101864,3.7
83.84156301905523,48.171019936101864,3.7
83.84791936454748,48.16228464297973,3.7
79.5071087485984,44.06622262767745,3.7000000000000006
79.50710874859838,44.06622262767745,3.7
75.8546927465817,45.65506102582686,3.7000000000000006
75.8546927465817,45.65506102582686,3.7000000000000006
75.8546927465817,45.65506102582686,3.7000000000000006
89.55723376018429,51.168930928147894,3.7000000000000006
89.55260252206675,51.169500736734754,3.7
85.50140139714306,56.15620501289132,3.6999999999999997
85.50141097258921,56.15624192393519,3.7000000000000006
81.05660808950687,63.86779470449356,3.7
81.05660808950687,63.86779470449356,3.7
86.57894753234577,63.76975836347011,3.700000000000001
86.57894753234575,63.76975836347011,3.7
87.88555939149519,61.62242220729398,3.7
87.88555939149519,61.62242220729398,3.7
87.88555939149519,61.62242220729399,3.7000000000000006
87.88555939149519,61.62242220729399,3.7000000000000006
78.19448120931725,61.77485243796454,3.7000000000000006
78.19448120931723,61.77485243796453,3.7
72.90727183607305,60.894525650863514,3.7000000000000006
72.90727183607305,60.894525650863514,3.7000000000000006
69.49565580425828,68.19472332984589,3.6999999999999997
69.49565580425826,68.19472332984589,3.7
69.49565580425826,68.19472332984589,3.7
73.98061878495456,57.36669825393116,3.7
79.99069727541132,74.41073088866436,3.700000000000001
79.99069727541134,74.41073088866436,3.7
78.20897069600788,54.11325034314652,3.6999999999999993
78.20897069600791,54.11325034314653,3.7
