13.805836640919988,5.308784204371583,0.0
12.910277231263253,2.4956773314451945,0.0
9.638039773203745,4.460228845196329,0.0
3.3850225105866563,7.979690574986044,0.0
6.0205837717818085,2.272005270298107,0.0
2.147650082464602,7.1743391011116815,0.0
3.682896223840082,4.748361850921163,0.0
3.5594489078618166,9.774449053163918,0.0
4.571782699456681,-0.1865088011856078,0.0
13.196293939241542,6.752892731717297,0.0
12.92611869973801,2.5402419856958307,0.0
8.188402644701318,4.29785905377332,0.0
2.6945710416490734,5.187839032082629,0.0
1.7727566701346442,2.077949048997592,0.0
13.230263369814722,4.249324483939525,0.0
9.904541150322094,6.826060999422182,0.0
13.0864511157192,9.005497754464121,0.0
13.292597067416109,4.455773422746269,0.0
1.0757765990965424,5.347154857834708,0.0
8.335358570388912,6.4143877068196025,0.0
5.666518276231817,4.952138171490415,0.0
2.4069172785314468,3.017417760914333,0.0
14.52281775959069,7.457552511455228,0.0
8.95635822405303,1.8268044849679714,0.0
9.450089244386884,1.171209658758125,0.0
3.82317967395363,2.780750428011398,0.0
8.053799823632636,7.933703591003477,0.0
2.8964221363358553,2.5763376008048335,0.0
3.0426005647462455,2.0822423019700733,0.0
3.586075788757074,3.409604253342638,0.0
8.41780310315926,2.8692128068621217,0.0
6.944007001713136,4.48742178071922,0.0
14.12054135491991,4.468605614017458,0.0
13.563080483654522,3.539782150685655,0.0
9.625263486327126,4.35659646526488,0.0
13.79766482881138,5.134776074018806,0.0
3.606422113066649,8.173107753202475,0.0
9.516917251139976,8.260519870315813,0.0
3.2633290275102715,6.9154509859919795,0.0
3.1775629695454284,3.0602173058211086,0.0
10.385277415260722,2.0747257478548895,0.0
2.307426257257684,3.411054619314568,0.0
7.194838443229616,8.332907871290391,0.0
3.182718479263053,2.5560447898538823,0.0
13.858432278106033,3.6372625620929635,0.0
12.83413972670935,2.084705193646678,0.0
9.499302170416634,5.116547694473917,0.0
10.133341670032166,2.2910164627253065,0.0
2.859933728966873,6.244896793508577,0.0
4.619474636747329,7.449131314525502,0.0
4.3865030673016925,6.372674531577223,0.0
14.15426908055215,3.3447344532678622,0.0
14.497711624177947,8.638831465698747,0.0
5.536855157625983,8.288099632356008,0.0
4.006012236635216,3.753836009254294,0.0
1.3862492760826337,3.909442050379787,0.0
4.152245203511474,2.8100646833563108,0.0
9.710329303742705,7.160613210371538,0.0
1.6908779347739678,9.585285525521329,0.0
12.058709919524638,1.4796654309282655,0.0
2.423928251219804,1.6324820669171682,0.0
8.85304392063176,6.001019345222205,0.0
10.240973340635353,5.571519822258323,0.0
13.238825033927126,5.6480513674244355,0.0
2.4701409565599497,6.730111812178247,0.0
3.2123493415737174,1.5091070595910765,0.0
11.251418212522383,8.859578131731466,0.0
12.283248479966788,2.516695345955567,0.0
5.752631318425544,2.970358084018546,0.0
13.615540638669003,3.8870793985273964,0.0
6.139291839633671,1.6719539076951186,0.0
12.866806972752611,6.13032059978777,0.0
2.981989612687748,6.72277231713122,0.0
2.093468020455934,9.279134731496494,0.0
3.1940321765627706,6.069367384601155,0.0
3.5251840991576895,2.6870480662951035,0.0
12.993624342576595,3.6704308649811805,0.0
15.027576246638947,4.828533020928603,0.0
1.7572632567687791,2.401734255392036,0.0
3.0636432213276272,2.096675234047031,0.0
5.910964141958489,4.749091326955902,0.0
14.155075958986822,7.076045701429826,0.0
3.4804105738893227,0.3179517631942367,0.0
4.664111028495327,4.296220117291645,0.0
4.567498722846433,2.2571265060496817,0.0
14.131368839346832,5.020605940353025,0.0
2.2508196490261643,1.3999434844390846,0.0
1.1712503191902592,8.330250088968981,0.0
10.89866481829692,5.707895035254844,0.0
4.904180865102791,4.94939137692992,0.0
3.1226456479596454,2.8721054880439962,0.0
8.199235217204276,5.255496617665884,0.0
13.831998009532182,3.802309361682412,0.0
5.08806992846627,1.2734996236881941,0.0
13.869375550028861,1.3195796833459235,0.0
13.75437210263238,5.405092481431721,0.0
14.042005286072088,2.2824820331662994,0.0
4.363093809654035,1.95711624957555,0.0
10.646466187576136,0.9521645547556253,0.0
14.434811156167186,8.316137008337488,0.0
14.021957661389232,9.581027410554118,0.0
4.268324976200097,6.857469823885775,0.0
2.043451607440032,3.3084810985771678,0.0
10.521550438676023,5.741713456028959,0.0
2.984335856772268,1.9462142188399798,0.0
5.643361761276856,6.117664051399247,0.0
9.676527065476618,8.11271551428998,0.0
1.372953090143685,7.3223159768884685,0.0
7.684507042797774,7.8187420430847725,0.0
7.810428572327529,8.828668329348972,0.0
3.7055551462893375,8.027529861983142,0.0
13.557384656806656,3.349349930406877,0.0
14.90601443821707,3.0245900981578666,0.0
9.377140770881086,7.373550357109088,0.0
7.165953741378112,8.32439161570783,0.0
13.082523121255264,6.092154875422225,0.0
11.511249304999698,1.7574968103411348,0.0
2.567128734526376,1.868547090172088,0.0
2.997708038004263,8.893321319605443,0.0
5.241277469119169,6.569844528667791,0.0
12.709105375822423,6.652594043709033,0.0
3.6955827695797536,2.3419470152476958,0.0
3.3127303459903055,5.83917334173525,0.0
2.4285545305620313,2.7738406078599547,0.0
13.729111329815675,9.783193932421645,0.0
4.489449110815795,7.880013773767874,0.0
14.941797322334898,6.51864443212955,0.0
14.998818351278278,6.78428002730354,0.0
14.26648673955312,5.8792334350861495,0.0
3.49813657696431,5.988693681058936,0.0
2.041440625101874,2.1476421664664884,0.0
13.411717851172776,8.23543962769377,0.0
10.943524039740511,10.04629019253537,0.0
14.777012971592391,5.4010041548466,0.0
14.822665724606715,6.89043579626152,0.0
0.8374652327997579,6.144475691768631,0.0
15.0115450095275,6.490817426245547,0.0
4.6361799116177576,2.691823932585418,0.0
1.5447384580182872,7.380182863508679,0.0
2.39723373865919,3.765526216297057,0.0
1.0064615864134545,5.215408351369969,0.0
7.976569404835618,4.617167260356907,0.0
6.895895251578673,1.5501561488559605,0.0
14.480824264568433,6.108215258749982,0.0
5.99342321120568,8.299106636889812,0.0
13.880537533263224,8.11003515294466,0.0
5.123544586346786,2.7596613327013286,0.0
1.7298918681060198,5.858976769518519,0.0
11.385660782449778,4.364519010891701,0.0
2.8129021394139615,5.403832636432385,0.0
10.703118894915557,9.304790073361648,0.0
2.460953804641459,9.787479186580859,0.0
3.500107688267031,4.456804758375149,0.0
13.762780510633098,2.32151299500285,0.0
8.287976122257692,2.4534213214428124,0.0
2.793120478399829,4.345385298833389,0.0
5.335802475499571,2.7251317585687063,0.0
6.914029332917943,0.7799585816316934,0.0
3.7543319443894614,6.7937103696784975,0.0
3.448089250307164,9.60906053630682,0.0
14.061282224992297,3.626871748541062,0.0
8.577450107235501,6.213951880694922,0.0
8.881924105250492,7.793990521516997,0.0
10.400719357538318,2.2852266702333197,0.0
1.9781690665539573,0.968675863528378,0.0
13.377752794560385,9.97296643198145,0.0
9.296479046579277,7.010787839096817,0.0
7.552329308756823,7.09611687543349,0.0
4.369187558087066,2.282314461721968,0.0
14.433570107367581,8.11216350711649,0.0
8.139623403768784,8.147496719249931,0.0
13.930597010738056,7.247843066969506,0.0
9.86153234537482,3.921736993539223,0.0
5.202655297766848,3.724315103900719,0.0
8.87153090303148,1.8578905538096069,0.0
8.950464537040459,3.269559331170487,0.0
2.6652995545301916,8.384910050351127,0.0
3.301903087484772,8.057169401667164,0.0
13.693001766587086,4.074087249048256,0.0
3.4089201794351753,1.5854444369173968,0.0
13.624029259817748,4.776108640358188,0.0
2.5005408142812304,2.526792833361063,0.0
3.8699463426251075,8.26595542280709,0.0
4.275511081939628,5.317895202545796,0.0
13.69600049690028,9.167428882215383,0.0
11.468786931638741,2.4719003814275045,0.0
2.8071362290539215,5.1915049125145405,0.0
12.612460865895084,2.4825541976527252,0.0
4.126615564694744,4.211589583789594,0.0
13.347441146963318,1.844273601442337,0.0
7.641080173489174,5.006531698721718,0.0
14.15537632902605,7.876197274983223,0.0
3.565889564639725,2.183313539550552,0.0
9.858146102831041,6.111381625460308,0.0
14.223452158514263,9.731710663746775,0.0
5.494117973037749,2.00374700537342,0.0
5.701204049578535,7.283648194249994,0.0
13.087870326304024,5.127060054158174,0.0
4.196144739973123,5.086203871172781,0.0
13.861640637544465,3.3848959980136115,0.0
10.824682119634787,3.1774197283831134,0.0
3.357980147822424,8.115505751562926,0.0
4.7328596105339376,4.110138745822612,0.0
3.826684032966126,7.196360799961753,0.0
3.5428761582199537,2.8511727751327083,0.0
1.474001318014243,1.3237914443340082,0.0
4.47140311524011,10.001351852889039,0.0
9.054764682815653,9.827081631794764,0.0
2.5078775881329083,9.502729423859412,0.0
14.415851667618282,2.8106857204739573,0.0
8.18733566972958,1.0812676426817076,0.0
3.3761168194639097,8.60456834661708,0.0
4.478982395713486,8.751163769263162,0.0
5.754124731701255,3.552073844492987,0.0
9.33642458352349,3.693814235494494,0.0
8.277993505677715,6.178970141821191,0.0
9.347604139697442,5.419374944034412,0.0
1.840341426536143,1.9985830247272185,0.0
9.028859688491856,8.751832134995468,0.0
15.104280690272962,5.7956254813347,0.0
13.926540342842713,6.285891922933445,0.0
10.125777709854857,6.31511626993271,0.0
14.797010112329822,3.3278170078993954,0.0
2.7951598279692718,9.139622281945813,0.0
3.5168943557929047,2.0375495173991247,0.0
13.365324289611154,6.751162815110371,0.0
10.56389484630217,8.490607956764908,0.0
11.296996934550075,2.029573520793205,0.0
13.177394594903964,5.071736840639057,0.0
9.964586767618382,0.9445050795592919,0.0
5.541839995940133,8.920164304573504,0.0
8.887945130429511,1.1011534877830156,0.0
2.011172341751747,1.6520956715554636,0.0
4.5554579062438085,6.79887015963588,0.0
14.877135916967461,7.439917092338747,0.0
10.939615977988781,4.347840831598716,0.0
2.5093232541471853,8.812276314200089,0.0
2.470114546926318,2.2567006329500603,0.0
4.156485990496834,1.5402694206799519,0.0
2.8279995983148707,5.7549683513951955,0.0
3.10456202332699,6.277183182536534,0.0
6.933110652703513,7.036147005400541,0.0
12.877986705848693,3.787692781493922,0.0
13.346925299972414,4.843919387633364,0.0
7.717918210565843,6.454707197213173,0.0
14.7203845070682,4.644513300148059,0.0
12.168553760238021,2.30678172233452,0.0
7.544297367996505,2.974271792725294,0.0
8.98646808866603,6.600935393062686,0.0
3.709718224321941,4.425730178800637,0.0
7.081186036536776,3.8613645306099644,0.0
10.987492521243766,3.3552649382987076,0.0
8.976312050531629,8.861944906799677,0.0
14.195734270559607,4.601862010928358,0.0
2.8038104920534153,2.254068469846794,0.0
3.5357461914744315,3.1207342607531325,0.0
2.9205798250011026,7.387329764115736,0.0
7.542933289181495,2.081029328924173,0.0
2.294273419656467,4.7801351072557425,0.0
6.3995779328560705,8.074855863874323,0.0
1.2650885810560155,0.6226169500185623,0.0
13.94664445998928,7.175473507006979,0.0
15.331782757710158,8.950177425669699,0.0
13.484157077624374,4.9684339498272365,0.0
14.542918589471789,3.7691714764171755,0.0
1.6396891663043125,5.664274832767336,0.0
2.555797469922897,4.095643930764738,0.0
13.247755525087891,4.61514658230201,0.0
12.892084724462288,8.564671923724594,0.0
14.91219301077131,4.7916562520267165,0.0
14.112202729198954,7.203288561419299,0.0
3.935367021357788,9.590753428304678,0.0
1.4488569661846815,4.310365865475692,0.0
4.283583331844533,7.764529335974866,0.0
2.546959983548579,2.890984795143942,0.0
2.391548683187651,8.154641800704505,0.0
8.222627225606399,2.71762179028696,0.0
10.684435404422405,3.8328540812976,0.0
6.380557946772896,1.529545574607606,0.0
14.352612957735163,2.788977153630519,0.0
13.2432778100083,8.14765403813011,0.0
14.149379368489186,7.6630765422311065,0.0
9.963168695188427,7.833449825663724,0.0
11.903952149345464,4.8394510444964665,0.0
5.019619199735033,8.400281535624233,0.0
5.5768505855850545,2.7417829942740943,0.0
9.429685567673578,2.536848334687337,0.0
13.859274700847827,4.860380940469922,0.0
2.751484321198837,1.379583418070431,0.0
1.706353698090379,7.235040455305614,0.0
9.512078667859194,3.1009103127425526,0.0
4.48224595153604,9.304346954482813,0.0
10.325426573684942,5.493580217550339,0.0
2.717412631785087,6.594573144845953,0.0
2.114027560406199,3.735812194567033,0.0
13.211272951604235,2.3419177493205368,0.0
3.705421607782912,1.772391702052566,0.0
6.15757214509285,4.159173324776253,0.0
10.140010861744775,10.705260520357793,0.0
13.109883103255063,4.060706019561622,0.0
3.874866990088022,10.298739520475015,0.0
1.5645197294933832,7.7465119619466085,0.0
4.913876437623184,1.6887639866932267,0.0
5.5646454871283435,4.406930730279797,0.0
1.473757046901229,4.041301274210294,0.0
4.844878847336542,4.724799486455583,0.0
9.76000875420625,1.0886716871233497,0.0
13.956342001159387,3.6931689700437755,0.0
8.247668791039297,3.0340088231178126,0.0
13.943640638744254,7.663113744806996,0.0
13.611944971118161,4.966983846056441,0.0
13.293900442230052,1.8904656466752707,0.0
13.823107507213498,6.842858468036692,0.0
10.451624953897554,2.5803502262836377,0.0
14.407395363886765,3.608460696790052,0.0
4.47992870502171,4.1106590853986305,0.0
6.629958531956656,9.918769665198697,0.0
0.8841224395107864,4.607060243071256,0.0
10.160652672174821,2.6650331576629958,0.0
11.370573124234912,8.422560340943816,0.0
13.515705049915288,5.073934324933299,0.0
13.137286765973434,5.5914037079101995,0.0
8.028164335725307,2.8894335539382796,0.0
4.539176273503071,5.093349194590342,0.0
1.4095560797220021,6.985715313626461,0.0
13.524677494831689,2.5233538403805076,0.0
2.5785197761796717,7.53580667297603,0.0
3.54344223107991,5.344168610837159,0.0
9.232165226237614,5.435571255286626,0.0
14.18424650344481,0.7998902297854247,0.0
8.69263778264428,1.3720256985583743,0.0
13.56552781140531,9.427625331259483,0.0
9.448611967109347,2.6738293560353537,0.0
5.213603891630984,5.646771891907618,0.0
3.7019863385121634,4.234977914153304,0.0
9.657598280873023,6.735504921655291,0.0
4.1903895093644214,2.7394681189872205,0.0
14.258420717139417,4.547643288226026,0.0
11.627353002722385,5.462295311483445,0.0
13.743247169042796,9.049480523510361,0.0
13.848632924699567,8.84978402421951,0.0
13.574503207877601,6.499193056470829,0.0
8.617643457279817,6.007869134717637,0.0
13.097612199252652,1.2779497282252252,0.0
7.6659138381708445,7.05005585139413,0.0
6.600310523651504,8.072764670125196,0.0
12.632607054245529,2.956262847618737,0.0
3.2659264753654607,2.9564365502908996,0.0
1.7545611204062352,7.000302485614152,0.0
4.151875328698508,4.56876353580968,0.0
2.51932429354762,0.8895233763630617,0.0
3.269785451664775,1.467459568992269,0.0
4.109606977174318,1.5379103518753732,0.0
13.71293420775896,4.64160787915113,0.0
9.954139918207568,1.2612016933116994,0.0
13.69842287493078,3.9131233733802295,0.0
3.112614188660189,3.599329063234242,0.0
1.3822683962975504,6.5334561789555785,0.0
4.5774734231497405,3.623681019267913,0.0
4.865994644751795,5.1553680901652905,0.0
11.236003627846422,7.619098325682995,0.0
14.477206333701554,4.069803467118834,0.0
14.165559604131921,8.842304375896479,0.0
3.4051991740698457,2.4872269826284703,0.0
4.707294494741041,2.0836471111908472,0.0
1.3183869641088586,6.593165125821266,0.0
3.282808394738601,2.373697881328864,0.0
12.889679900178765,3.737458288447887,0.0
10.404491587040669,9.43214934585611,0.0
1.927034185100971,2.439034045517763,0.0
4.860910086964395,4.0503568099295615,0.0
7.957320831283589,5.22305676427467,0.0
13.042799208431713,1.8221046233922147,0.0
13.229451832536412,4.344564354256837,0.0
6.075596609788801,1.2361960839213788,0.0
5.394364339261841,6.876005141142432,0.0
13.607400146369447,8.884810543369657,0.0
7.566900525022387,8.14933577598637,0.0
13.96551057986012,5.655328732346678,0.0
1.8860969143220627,5.006541625399261,0.0
1.8618255560938375,3.997817601965035,0.0
14.148808138701561,7.533756104714617,0.0
14.623859908499014,5.7447661499826195,0.0
11.543329001060302,7.466183176074478,0.0
4.058848848383915,7.518638306132559,0.0
4.883118226163109,9.547088149896666,0.0
13.989186556835024,2.223347046934915,0.0
13.313801450788565,8.281265936383816,0.0
6.188217523598677,5.988068395145173,0.0
10.72750076824965,6.774904736550982,0.0
13.862303362769385,4.336277697222642,0.0
1.466846949128765,7.919512824709885,0.0
3.285308772111282,2.1030069374472933,0.0
10.324334960166492,2.640732797887298,0.0
6.496808447843441,0.22428666448110526,0.0
4.9679911016982095,7.269423054242327,0.0
4.35358671172687,6.665490680704965,0.0
2.388395490718354,7.173640716641424,0.0
14.208420114989678,3.0726324518961454,0.0
4.585944065575526,2.546485684588097,0.0
10.200744842063239,7.757149264092635,0.0
4.976281626776291,7.404358331701475,0.0
15.02774444277358,2.948340974094365,0.0
6.844610205354716,7.676282544984366,0.0
2.9693955263473195,1.6110368995504867,0.0
3.7345276600689803,6.522181780607974,0.0
4.260162363817234,6.683554894025881,0.0
14.80162909102542,3.638956142972769,0.0
0.9963302796668171,4.656039248629539,0.0
12.556462543010161,2.4307370124189145,0.0
14.602411008150174,7.644511805281284,0.0
1.475885955899004,8.114157607603213,0.0
14.154267319738885,6.209281573480716,0.0
13.685725802937855,3.8687564879672083,0.0
13.904756871879037,3.4534876646466826,0.0
14.054630172852908,6.631830688760385,0.0
5.267274842854098,7.362148607792465,0.0
14.917217360286,8.812581382638967,0.0
5.22977234561734,4.024410229614982,0.0
2.470067789707843,4.9386111121118015,0.0
4.1301785752021365,8.92248630888314,0.0
14.042908612479614,8.898300115093464,0.0
1.5081860808068563,8.046946922730823,0.0
9.569261390584956,8.55701335739447,0.0
8.37377000393552,5.542655646278287,0.0
13.550591108492872,5.344001794827936,0.0
9.522573560132512,4.961977766981691,0.0
9.812062977161904,2.221519673007681,0.0
1.9395556672163112,8.530015559182651,0.0
0.5854307414092769,7.761862041744378,0.0
7.911466099352392,5.766489731205851,0.0
14.47569922959473,2.565712272913362,0.0
8.55950213262111,5.453289390050312,0.0
14.336145804544774,4.340351655331077,0.0
8.692460319873819,8.252677926350861,0.0
14.043118860417605,3.692710571475431,0.0
7.4210819111865085,6.744506630476316,0.0
9.722275251268318,5.6625258428583605,0.0
14.861670190379026,7.825418650115745,0.0
4.351067168795679,4.418565782077427,0.0
4.770629866174852,3.2412883303587647,0.0
9.409206968064183,9.554829051662761,0.0
4.080491297836249,6.040810318005511,0.0
2.956226575258389,4.073993663665437,0.0
4.46963349072787,1.6690977527823847,0.0
12.926830585846004,5.4560313386788435,0.0
9.877632137033302,7.116972395883478,0.0
14.321047220255078,3.026587123539023,0.0
5.61464731774434,1.9753418189664051,0.0
13.634857340219181,3.446610298042771,0.0
3.623931915672056,9.593228917272313,0.0
13.383454091361044,6.069039434129422,0.0
14.759755906272973,4.261918040638236,0.0
1.2619491689682891,6.042635091059174,0.0
14.204732576789253,5.137797307859108,0.0
13.556151368807056,6.908654422576403,0.0
8.246070425572713,4.970481169610033,0.0
1.1330231640456228,2.8778678264859967,0.0
4.184522046166479,2.9039713163301477,0.0
14.650814948729309,3.9075267532993903,0.0
13.76691510220771,8.457769186497693,0.0
2.051859136875469,3.0883812026058997,0.0
12.843764272333898,5.383531380701415,0.0
9.283942601745972,2.8081892904273404,0.0
3.2223129515215865,9.144110926063071,0.0
4.899341429961476,8.03451107607527,0.0
13.957345281689628,5.962858615842059,0.0
1.3200195654360596,3.2909313223607533,0.0
4.478755103039322,1.6055747579333304,0.0
4.301136568814901,4.553507490493625,0.0
7.3983291513595955,3.2932920593658026,0.0
2.6440602866706735,8.507622527962464,0.0
4.514819781709891,4.9920742528683855,0.0
4.317650482538271,6.970380880163141,0.0
5.1984703887870705,1.5508562658369358,0.0
6.295160475865073,4.042418802509819,0.0
11.140999270434234,3.7710448241612586,0.0
14.012866458676058,9.185485928184962,0.0
7.104974277731989,7.518077138655116,0.0
4.261958463931918,2.528920476541995,0.0
11.92894465131436,5.06952928958044,0.0
11.4183926160257,8.707988281899297,0.0
11.878080861517986,3.5879484554973207,0.0
5.095933897079546,3.6978073848151785,0.0
13.510410590136875,8.091737149039945,0.0
3.7853054940352187,3.1028421412921707,0.0
15.032647694455502,6.278323570654188,0.0
13.80841465778588,4.713058294023408,0.0
7.48709325414348,4.611786080100089,0.0
13.821452171386493,5.1416704632718355,0.0
14.148303592767943,9.292052042632443,0.0
8.999342845106241,7.704028018628522,0.0
10.163478286818947,3.7093092700873065,0.0
15.012264476538686,6.388855694942306,0.0
8.986270601682598,1.2692234195676113,0.0
13.386318551180262,2.2086897707244084,0.0
3.875346115176455,7.098349487090563,0.0
5.1121993444126765,6.1306548063439354,0.0
9.468777541034779,8.926702773460457,0.0
13.651760263845244,2.1636853421817737,0.0
10.8863255164562,2.6158624223988864,0.0
9.21228716945741,5.614605849659604,0.0
11.112849211393584,1.4093315078892843,0.0
9.979689230099419,9.432702093253837,0.0
4.25482557965923,1.6106936564732433,0.0
4.249811120952986,2.8788668390287886,0.0
4.154461391355389,3.3233363270982585,0.0
8.76056375689553,1.1073653741724518,0.0
14.089718217531535,3.1075753287878927,0.0
7.976569572595465,1.640652175001164,0.0
14.703164911493724,6.152656041747262,0.0
14.656388536531809,1.8509304673217168,0.0
2.46788571673269,1.3092408606671158,0.0
6.1650412920612885,1.859843612451302,0.0
4.352561004978962,8.957291556117012,0.0
5.644320299396162,4.031637703982727,0.0
5.36790266085442,9.8374998728294,0.0
10.239188597241771,5.7629140597195505,0.0
3.1914793912380497,2.2417354322873257,0.0
13.270756462238692,6.653296502880706,0.0
3.862407260619128,8.553888155668133,0.0
2.479700293415519,4.176973460952579,0.0
13.584463829920008,6.8652991422313905,0.0
4.578723736070508,6.434646557511162,0.0
14.240547705139534,7.417684186564107,0.0
9.472252620719392,5.4974096669383625,0.0
14.592302696478896,3.206815627768789,0.0
13.517883394523665,5.067650591564427,0.0
7.989207149838079,2.498215792371667,0.0
1.831853565869833,7.699449749795287,0.0
8.242103888220225,8.879384451718826,0.0
8.483702089564934,8.651511141299826,0.0
12.87020659774816,5.186656598094146,0.0
9.221811351452914,2.5581117544265344,0.0
8.477370658281227,6.295817653186406,0.0
9.222016380780682,6.792920090558657,0.0
9.17452647981855,6.712775776878795,0.0
6.041336718786174,1.8472795343435446,0.0
11.068390792420384,1.8839061807940571,0.0
14.681780785334428,6.970401482313975,0.0
13.418241591050098,6.372291103744446,0.0
8.106373212240818,2.4493336054397234,0.0
4.329337786392053,7.418486520704472,0.0
2.62389692944706,2.4061453203606473,0.0
13.564350909455545,4.2397346178257225,0.0
8.367962189513666,7.041597878210974,0.0
14.025505859033634,8.090921258372575,0.0
14.521345637743556,9.382936309563828,0.0
3.292389009051073,3.186054290845668,0.0
9.215116537819403,1.5715660125086168,0.0
1.7831165067235835,1.170986293260905,0.0
10.26145277499629,4.884219328056222,0.0
4.836354643334535,1.4317222292452612,0.0
6.704206179556427,1.7347580040114536,0.0
4.115214773024524,3.6577644581397126,0.0
2.878902725655021,10.202219795760053,0.0
8.876915513730479,8.379218154286583,0.0
9.717573467015505,1.6947444906879678,0.0
13.374541303312421,2.643117438535367,0.0
13.820560906445953,8.080513931493739,0.0
9.865469454054459,8.056387420672516,0.0
4.95782790050523,2.180960999262431,0.0
8.777659098372874,0.9669347432333829,0.0
11.849783927362632,2.5698393061879328,0.0
13.462744433597722,4.889605779454537,0.0
3.201139995869795,4.5826721054495065,0.0
3.7481383444922547,8.733468755680658,0.0
4.178599598770451,2.762811119448398,0.0
14.80498174088492,9.010993061883202,0.0
3.47377028777806,2.061598234080054,0.0
8.860812340226904,4.51815390721212,0.0
12.658855029886077,6.4614213550610105,0.0
13.804818011982666,9.543105102233204,0.0
13.764760688098658,8.890206546679167,0.0
11.468366295351322,1.56128539999507,0.0
13.685684440717203,5.610948831634416,0.0
4.06241197692002,7.88789121882838,0.0
2.6593018668229242,5.468493526725477,0.0
3.104495364757076,6.928069788183571,0.0
4.2860866185154185,4.151862678608925,0.0
14.272268528899998,6.7593775664982765,0.0
13.705820352062059,8.34841292674701,0.0
5.27873543397447,3.41547750897273,0.0
9.406811947893718,1.8622876488088689,0.0
3.1706218993152055,4.007499031157892,0.0
14.792929691962524,8.044107857866798,0.0
4.847175866164994,7.753135822652945,0.0
14.247256079879387,4.283996551861946,0.0
11.262232492629783,6.033872429253339,0.0
13.014303460923752,1.4351037182736692,0.0
8.413906379589625,7.469341212255265,0.0
14.763870299931654,8.499793502256447,0.0
14.733827511374345,9.701504663604718,0.0
3.5045020287284747,2.0518589919491173,0.0
2.380661306974256,2.8713995219220374,0.0
11.944718271173812,5.447593800494204,0.0
8.587685429524035,8.831156232526727,0.0
2.7985166200039493,3.8566813773424418,0.0
11.405184496355096,9.498222783161621,0.0
6.379236695650046,6.171129867111768,0.0
4.047231286682755,7.948924000808191,0.0
2.1942530638350073,5.551610118965715,0.0
4.6758337790776565,5.982590526048051,0.0
1.4205228871945468,7.331168240777523,0.0
8.50643903114587,6.2218368688954,0.0
1.725084616240391,3.7228122748095007,0.0
14.188987128279514,5.34369407219179,0.0
14.010712891695881,5.469001605478366,0.0
3.5990306204597844,10.16928562679642,0.0
2.5793097995622305,4.332274264276051,0.0
6.860600410396133,1.5240990872788245,0.0
9.201647487607278,5.152796165827492,0.0
10.291443809062764,4.693331699537246,0.0
14.1331912527654,5.038421909381928,0.0
8.676898669183302,5.331606436615214,0.0
14.116778508648778,2.3943217224034146,0.0
9.186227912669748,5.152043680224567,0.0
3.8437466151718858,6.043811852523738,0.0
8.517209252931574,2.978374265062817,0.0
7.279479305921675,4.8276163478537715,0.0
8.600183581063803,5.137861131506306,0.0
4.407651776387316,2.8986174785016448,0.0
15.092840676109958,5.069857066937255,0.0
2.574654089201242,3.5815863149441096,0.0
1.9595714790880774,7.08013487247898,0.0
12.555193647609828,1.9435768064922383,0.0
14.246070167902813,4.61117805277041,0.0
11.183145161243742,1.0394808420484842,0.0
2.8227321946150066,3.6319077839092655,0.0
15.563862977917857,5.220135670082409,0.0
4.797985080995663,3.391319207322936,0.0
6.676293992156844,8.518265417529019,0.0
7.336231322298363,8.081292335762889,0.0
10.402035598918209,8.9979811691438,0.0
8.634747429985271,3.452540918766426,0.0
14.977559412783732,7.022738248160219,0.0
8.717228046638285,4.760992580648286,0.0
14.715964861280797,4.745679892500857,0.0
1.8349690082568255,6.340883325475093,0.0
13.923344281544672,2.423783509789427,0.0
13.799614012749322,6.877207346257151,0.0
3.3176357083748695,1.703923541028632,0.0
9.424290032852811,2.9648949710019834,0.0
13.85066063212111,6.403263688978581,0.0
3.356250627782597,3.686973787995503,0.0
14.587160155045089,4.676479851977978,0.0
7.163764881504353,4.890383063434657,0.0
14.056364713260635,5.523643412002188,0.0
3.1972364915823013,1.035034497933409,0.0
9.547393655830902,4.177613215945768,0.0
14.384684555648652,4.398264931618644,0.0
14.036655749617873,8.455057886125003,0.0
9.051354265327369,8.452444277526881,0.0
2.373590912165113,9.261297136949983,0.0
6.480998763577189,2.005111304863232,0.0
4.389055933330221,8.29266113931636,0.0
3.723709766884057,4.1224562879385385,0.0
9.730519308381309,7.307846610998934,0.0
8.403488583889928,6.451732934857773,0.0
10.606699762670695,7.765999334421536,0.0
5.462568449816069,9.869891499816331,0.0
5.391295365180798,5.0093672922395385,0.0
14.883489886377808,4.8628198440985795,0.0
2.684666795398688,2.921566661534563,0.0
9.898355964771799,4.305736179798347,0.0
10.61290218212044,7.446934567176297,0.0
11.430094014668827,2.563992782976573,0.0
5.193488453226773,4.253850043730459,0.0
2.0608162136011208,6.915491081171436,0.0
13.758723606206445,5.39905199063665,0.0
1.537958408632134,10.299888334860253,0.0
13.240916158328284,6.157211253828026,0.0
13.05790007302401,2.000535577392575,0.0
8.301804084861402,6.604298865871852,0.0
3.857041919920221,1.6745118028777668,0.0
4.256416025349943,8.134287917439334,0.0
14.425136592768638,3.550018024778885,0.0
2.1097145267981423,1.8593882373368937,0.0
9.980384088242278,1.4937608379853728,0.0
9.127410757062611,7.575672821737865,0.0
9.889604598043162,3.3750521116303696,0.0
13.234517693163687,4.132421785514946,0.0
10.220693760980275,1.5395660880531363,0.0
8.460804577198822,2.5367926607178823,0.0
12.918932277559,5.995494834511088,0.0
9.282629039227135,1.8995455021654817,0.0
9.071895133775561,7.46315921877998,0.0
1.455573081486943,3.9946711346736468,0.0
8.895607125568564,2.1717176723671336,0.0
15.625346127291095,6.176208989463988,0.0
1.3925634985029693,7.145279583996031,0.0
14.21244210247099,5.997198366730982,0.0
14.406602819167832,5.031262857675216,0.0
7.429700203927606,0.647532480282951,0.0
5.730278547052498,3.6173151202371714,0.0
2.643685067721926,4.305530145775269,0.0
11.60470312401296,10.367622930658182,0.0
13.096765080049048,8.370573214755945,0.0
2.1505645180317754,1.0062298661980258,0.0
3.717588787510251,2.4895699292887454,0.0
1.496457959731483,4.249549876563212,0.0
13.15803206780342,6.371322780821548,0.0
10.582755173064053,2.6217323209087673,0.0
2.8521619559119373,1.809154447752129,0.0
13.853343790134067,8.956572415447537,0.0
14.847339614120797,2.918077251137519,0.0
15.283802286917203,7.2116678855431156,0.0
15.328588737863504,7.712627134959307,0.0
10.085999601542847,2.105389561062693,0.0
1.7548471996738386,5.663105648163535,0.0
1.629935706462532,7.321789873900426,0.0
3.8748661848335635,5.032712211875004,0.0
3.260856062573255,7.322120007673079,0.0
4.544196353288024,2.183052037249777,0.0
3.233871017360093,2.697839079918042,0.0
2.428519031049481,1.86001285867739,0.0
1.5922085688982965,3.075839476577269,0.0
1.0341897287577506,8.900715849206165,0.0
1.8697618926388657,1.8996489810193253,0.0
1.4389498325654895,4.913644650778799,0.0
2.2242217626308034,4.321137075773908,0.0
2.200911880061185,7.968567211960747,0.0
2.144646098097918,9.66222626744546,0.0
1.0018862369672965,8.379823023337293,0.0
5.5258637261731405,7.488011004432016,0.0
3.773483608971307,8.939565647702603,0.0
3.8535094688039515,8.22899445109213,0.0
3.003389212677208,7.72816612909108,0.0
1.0786739350219534,6.030159331338447,0.0
3.975406718881367,4.198125455350887,0.0
3.1770221111759804,3.5495345771307627,0.0
2.9713377425503573,4.958956969482953,0.0
2.3354794173388354,4.026755815182811,0.0
2.8391844704846174,5.842165837879112,0.0
1.4718375471572456,5.769556321447714,0.0
1.2108310074398807,8.692487815707233,0.0
2.3492029945339836,5.831646533740254,0.0
3.9907897432243193,1.477430843524139,0.0
2.2484448635966996,4.298581849125268,0.0
3.4370781971036206,2.3551918165690275,0.0
5.256220960525681,2.4242825104921235,0.0
3.2618589571449803,4.088849371588765,0.0
3.593496115201615,3.6286711615851384,0.0
1.6231633760369166,3.8787577437813,0.0
3.0772509248429962,3.9842318501252554,0.0
1.8965471095824489,2.8319359939871034,0.0
2.797473720698025,4.26776628445993,0.0
5.6089038284385095,6.035454893686312,0.0
3.4628287128331836,4.434535921258233,0.0
1.2570014820831878,3.1992948439292803,0.0
4.584980387861369,1.9784260742100557,0.0
2.1729244565053842,2.1182238259623567,0.0
2.8080327217788863,2.3556328916324567,0.0
1.4866557844433985,1.341610370121983,0.0
2.318325114798272,2.743662473235635,0.0
1.6400492307842647,3.5200792546506077,0.0
3.223010351171895,2.4380821756459707,0.0
3.4323099796416514,4.311117941280152,0.0
4.939450869768191,1.4491092060074937,0.0
3.139097695081246,2.1051187846999673,0.0
2.6741764978820006,3.630540417901381,0.0
1.5983821527044326,6.363630831979374,0.0
1.9731264226623715,9.48985203600379,0.0
1.739007913905457,9.030252592948912,0.0
1.7808858610844325,8.408606621903171,0.0
3.0193093094323986,8.042793025087441,0.0
4.413253687668351,7.735332475912525,0.0
3.5390743120436623,7.002561553501009,0.0
3.0808119145385935,7.8034949543046945,0.0
3.4869917911765818,6.164549554738809,0.0
3.030999925127372,8.288120494605272,0.0
2.6816128287599406,8.395322028355777,0.0
1.8760461770408372,6.762473012326943,0.0
2.766610034672269,9.382829871902219,0.0
3.5920447785547847,7.9822647392320665,0.0
3.7743742311977697,8.781406708731636,0.0
3.289337292217637,7.792283665327816,0.0
1.290046683453629,8.629619485811402,0.0
2.1471397857702383,9.504641462238885,0.0
2.4377615904525602,9.436949794214746,0.0
3.2772876299042375,8.38915404004108,0.0
3.7193560253378286,7.601559475251059,0.0
3.94838486439767,7.407570676745636,0.0
4.164595431298368,7.985599755769,0.0
1.7464092365581898,6.249109560139819,0.0
13.114519315519383,3.4303690451802833,0.0
14.258755932289546,5.349090431784563,0.0
13.224927008968303,3.990710346664664,0.0
9.581833969119417,6.626895898834489,0.0
10.473703856327448,2.7936759429853195,0.0
9.066439074897596,2.355102622417805,0.0
6.589207073803258,0.8756220053587769,0.0
10.29542319788135,6.144066634726591,0.0
11.997657313309835,3.3614121649322897,0.0
9.01231232661655,2.6680989342176558,0.0
8.487841089584728,1.72040459359639,0.0
8.131628649900884,0.9685714006593532,0.0
9.694769497212926,1.7171111889645816,0.0
11.32282270334989,1.7400177802114505,0.0
9.651430186996645,3.8433859418749994,0.0
14.365232719649889,4.392441417299605,0.0
14.008160837308449,3.9838743005954322,0.0
14.369854093305277,4.475840779427872,0.0
14.54954219934924,5.048506856268839,0.0
14.90630767486662,3.043424189252096,0.0
15.05338471968942,3.589065748533284,0.0
12.730890070830744,2.478134033674965,0.0
10.189765200915968,2.7154629900743785,0.0
12.84994946989095,0.10004774479300926,0.0
12.675750378902201,1.6081813309517106,0.0
8.252605071611129,7.376952916951436,0.0
9.616389332546511,4.060602925054206,0.0
9.721515038194998,1.9911002900496297,0.0
9.162207299646743,5.490852917031649,0.0
8.881263323861505,5.497464347259611,0.0
12.130628075695585,3.4462480043673698,0.0
10.550236261928191,8.091560480710044,0.0
12.975180476975595,8.034427493218852,0.0
9.831624174491244,4.018936112530222,0.0
8.145415453293957,7.395155845095439,0.0
8.139373854256643,2.297240865916959,0.0
8.88513593424972,6.884422414086355,0.0
6.876108508581186,4.833490834766366,0.0
9.085988285997558,2.5126149019280533,0.0
9.70793992788676,5.048498953531878,0.0
11.120946512056035,5.817392436550635,0.0
8.055673925304383,6.32047120231606,0.0
11.378897168922869,6.808688002961699,0.0
9.589939946167704,2.958185071163982,0.0
9.869618408976438,4.648466269839289,0.0
11.61507070944439,1.8732693109749698,0.0
10.621782882725125,5.883636088822625,0.0
13.67205911706435,5.5481848528218825,0.0
13.063410765185854,5.514065796565756,0.0
12.392833936064022,8.142608839833521,0.0
15.535288154955179,3.457353032685789,0.0
13.881399617718714,3.2634216260099342,0.0
13.7372811857483,3.905871197473112,0.0
12.653666394137012,5.824858994978457,0.0
14.522989457364522,7.612278357550063,0.0
13.494519674227488,4.248596895720984,0.0
12.897023688200381,4.147341963271942,0.0
13.621579375525572,6.567266435311048,0.0
13.54310172914406,4.076522182576855,0.0
11.256481811280942,6.829831671846725,0.0
13.783181039544905,6.811605666814019,0.0
14.882565067116584,6.4783537401662254,0.0
14.3257883457647,5.749580966222937,0.0
14.550880001388098,5.2348342617337025,0.0
14.419887485416567,3.222178131185129,0.0
14.978905689915008,2.0188004110648468,0.0
14.617148109853648,3.172938487856852,0.0
13.995801927995373,6.260490850437029,0.0
13.947257034402227,4.185181340389199,0.0
14.62993130017337,6.77475177069676,0.0
14.791750498229502,5.351369573449617,0.0
12.65331702279541,5.753923660390681,0.0
13.91612541963856,5.091068709302382,0.0
14.453105415305956,6.682202806304856,0.0
14.095932149829403,3.685700300622708,0.0
14.034732060995552,3.7590956756759897,0.0
13.918419489318879,4.259242217838832,0.0
15.119038322201378,5.718695627902713,0.0
14.80766817459843,9.387896400846385,0.0
13.873072263189739,2.674281406746877,0.0
15.035197584426742,7.898117286965171,0.0
14.670304562779055,5.139928972327812,0.0
13.344306045651024,1.8471874558811852,0.0
14.236494163821849,0.923049805617999,0.0
14.146627450157345,3.989382478562747,0.0
11.304510571669125,1.3742616696212342,0.0
13.502235715400793,2.656010808629879,0.0
14.46119014942408,2.3035826843203826,0.0
13.719552826298104,2.6909726847764532,0.0
14.18819323878264,3.5363367557064875,0.0
13.265901150428679,3.047174275031955,0.0
13.781433909195789,5.700283633400605,0.0
14.15762161300507,4.62988790404746,0.0
13.673358005868375,3.636793255626392,0.0
13.955944015412312,2.403961095222042,0.0
15.019664602751158,2.916261021985147,0.0
14.017341416125221,4.341979968621753,0.0
13.785421687294374,2.32979238094955,0.0
13.84600231889782,2.162753630378348,0.0
15.392837895455575,4.64344123478452,0.0
15.192019576998707,7.9219258273583355,0.0
14.032863739199739,5.659575958716056,0.0
14.126201637958337,4.586483327285983,0.0
14.650151597503255,4.063030134472369,0.0
14.705756635345635,8.236761728048036,0.0
12.097644648730666,5.0415041313194315,0.0
13.6153991568512,4.943500558032321,0.0
14.48713213608304,7.175097024119975,0.0
14.609557456106872,6.852550667553592,0.0
13.971662448040195,9.000479863651435,0.0
15.377471292871041,6.133871318958098,0.0
14.73200062623421,8.677023984872768,0.0
14.041314872894345,8.904176352843942,0.0
13.60151619959282,8.338262090953926,0.0
13.482111120011472,6.916892119528295,0.0
11.357888109804266,7.735895122893109,0.0
11.917563153664474,7.276424178817442,0.0
12.586661657848857,5.77043618897686,0.0
13.481488688676468,4.773640613936592,0.0
11.576943979561829,7.4056480970429455,0.0
12.929490530846147,3.764233558614444,0.0
14.323056933750163,6.861641724407842,0.0
12.245875547073425,8.721583574550491,0.0
14.035182047374846,6.827442231298162,0.0
13.406253924094967,7.1713922825404754,0.0
14.816781581802575,8.999440574283575,0.0
14.347152502472726,8.621423253549507,0.0
15.090862808065259,9.38638975116276,0.0
14.717056515171288,7.837101134933077,0.0
13.765783155417363,10.045420898769498,0.0
15.427984466781568,5.695642047939959,0.0
13.770897028801455,8.388813837877874,0.0
14.30462425357279,8.4206404346266,0.0
14.890788838903235,6.341237973052444,0.0
14.776660436144205,5.93000812239727,0.0
15.13647233313421,6.845152478945421,0.0
15.046836669380173,5.702262020845847,0.0
14.212113215051508,6.4585678463309755,0.0
14.844029781363773,9.4585576384337,0.0
14.553648487050323,9.096188374322164,0.0
14.729180555819156,8.985779634457208,0.0
14.242399704017531,9.552294297011194,0.0
14.429071291829258,10.063218658089921,0.0
13.812331700700483,7.986141852538035,0.0
13.03699601083825,7.013293276408233,0.0
11.39661620201115,8.38717322837556,0.0
12.433687360115563,7.660308801859277,0.0
14.073656595999969,8.5839847517226,0.0
14.581337399208104,8.275487326248678,0.0
14.580927031085759,7.653747334002441,0.0
13.898282688059066,8.238063096163872,0.0
14.999758169939655,8.001704235323162,0.0
14.929409438789758,6.199392434957259,0.0
14.737866149162434,7.302774930125932,0.0
13.971832055980759,9.152050541550922,0.0
14.456768063285576,8.326569976632111,0.0
15.247538199986998,8.186030274002473,0.0
13.505737945082727,9.351061962070329,0.0
14.774558123475586,6.3904651138501,0.0
14.096670119499008,8.147939668271219,0.0
13.151801756549071,9.06446994705085,0.0
12.986714845414056,8.74422313758843,0.0
12.627503685252687,9.014329015936983,0.0
11.708758435652856,9.854476169974895,0.0
15.188568499231728,5.275460105342711,0.0
14.054457549626397,8.267480438806464,0.0
14.385892513923666,7.480051087957896,0.0
13.707543173745515,7.745234193324112,0.0
14.341822192283523,5.900999036276564,0.0
14.408703902609869,8.626347446279338,0.0
14.284137665745401,8.640438919916893,0.0
13.988528090368025,9.463652860073985,0.0
14.180132295321227,9.373828190552363,0.0
14.142050053443311,7.628764210110733,0.0
14.314728886902007,8.22166427727522,0.0
14.431971927014297,5.49026665982866,0.0
14.903423496903997,7.446796289969986,0.0
13.61835603539034,4.776088481501503,0.0
14.509836136125651,7.196248710193487,0.0
14.181518159389084,5.211214347133314,0.0
14.570397053555704,4.7578658882326375,0.0
13.511119834375236,3.3753489374477317,0.0
14.823943732870116,5.602655407900819,0.0
14.83014094331501,8.140364222403688,0.0
12.974581231548997,5.934280727492312,0.0
15.452377786732903,2.8356569249341663,0.0
14.934860967034552,5.737702106259563,0.0
14.380075838602513,3.92245200102589,0.0
13.961593942261509,6.926790341643494,0.0
15.049002505900557,5.249613488137404,0.0
14.362940034910093,7.258297197699349,0.0
14.009264285718405,4.87180539124188,0.0
15.06478060701212,6.179651802703524,0.0
14.871012577997513,4.639089738188869,0.0
14.630870878269985,6.7098223651532445,0.0
15.284666286685123,5.036385971556666,0.0
14.893138446670472,8.021697540423654,0.0
15.489212606738704,5.66909596734691,0.0
13.932079862600713,4.051232058126563,0.0
12.760598966251669,4.367343108779309,0.0
14.219968460577945,9.499240394269567,0.0
14.29450195575006,9.539800801248134,0.0
14.159783044421033,8.59439602334083,0.0
13.985058901720814,8.294103238273554,0.0
14.759790578444704,8.717048690034883,0.0
15.48514872041366,5.944119080430288,0.0
14.454853967325127,3.6003437987204405,0.0
12.937094025635119,2.9394432854471853,0.0
14.510953674129137,8.037383517372545,0.0
13.993073282166106,8.938440239697798,0.0
14.852984703400008,8.399626530170032,0.0
14.947403856546204,8.117104630807868,0.0
14.461262129703163,7.86408138988261,0.0
15.056639619259403,7.685737120361584,0.0
14.3232759250759,4.613598322136147,0.0
13.374605032138549,8.758644535324846,0.0
14.818117555537071,9.037697159363292,0.0
14.245595489528638,9.781381163370616,0.0
14.649453368234392,9.174484651880922,0.0
14.32238650821041,8.122384073899138,0.0
14.368259563934055,8.976255417253295,0.0
14.266116866319864,8.905055637793449,0.0
14.000655626294913,9.487706605717065,0.0
14.25846810032896,7.613500887675039,0.0
12.826741049680384,8.68610107758016,0.0
15.427727426436613,4.462150484252438,0.0
15.590036909883763,2.6182454523958953,0.0
9.489095566785709,2.703357684661324,0.0
13.017271744265726,1.4887485034864851,0.0
14.323249269544625,3.1273759829556305,0.0
13.391940257954738,2.5799567313205714,0.0
13.707759653032593,1.6731644711061442,0.0
13.919683026533885,3.6349107549091415,0.0
11.529717173935113,4.5692081826892945,0.0
12.928079302882724,4.852173809179857,0.0
10.402152434682339,8.467758580118854,0.0
12.169167055906222,8.819814202156087,0.0
13.821775046987677,4.30940286929823,0.0
14.179073465747235,4.505546393039846,0.0
12.666359907654124,4.747573319421995,0.0
13.759236043856967,2.1048483449282975,0.0
13.693467564428701,3.702458388947741,0.0
13.322968182282176,4.220429176578133,0.0
13.048501027784424,5.4777020531372616,0.0
13.953969133975749,3.28697367542005,0.0
14.128417569734946,3.3925353909361218,0.0
14.396117482880594,2.867563287238677,0.0
12.72363776103989,2.6043923334124273,0.0
14.69457758402937,2.481040632737478,0.0
15.069404914886626,3.382409798294939,0.0
14.347591448080415,4.971650706659985,0.0
13.88087186422261,3.7609626660686803,0.0
13.747426143176323,7.7186406166116255,0.0
14.440467185018884,9.306200080572603,0.0
14.710781018715931,7.030675315995348,0.0
14.138573127810034,6.182352726326453,0.0
13.889686214402744,8.558426057694975,0.0
14.310853333115315,8.524518117082879,0.0
13.419918942704587,8.69778045054665,0.0
12.696754603974018,7.677693308108598,0.0
14.205873567511667,7.367079003814353,0.0
13.798947752301684,6.010638691916682,0.0
13.925314469131152,5.423583252876288,0.0
13.902824353316486,5.249867432884799,0.0
14.269697470306303,7.578727353922621,0.0
14.085308183888896,6.620629581524979,0.0
14.551813565473218,5.17638733275304,0.0
14.28492142605737,4.929275803530196,0.0
14.749096801455158,7.297488095056571,0.0
13.419253034210946,5.594202240410493,0.0
13.822715024064811,5.970215074746074,0.0
13.148568057350573,7.357450601850466,0.0
15.24265241787571,10.014915927036414,0.0
14.312442128747689,8.720424963089522,0.0
13.118262639696256,8.741596167433704,0.0
14.470199182742153,8.852570465672567,0.0
15.51702128943558,8.429643613875735,0.0
13.770323098233556,9.031873359027962,0.0
14.547907898381455,9.071477053768282,0.0
13.833380374291584,8.073033033548228,0.0
13.882028683535239,9.0863827535889,0.0
14.248089211239309,9.1694127635357,0.0
15.29192046896416,7.804222973363889,0.0
14.257514227193496,8.457471748057607,0.0
14.391537247078041,8.838114132351976,0.0
13.18411265938676,9.221173799684822,0.0
13.223983676266169,8.48785872181595,0.0
14.795417532303764,8.300730884835433,0.0
14.892381710513098,7.848558633128225,0.0
13.72716747369576,8.48924862670219,0.0
14.116920312130237,9.350882121981632,0.0
14.537374284775034,8.796431348137412,0.0
14.825203277006107,8.93372887118611,0.0
15.062139355528696,8.9857891312596,0.0
15.061749335214605,7.101118063289069,0.0
14.089520490482176,8.198474357668971,0.0
13.883292003394217,7.163718024251027,0.0
15.279022758371939,7.98581115147038,0.0
13.189841862902538,8.466911056490956,0.0
13.901560295014097,9.217464480764553,0.0
13.418630985542958,5.075505783761252,0.0
14.814710700228654,6.414621057591316,0.0
13.666051812329359,2.9342472131996282,0.0
14.771765528108638,3.733374975326191,0.0
13.820166459705531,3.5481137097094044,0.0
14.417566809109745,3.3665792548866813,0.0
15.038982449219029,6.747053139875954,0.0
13.270312769025152,4.330650353513418,0.0
15.202720935452096,3.8813149988942923,0.0
15.281975307312715,4.188456661889778,0.0
14.68676405738109,4.5822031686711195,0.0
14.156146348249347,4.152472205813359,0.0
12.946350959674996,2.9066112865176454,0.0
14.462672913035513,3.6283433732868384,0.0
13.788976220780935,3.312154589500012,0.0
14.356995889817602,5.393838547505335,0.0
14.38672861991261,5.5545418811005005,0.0
13.658542813040878,4.945387702783076,0.0
13.640608005692581,3.5386466094099083,0.0
13.910511902003782,4.47752393973194,0.0
14.174816537569127,5.5454763668752385,0.0
13.820349284390057,2.9289913185566925,0.0
14.329883495053393,5.4949318530877695,0.0
14.323353880905339,5.167551979516037,0.0
13.809461855447093,3.5527235975171183,0.0
1.8173913103615928,1.8837184020308444,0.0
2.9641563423555444,6.113379352444569,0.0
3.0385873883274215,3.2327665469403644,0.0
1.9036563463658283,4.505140329852751,0.0
3.085515686518339,2.2442987443973674,0.0
1.9467333600446708,4.062830567388989,0.0
3.739191686083049,3.760238497081557,0.0
2.3600740066097234,1.2140962281880312,0.0
4.435663223237515,2.782256346439187,0.0
5.660332243728435,1.2565764152837129,0.0
3.4662384561422157,1.67575487319848,0.0
3.3937930160467107,2.3375878860932855,0.0
3.523053323976746,1.0513013815307533,0.0
5.76314638772812,2.538153940246395,0.0
2.290309085575372,1.532661488013267,0.0
4.428948213269146,1.4268531738130472,0.0
3.7097044816715035,4.143889618584259,0.0
2.8448363647343555,5.153296005853174,0.0
1.6240962556059302,5.085170407684335,0.0
2.064429431741205,7.254196344494633,0.0
2.4943090033522375,5.775234860755261,0.0
3.1914469706732356,2.1596426510758926,0.0
4.149093541563974,1.9099397422170181,0.0
2.5768563128494346,0.9113793987827007,0.0
1.7051038515987582,1.1852575304223725,0.0
3.2417771131315347,1.3298821738794102,0.0
4.463531726424398,2.3422550619410956,0.0
4.86377537028269,2.8169827105670078,0.0
2.6693597891553016,2.9696492588849823,0.0
2.2049113659285076,4.019067220464043,0.0
3.2213755160005544,3.1445271670473396,0.0
2.2922820046764616,6.778985568397166,0.0
4.669106025272892,4.016603778032177,0.0
3.9873503730948108,3.4696720393577096,0.0
4.108164475864652,3.1858070690448037,0.0
3.18516313032413,3.78318334956289,0.0
3.0508881556534635,4.162147859850524,0.0
4.841815461211351,2.911570593216569,0.0
4.880534980456896,4.6066622047111165,0.0
5.010830429607082,4.187210358142628,0.0
5.601374766633652,2.0287771261279195,0.0
2.200671524675244,3.699150791135882,0.0
2.085561787320667,2.743540995656343,0.0
1.8892448416408916,4.335196883589778,0.0
2.7284621757180476,2.389085714049227,0.0
3.6093212772826866,2.8256538338876154,0.0
4.970923257032621,2.3007623369444685,0.0
4.885719436550908,3.587911790904993,0.0
4.8125805771619845,2.652699989513384,0.0
2.547145641961852,2.0284669175358134,0.0
4.762380260574522,7.32491679016186,0.0
3.9082857659368377,7.457134089158142,0.0
4.319591133106954,7.125505927830834,0.0
2.4822696143243674,7.265948840645079,0.0
4.197350121514956,7.089201502729584,0.0
5.031270511876931,6.775475838115464,0.0
4.344302452418266,5.854734887999287,0.0
3.130519106725484,7.346012561939839,0.0
2.471963128389619,7.746103450707915,0.0
3.9381572231288677,4.460796662757348,0.0
4.274467523672572,6.088991494233021,0.0
3.99583837483471,6.294792264060483,0.0
4.893921192511306,4.919344761374334,0.0
2.8180719233258187,6.8053119983861725,0.0
5.39966059732497,7.4576813854713,0.0
4.8865720012018725,7.193288377251915,0.0
3.920081393791872,8.0208164603925,0.0
2.961106162039789,8.076112912054928,0.0
1.1957987020450467,7.038990590032946,0.0
2.7973421517687163,5.7631380350119406,0.0
3.9451189991819033,6.586821786181609,0.0
3.5744740914908215,7.06086224419326,0.0
3.3573537765400805,5.7038248592081935,0.0
2.2908561631181015,6.007652868491375,0.0
3.2716776194499797,8.391789130120301,0.0
2.3410395086257436,0.6750968392778556,0.0
5.654513581578551,4.479175640777485,0.0
4.904180865102791,4.94939137692992,0.0
5.587091774393874,5.579622526959847,0.0
4.672369967926323,5.640834583693957,0.0
6.204862945810082,5.969018212396484,0.0
3.049396844844611,5.480304289185115,0.0
5.901411505095277,5.45735644522552,0.0
4.916057023720875,5.36860086854655,0.0
4.942216198230852,5.926175953153409,0.0
2.7827379623841932,4.334404227249504,0.0
3.73132472809541,6.681709141680095,0.0
5.131046072060673,5.893610247059589,0.0
6.187057182713267,5.688830877891225,0.0
5.182125707464433,2.2710820510157204,0.0
4.624097386302862,4.73434322707115,0.0
5.209853694166438,5.42178132490148,0.0
3.6766972141076204,5.458818838175688,0.0
3.9498694115337676,3.8231047664988007,0.0
4.033837970577865,3.8527176226246582,0.0
4.9935112483462305,2.9432931858455293,0.0
4.222377816265362,2.758953570578988,0.0
3.405977704188568,4.794398584562545,0.0
3.13521852259597,5.072021786739134,0.0
4.543484722014203,5.891315768063609,0.0
8.518430926596446,2.1090142483129317,0.0
6.709553383555918,1.5696386603849637,0.0
3.121513295452139,1.9445395457474708,0.0
4.990506644866665,2.0709339551763613,0.0
2.161738182720161,1.091546141663903,0.0
1.9564860701327849,3.438848241859341,0.0
5.155637449843753,1.658871565783548,0.0
2.3166713091931834,4.4848029635132125,0.0
3.588654285952949,2.329739132592538,0.0
3.4676639974992938,2.610190410112239,0.0
4.487157943355653,3.059731887392412,0.0
2.124736206623648,3.7800080360623944,0.0
1.9065979806090847,0.7040739780868155,0.0
2.11233547259613,5.510008534078501,0.0
1.7516876591383268,4.451452771367661,0.0
2.2351027758462827,3.0027045803190027,0.0
4.317779126964405,1.4909573389237125,0.0
2.2791911876179123,3.1461445692203296,0.0
2.1420935273806525,1.1473049865769487,0.0
3.182517831576868,3.4855488939958845,0.0
2.464349076182325,2.1607677077615515,0.0
2.1041511481451676,1.3802586822883214,0.0
3.5789879542883596,2.4507268420301456,0.0
4.080341854736763,3.976055385044423,0.0
4.544820626729321,5.537134588376412,0.0
1.1410627808311018,7.076081227750788,0.0
1.3443267452885712,6.130125403527538,0.0
2.9158014294722894,6.995248420332443,0.0
2.3243806454831564,9.083183612221145,0.0
2.8245792575137214,4.789323500856325,0.0
2.4491618071174934,9.32969538650174,0.0
2.1960524345880765,4.259013045930934,0.0
0.9421096800089515,7.4109437796795445,0.0
1.535098949470582,7.6951555672068315,0.0
3.4364899968244775,7.330302883425982,0.0
4.39717572329884,8.108157526790809,0.0
3.2725547363084546,6.78460967993711,0.0
3.967765333505025,6.759838079115977,0.0
2.399092755503199,7.828020175138363,0.0
3.8573956870373096,8.242215460883003,0.0
3.239477698366913,8.421520822785354,0.0
3.569919902082818,8.064616474893942,0.0
3.6937474745665875,8.306307943162768,0.0
4.333858948939682,4.669781475233228,0.0
4.988663421815163,5.302040790131886,0.0
4.478364146179065,5.21642226562708,0.0
5.146486081353741,7.570669764332699,0.0
4.906342596223635,6.722982419789901,0.0
2.9916587989009287,6.496653899771296,0.0
2.03465078623791,8.235131517692171,0.0
6.4669611932283795,1.4540093136112333,0.0
2.0467415944277847,3.9989672010816224,0.0
3.150670633106409,3.3572129691122328,0.0
4.1623756317808605,3.2733419675960045,0.0
3.2513504177300003,2.5094133938975043,0.0
3.362703116524163,4.883426892058015,0.0
1.4338658934673139,2.628248492384884,0.0
4.289885885501424,2.0228758414214183,0.0
6.769782954798675,2.0402617204300015,0.0
5.3201588861806846,1.3861908558396439,0.0
1.3751687986567969,7.309372737318555,0.0
6.650671715689597,3.069239102722919,0.0
1.1797084575191998,6.3967599142807785,0.0
3.30515493854193,2.234388162377075,0.0
2.9940301989476565,2.2832798849201503,0.0
4.849996580443281,8.099996973919628,0.0
6.485082388627807,3.565485773684552,0.0
4.821287241366495,5.079039320329094,0.0
5.5965332546804225,3.774434446644357,0.0
4.309666068950099,3.1402446113371996,0.0
6.11355675173842,2.0215830710679463,0.0
2.856860322514916,1.5281931940830864,0.0
2.0485221186907587,1.785391110253577,0.0
1.635030258133551,2.5211884078486295,0.0
2.2632845171195326,2.07128981805898,0.0
11.462897522281715,7.033782091970575,0.0
5.4194047822215685,9.168519035699257,0.0
3.9096183061853496,8.000326837564756,0.0
6.685886509209189,6.565635609486123,0.0
4.383683030032924,9.329896246092147,0.0
5.607416829096893,6.567049142566986,0.0
0.915549270607845,9.744854605955483,0.0
4.538961143577622,8.99187870112435,0.0
3.9080027888093807,8.653656268284319,0.0
4.5387380576163165,6.718117548172933,0.0
4.709591279640024,9.542952442543294,0.0
2.9532348769115506,9.5665216976429,0.0
4.533384004211552,9.353561459515959,0.0
6.190529927362304,8.938446675897,0.0
3.846137309229419,9.929803850051865,0.0
3.970604255547472,3.931787677060173,0.0
5.827403145653936,7.7296093135071775,0.0
5.1774793793828975,7.81792138897616,0.0
1.8409101695473429,9.51743356899386,0.0
2.664457877550341,7.600730840647978,0.0
5.140875984618526,7.892728797505583,0.0
6.1121681455590124,6.136108905278303,0.0
3.771489507156499,8.103915575262235,0.0
2.3706782403133952,7.5989882934706,0.0
4.18079796296124,8.664010327941991,0.0
8.077259227060727,1.6408641937430195,0.0
8.697662626035264,2.3454721406559114,0.0
7.475852370090464,1.4984417252643538,0.0
5.745768379790385,3.3205996932286292,0.0
5.1567885168632195,2.3555019808016784,0.0
4.267187762262509,3.1668634066468058,0.0
3.500984264985894,4.258122870299524,0.0
1.6990394176690204,3.907397240721987,0.0
9.466852719994847,4.272912674098209,0.0
8.476256124444514,4.714743718108073,0.0
7.490587620072038,3.435502651472599,0.0
5.907621413969847,5.697564884066904,0.0
8.306222375002534,2.9382245789695887,0.0
10.576267822403217,2.73277805845211,0.0
7.9086408670688035,5.273436431944983,0.0
9.774070654410053,1.6412768979166976,0.0
11.386252641627783,4.305137965645555,0.0
8.227746687370214,3.769415144219332,0.0
11.025537445656827,3.0608549636971585,0.0
8.11337850648878,2.2860837666860654,0.0
7.2096393519391775,1.894867313684454,0.0
6.492416485533145,1.2947965464642115,0.0
4.700192698756357,3.438336505039604,0.0
4.6454926000857,2.3942203866115213,0.0
15.438323070764225,0.12701502103145704,0.0
7.64059642544089,4.776693145503726,0.0
7.452808307591994,7.66451234697799,0.0
8.377144631877323,8.453595875678708,0.0
9.908510792735774,7.719023689064417,0.0
9.425308585260577,8.205770600299664,0.0
9.440288802566377,7.546545799673453,0.0
10.276670895996466,7.284073101096211,0.0
9.23628485223543,5.588300339893286,0.0
2.7609694736269867,8.974794839283891,0.0
7.178808772511153,4.662729617536368,0.0
8.1271359480365,5.364562137183206,0.0
8.46311122223928,6.6219682520843115,0.0
8.365873380957748,4.371189538253324,0.0
9.010694819348307,5.1787977037548005,0.0
8.565241283317599,7.149236779380479,0.0
8.437974914951438,4.382105828383305,0.0
11.730217440526122,2.5610818584516455,0.0
6.400861422088956,2.1679142688549455,0.0
7.625326694877,4.7721481830464105,0.0
9.772256689471243,5.842323194562236,0.0
9.722794779227538,7.138894022232781,0.0
8.41002921771157,7.29579450277551,0.0
7.9332731696305725,4.514377234431117,0.0
8.802040314616187,5.279481842246722,0.0
9.154188534730462,6.277612087336467,0.0
8.894488816075127,5.061204961742983,0.0
8.547531273480951,7.302271085274693,0.0
8.44758847858287,9.429244474114,0.0
6.215086446483528,9.544665693031266,0.0
9.664126120869234,7.277902207618515,0.0
8.945516225973675,6.9792414229172035,0.0
7.402318710572601,5.190023739382584,0.0
3.848300204244569,9.077059309913432,0.0
4.230978302557288,9.0663278442702,0.0
5.461920687527105,3.737854703775795,0.0
7.733845494390473,4.0627825361491565,0.0
7.657149552514927,6.317991286312168,0.0
8.413156097310445,4.861663574651543,0.0
8.837830105589541,5.7067056122822235,0.0
7.661716792265241,6.3603690734556055,0.0
9.399190611878792,5.875206698444401,0.0
9.50350845717511,6.907927294497464,0.0
8.427094913807345,7.4397060206630545,0.0
9.342454098720706,7.049977844762125,0.0
8.518944849767976,4.84249359995474,0.0
9.07927420237663,6.7533602213031125,0.0
9.065177065041704,8.190609651022513,0.0
11.288352045038204,9.118531573119506,0.0
9.067463143851489,9.030672522544817,0.0
7.405087019740725,8.64071188419474,0.0
9.430814259467384,4.421383856114095,0.0
9.333870751614793,4.982110734794967,0.0
8.965574007853412,6.28931742553779,0.0
9.906845145441403,5.913029784153713,0.0
6.999074369270337,3.6964265190918932,0.0
8.991966878171134,3.2395916906241116,0.0
9.18229108647251,1.7913843146395747,0.0
9.731889419180527,8.160104231039039,0.0
9.250374554317693,3.9298285304256493,0.0
8.305147577540321,4.275743642726603,0.0
3.027067422339352,2.566688835014464,0.0
15.35435172126142,1.9850963998606779,0.0
12.764112664115308,2.1975167906821906,0.0
9.06151328152284,2.270782231637075,0.0
6.156582468125726,7.64372941611834,0.0
6.167719126884376,6.957266991024699,0.0
5.304099334536974,4.083507251924978,0.0
8.299763458056614,2.902077958550125,0.0
9.399039323007578,1.9430541339821874,0.0
9.225453563381837,2.8380874369352265,0.0
9.562383224312,4.348308406356132,0.0
7.919198054035562,4.389811834208701,0.0
8.115305133177444,7.465102544037806,0.0
7.667042177566998,7.828173908831836,0.0
7.025940907599757,6.048236151270196,0.0
8.359845131391632,7.8865556435562585,0.0
10.251795762485923,6.352798997571149,0.0
9.124770463362816,6.781571605250764,0.0
9.499427200679254,4.722038375697994,0.0
9.33910690493058,3.3320252882282504,0.0
9.561028630309178,6.596801332979635,0.0
9.499457942849444,5.806274919103827,0.0
5.495865767347277,2.1920433893717597,0.0
9.638100106409267,4.817123106838936,0.0
9.515890768283596,5.253186306398528,0.0
9.497056271564148,4.963373706856399,0.0
9.213290994014637,6.024362641792,0.0
9.813956807579586,6.389225426985892,0.0
8.328638342543014,6.278407152521731,0.0
9.15569887490634,6.70561028363306,0.0
9.225276155624691,6.111692915569251,0.0
8.228429530332596,5.365556992048324,0.0
9.803063136159524,5.3587828621009965,0.0
9.166260708456443,7.401471199091501,0.0
8.50258854291424,7.472508549592526,0.0
9.085892928561906,4.073254924759828,0.0
10.541250627582196,8.77805596816549,0.0
9.75602824769556,6.458454508524739,0.0
9.755760069914691,5.759550847595629,0.0
10.279897826979647,6.143394788730895,0.0
9.551153817445835,6.692170557482862,0.0
10.534044173424359,8.79693411123728,0.0
11.49912811429858,7.04212335537615,0.0
9.699843557530903,6.7887628739527655,0.0
6.7203147217171795,9.217722819559619,0.0
8.565853607622568,7.474875667948676,0.0
7.930772820201434,6.248414246784702,0.0
8.685843619397943,5.245576229163561,0.0
11.276119654365074,5.71190623763369,0.0
12.16005112977641,0.8405713433985821,0.0
13.87245909660345,9.513573823903718,0.0
10.719135623976097,6.01680274845818,0.0
10.228380619142374,6.598154908231524,0.0
12.070471516237314,6.282812171923885,0.0
10.777194896338145,5.757586843037079,0.0
12.491165065395297,7.470106543814675,0.0
11.91421095511729,4.534461952212078,0.0
8.831351288750229,2.822591553102334,0.0
8.8825396415878,9.641419082384576,0.0
10.54096387079695,6.5637641019185144,0.0
11.774219589418497,6.8576370316409605,0.0
11.446889599756926,8.281016246573179,0.0
11.136433203860248,4.168322749909801,0.0
8.760056828796548,6.937693685244272,0.0
9.59160914219565,7.142874344991195,0.0
7.0536109947558785,6.80553034454068,0.0
6.148797849316897,9.946844532699098,0.0
10.51525865167282,8.834373176303659,0.0
5.436982034509,8.035509722264573,0.0
6.141394797462228,9.10553548485441,0.0
8.55352790272029,8.495672620998828,0.0
7.609812374309926,7.837482684427157,0.0
5.6126307341831705,7.331861493336244,0.0
7.167137102619398,9.302185757439341,0.0
5.581385561742574,9.184857889546993,0.0
9.546608464304944,6.431187298226555,0.0
8.888975154199356,8.690433643670385,0.0
7.863396939446446,4.842701680582632,0.0
11.937036252678523,7.338984400117717,0.0
7.338651536440675,7.19839581047055,0.0
9.24745351141465,9.41371830317447,0.0
13.720278201287185,9.445724633099788,0.0
10.954353867051761,6.819272462951846,0.0
12.959220829247384,5.752924762658174,0.0
10.770101004316695,7.520617668821165,0.0
10.814472146134154,9.149879562921088,0.0
7.755776514765986,10.340123312318509,0.0
6.008622603049282,8.045115481170251,0.0
8.998987652526058,7.5796259765389165,0.0
16.35548478810596,4.609314921033314,0.0
