-17.5,-10.352941176466956,0.0
-22.409444815886907,-10.39508291226861,0.0
-22.03486486486411,-10.357567567567944,0.0
-21.25,-10.359049773755945,0.0
-17.5,-10.280518097941153,0.0
-19.214364739288737,-10.011129114098877,0.0
-15.003338063468236,-9.748330968265883,0.0
-19.81787745901968,-9.977374180326771,0.0
-19.04358200836951,-10.75,0.0
-22.66264685036429,-10.331323425182147,0.0
-19.75,-9.25,0.0
-21.56876554998162,-10.342911734629087,0.0
-19.0,-9.25,0.0
-18.940449194608156,-9.25,0.0
-22.0,-10.750000000000002,0.0
-19.383134474612557,-9.679538960666676,0.0
-22.346432659194058,-10.403567340805944,0.0
-22.0,-10.75,0.0
-19.62962325851617,-10.75,0.0
-21.54253362619692,-10.29253362619692,0.0
-20.82961815426114,-10.75,0.0
-15.23384615383071,-10.749999999999998,0.0
-16.530060120239877,-10.26503006011994,0.0
-16.183549432745266,-9.872366288496844,0.0
-14.499999999999998,-9.498273008359757,0.0
-16.090201883217137,-9.580603302123817,0.0
-16.24397027554644,-10.75,0.0
-19.01695570394531,-10.351162033345748,0.0
-19.438493958977823,-10.153161000281948,0.0
-18.795686719639097,-10.204597048808688,0.0
-13.0,-10.320963384628893,0.0
-18.232957349051976,-10.75,0.0
-18.0,-10.25,0.0
-16.539093174358605,-10.497793484083937,0.0
-17.98262032085608,-10.75,0.0
-18.0,-10.75,0.0
-11.808823529400865,-10.75,0.0
-17.58136544307056,-10.43435819499543,0.0
-14.51676786018296,-10.18268942372498,0.0
-16.908852927169235,-10.338767253686969,0.0
-13.524531668153106,-9.25,0.0
-10.601909013195655,-10.148090986804345,0.0
-13.470817120623137,-9.764591439688433,0.0
-12.808814529142914,-9.686271509714306,0.0
-14.605332480499598,-9.561283873386472,0.0
-14.5,-9.759537714109749,0.0
-14.381085845273827,-9.25,0.0
-11.563093622792547,-9.707937584804968,0.0
-11.252350764668403,-9.795860189553714,0.0
-15.639700230591627,-10.0,0.0
-12.155060552080856,-10.342879710177936,0.0
-9.509476775226833,-10.259476775226833,0.0
-12.690100430420514,-10.749999999999998,0.0
-13.383601279726388,-10.130060977446192,0.0
-8.5,-10.75,0.0
-8.904312524484581,-10.75,0.0
-11.318876935697663,-10.189625645232553,0.0
-10.787291472187732,-10.75,0.0
-14.775735294118006,-9.801470588236008,0.0
-10.346836350600048,-10.164411184800015,0.0
-9.858823982004541,-10.291924921560705,0.0
-5.5,-10.75,0.0
-11.945017670244935,-9.827084351312589,0.0
-7.937293460513623,-10.75,0.0
-9.537454214352682,-10.75,0.0
-10.294172621185176,-10.75,0.0
-3.662716888119294,-11.89478517980322,0.0
-6.429079909458432,-10.75,0.0
-9.009497332291843,-10.75,0.0
-8.168711984727059,-10.165644007636468,0.0
-11.372331282785414,-10.226164087923975,0.0
-9.43106359032193,-10.263787281935615,0.0
-9.443706093204934,-9.712294105370727,0.0
-7.276334435519354,-9.659541804439918,0.0
-13.306913632820596,-9.709012424303543,0.0
-9.901639344279538,-9.864754098365584,0.0
-8.69841924119854,-9.586422367294912,0.0
-9.531981279250422,-9.71801872074958,0.0
-7.716955747497218,-10.358477873748608,0.0
-7.000000000000001,-9.25,0.0
-5.499999999999999,-10.75,0.0
-6.964567370410764,-10.749999999999998,0.0
-1.278905582064501,-13.14887701347961,0.0
-6.030060120239878,-10.75,0.0
-6.27554179566824,-10.749999999999998,0.0
-4.346524492983691,-9.25,0.0
-6.010468594217244,-10.239531405782756,0.0
-5.13392363032631,-10.383923630326308,0.0
-5.766811279826978,-10.43577626278299,0.0
-6.999999999999999,-10.75,0.0
0.21644722215580525,-12.871929629541071,0.0
-5.5,-9.7866699702665,0.0
-4.493449571518016,-10.50327521424099,0.0
-3.088050215050358,-10.65243920852679,0.0
-4.889006342495888,-9.694503171247945,0.0
-5.763281712520685,-10.75,0.0
-7.332751204757231,-10.750000000000002,0.0
-4.137611434401688,-9.621960690770162,0.0
-2.908897302414923,-9.25,0.0
-5.955254777069042,-10.401751592356348,0.0
-1.0075596849487374,-11.41558095715708,0.0
-3.569339831635407,-10.319339831635407,0.0
-2.5,-10.75,0.0
-3.575742948808383,-10.75,0.0
-2.1504787961675724,-9.825239398083788,0.0
-3.592665770207507,-10.75,0.0
-3.067507963419361,-10.75,0.0
-2.1054889787804796,-10.750000000000002,0.0
-8.066652560304558,-9.25,0.0
-1.9873463925052173,-9.762653607494782,0.0
-1.7512490501469635,-9.815863777094547,0.0
1.1537349454564543,-10.040219038420485,0.0
-3.0729088311789647,-9.048288069756259,0.0
-2.5013325436866927,-9.550266508737339,0.0
-5.808668746679583,-10.383338943333516,0.0
-3.2895263509011263,-9.539478700085821,0.0
-0.6817360214140258,-8.388702593754035,0.0
1.2595672470668886,-11.950673530189892,0.0
0.3285797210122754,-9.421420278987725,0.0
-3.6580011114012865,-10.658200614158275,0.0
0.49999999999999994,-13.199672873679672,0.0
1.5570022808197774,-18.249999999999996,0.0
1.5239442751411763,-15.25,0.0
0.5,-15.86209796652997,0.0
0.17284455185332953,-10.895408344584618,0.0
1.4321945371009002,-14.787321494280382,0.0
2.0,-18.250000000000004,0.0
1.0425341771406675,-16.335068354281336,0.0
0.9837291603309846,-16.75,0.0
0.7953684823769973,-15.545368482376997,0.0
0.5,-15.78053269813779,0.0
0.7878359107150276,-14.962164089284972,0.0
0.9770145559790016,-13.818956332062992,0.0
1.0821908691597943,-15.33904565420103,0.0
1.629254742716228,-11.38041523548577,0.0
0.7778615909320861,-16.04746792596335,0.0
1.5115059284141505,-14.590209803125944,0.0
0.9140052588994404,-14.545221301294177,0.0
0.9426379601418228,-10.820869255786645,0.0
1.4795347032836246,-11.424170705299293,0.0
-0.39423406932848515,-12.221170346642426,0.0
1.015118352681165,-9.531140944754144,0.0
1.2885605956542467,-8.152580016039712,0.0
0.4999999999999999,-9.58411100127182,0.0
1.4209572729520756,-6.012871818856227,0.0
2.0,-10.786591469525485,0.0
1.3080312863186776,-17.41952772906615,0.0
0.49999999999999994,-8.949279771378166,0.0
0.9030315555112965,-7.75,0.0
1.5224690507331067,-14.227530949266892,0.0
1.4719882968880877,-10.930889327069158,0.0
0.5,-11.38152658233929,0.0
1.25,-10.182300163132835,0.0
0.9462809917363697,-10.7128099173637,0.0
0.9350607185924676,-11.582977473734005,0.0
1.7232532751080976,-12.999999999999998,0.0
1.6412966461973721,-10.456483230986862,0.0
1.589000883976121,-13.220414579499682,0.0
2.0,-10.749999999999998,0.0
2.0,-12.073108008817695,0.0
0.5,-4.776454374217099,0.0
1.4052234787296434,-3.7026117393648215,0.0
1.600741355609548,-8.388270621981118,0.0
0.5,-4.661697732007439,0.0
1.6483516483515535,-9.788461538460876,0.0
0.5,-3.25,0.0
0.5,-3.25,0.0
0.5,-5.825038985596153,0.0
1.0551973020129608,-6.663423031709178,0.0
0.9111654462169776,-7.467214123748901,0.0
1.5287810244910558,-7.006985284230743,0.0
0.4999999999999999,-10.399980383663072,0.0
0.9382717621812424,-5.594418475804137,0.0
0.9839762417898021,-4.499276122067568,0.0
0.8988436871655041,-5.643062122993024,0.0
0.8961597681376429,-4.0423195362752855,0.0
0.8830174271695866,-7.3990522815087605,0.0
0.5,-4.4273954174108106,0.0
1.150195073510079,-5.290456683944781,0.0
1.6501767162586067,-10.464339451238232,0.0
2.0000000000000004,-5.0724483102960445,0.0
0.9391775402431389,-5.568385568844863,0.0
1.4520573304324182,-4.202057330432418,0.0
1.6826059263831263,-5.067394073616874,0.0
-0.9678549726546335,-6.217186550535508,0.0
1.0054885266414593,-5.311211721430599,0.0
0.8713416007001317,-5.759456910981578,0.0
0.011330621731518553,-6.199012202208167,0.0
0.9680929368282006,-3.232169475172503,0.0
0.9927806241267221,-5.264438751746556,0.0
1.0700920933610156,-5.496340838027735,0.0
0.49999999999999994,-4.282584862468292,0.0
0.5000000000000001,-1.7500000000000002,0.0
1.450617488141712,-5.9503742474700685,0.0
0.8590073172924118,-3.904043903754471,0.0
0.5,-3.1207970150717497,0.0
1.9999999999999996,2.9217221248586607,0.0
1.0956271002612639,-4.1325084010450555,0.0
1.5828197226500182,0.29140986132500923,0.0
0.9084829120738012,-2.2361284242860457,0.0
0.49999999999999994,10.023282852403963,0.0
2.0,2.9074850528998386,0.0
1.6200184039889667,4.446632284020169,0.0
1.5573801652150707,4.213099173924647,0.0
2.0,6.514741209871119,0.0
2.0,1.555189124177685,0.0
2.0,3.0205079162681754,0.0
2.0,2.0,0.0
1.9999999999999998,1.9999999999999998,0.0
1.0229044523377,1.4915198024239023,0.0
1.9782858628242224,6.648103365472171,0.0
0.5,6.5,0.0
1.5064316968372462,8.01929509051174,0.0
0.9903140645369015,8.82438826609424,0.0
1.598030593113687,7.96764029357217,0.0
7.351372848790756,3.9256864243953786,0.0
2.046129652280031,8.0,0.0
1.209848575175117,9.10492428758756,0.0
2.0,8.0,0.0
5.043371064085926,8.0,0.0
2.0,9.5,0.0
1.4178625638199216,8.560818269628363,0.0
0.5,6.5,0.0
4.0263668694782915,5.89910326471278,0.0
0.5,9.627776881478292,0.0
0.5,6.499999999999999,0.0
4.053979649478949,8.473010175260526,0.0
2.384597424398497,7.448785672313607,0.0
2.0,12.5,0.0
7.237831318141579,6.88108434092921,0.0
1.0373746766031404,8.987638498390993,0.0
1.1759073529131694,8.32444093449516,0.0
2.0,7.694142272188431,0.0
1.303317535544866,6.848341232227568,0.0
2.4517245716629645,7.693101713348139,0.0
1.5485436653175595,9.499999999999998,0.0
1.5161197466896021,8.532239493379205,0.0
1.2725622913309422,7.18353094920592,0.0
2.0000000000000004,7.8314993122428636,0.0
0.5,6.499999999999999,0.0
0.5,12.499999999999998,0.0
2.427978448202737,9.93212931078358,0.0
0.5,10.399068366243995,0.0
0.9637404580154331,10.072519083969132,0.0
0.5,10.597049961717408,0.0
0.7860877926171326,9.813319513277133,0.0
1.5083377249980447,11.066411628208234,0.0
0.5,8.416574066159715,0.0
0.9397406717812129,8.445398700952769,0.0
2.0,12.5,0.0
1.5455170199323867,4.726897880405677,0.0
1.4632166412990197,5.220700152205882,0.0
2.0,2.468362950073767,0.0
1.0267919032879496,6.866040483560253,0.0
0.49999999999999994,10.569837734648026,0.0
1.5635737232019264,5.682131383990368,0.0
0.9628872406216784,10.364805345727904,0.0
1.9999999999999998,1.9999999999999998,0.0
0.9770145559790016,10.476473820649158,0.0
1.0258524724259293,7.844885165444426,0.0
1.9999999999999998,7.999999999999999,0.0
9.12817773979918,5.384533219397538,0.0
3.8196183298900466,8.0,0.0
1.3788492991876908,4.8182739487815365,0.0
4.519997447357503,6.559992342072511,0.0
3.6352353003370603,8.0,0.0
3.9786339970450735,6.467950995567611,0.0
5.207421189539046,6.0075713164730775,0.0
4.412459850355775,5.157415118810727,0.0
4.822810783098641,6.015783825352039,0.0
11.285505482552473,6.171843581385776,0.0
9.146088611226993,6.278636960464299,0.0
8.412141472012243,8.0,0.0
9.336090903175469,7.5267103013473875,0.0
7.569480465413713,7.557993650344597,0.0
11.0,8.0,0.0
7.4837689635620785,6.550416586845333,0.0
10.924549579531776,6.889278528531861,0.0
10.460375988818203,6.108149979056338,0.0
5.647091402279983,7.218868235820229,0.0
11.0,6.025002342532236,0.0
9.5,4.491633128574508,0.0
11.74788270649773,4.483516983882048,0.0
7.0692499731515035,7.201086058793429,0.0
11.407175225374335,5.120070696660682,0.0
11.0,3.5,0.0
9.96121666376175,6.499999999999999,0.0
10.53076186791649,3.9692381320835093,0.0
10.462563215575626,4.518718392212188,0.0
11.324175262990943,7.324634868751987,0.0
11.480562144479709,4.381066856108479,0.0
11.410627032632785,6.768118902101643,0.0
10.31624198843187,3.8418790057840644,0.0
12.543774319065932,5.514591439688645,0.0
11.02963635347534,4.152352590192834,0.0
11.365507850048123,5.365507850048123,0.0
14.384063488395338,5.704632992593012,0.0
12.001310311194118,4.832459792537255,0.0
13.045800437493163,5.6383290843847815,0.0
11.353511305278728,4.594183450573186,0.0
12.778365856573195,6.167548784859795,0.0
12.805497087819749,6.466575921680142,0.0
10.575417201540073,7.150834403080147,0.0
9.856893910924533,6.007676626503437,0.0
8.294036443951182,5.450993926008136,0.0
9.58332654087427,4.592814199969541,0.0
9.154685527505194,3.9706798563497863,0.0
10.44041450777231,5.94041450777231,0.0
12.014076538344304,5.137950804548305,0.0
9.570382328157972,4.677786746118479,0.0
8.947319104855545,7.0041293796396324,0.0
10.484558040468665,5.984558040468665,0.0
11.582542275912816,7.082542275912818,0.0
10.403641874081933,6.376722098046832,0.0
11.0,6.451519833028238,0.0
10.345927871219384,7.230784292032288,0.0
9.685328185327707,5.302377565536036,0.0
9.984457483418112,6.984457483418111,0.0
10.753426458979618,5.331789356795662,0.0
9.070461039334823,6.335021368050442,0.0
10.999999999999998,4.976287892877201,0.0
11.77844792923302,4.108162444711928,0.0
10.042546316242724,5.957453683757277,0.0
11.423887392680648,5.835356209399834,0.0
11.0,6.082653499355414,0.0
10.27730192719645,4.222698072803549,0.0
10.455671866642898,4.975809651565427,0.0
10.18511590273224,4.401943256784802,0.0
9.930985347093449,4.748911585368921,0.0
10.409981697255512,5.590018302744489,0.0
10.672293824028873,5.118368975546045,0.0
11.570568541685152,5.464715729157424,0.0
11.490033665544741,6.58504716509376,0.0
12.183721880918675,3.8428177581490335,0.0
12.049313358301813,5.598626716603629,0.0
10.206943602182514,4.082777440873006,0.0
11.35173701356926,8.0,0.0
10.918954390111082,5.5663545740756115,0.0
10.91836896256724,5.747083941990065,0.0
7.352578928384964,7.5737105358075185,0.0
12.922347448120217,3.5,0.0
11.920187923060396,4.842242130869797,0.0
11.070983810709617,3.5,0.0
10.665628902122885,3.5,0.0
12.099244389308335,3.5,0.0
10.739274307592986,3.5,0.0
11.826984647102377,4.856734727314151,0.0
8.0,3.5000000000000004,0.0
12.84689779106574,4.65310220893426,0.0
11.446515097076636,6.5,0.0
14.0,6.372881355933066,0.0
24.35204991087432,5.549316696375227,0.0
12.654887088434814,4.586278227891297,0.0
15.21652627009982,7.1905565522309605,0.0
12.645435790561038,5.012251107440013,0.0
12.971350427250055,6.971350427250055,0.0
11.60885753844941,4.554428769224705,0.0
12.541807246589226,7.02787149772615,0.0
13.011937620574793,6.557365791062718,0.0
13.487687637038302,3.5,0.0
23.611732862774524,5.0,0.0
23.72891566262302,4.957831325246044,0.0
22.72406579163266,6.190112454698882,0.0
21.452883834283014,5.2713241267313276,0.0
24.5,6.5,0.0
22.38620826973364,5.5235946107387575,0.0
20.0,3.5,0.0
22.668414530785174,5.433091225095615,0.0
22.28059950041581,5.000000000000001,0.0
24.754833414177973,5.0,0.0
26.0,4.054704595182404,0.0
22.385809613515725,5.885809613515727,0.0
25.612518947072193,5.371981810794162,0.0
24.5,3.5,0.0
25.383211678834247,4.383211678834248,0.0
21.44539614562809,4.222698072814046,0.0
26.3397901160414,4.660209883958602,0.0
22.55074953154231,4.5202998126169245,0.0
22.57995227670171,4.1908301964074175,0.0
22.614814210189422,5.0,0.0
24.115197236866223,5.571423377555439,0.0
21.700938976626418,5.200938976626418,0.0
21.5,5.0,0.0
26.0,6.5,0.0
23.72918418838817,5.932296047097044,0.0
26.346619895916643,4.68371174539019,0.0
21.177496173626768,6.5774650582738055,0.0
24.04436131533427,4.723015997160976,0.0
21.5,6.068881291808278,0.0
24.878787878797063,4.2575757575941235,0.0
26.813678021681316,7.542452014454209,0.0
24.906616862329564,8.0,0.0
21.0941929583738,5.731595793331332,0.0
24.572873890842793,8.0,0.0
25.9338956885725,5.974340122564489,0.0
21.40644932672063,5.844082211201048,0.0
21.87355613958756,5.874390409834396,0.0
23.481085442211366,6.058169793523952,0.0
22.749999999999996,5.749999999999998,0.0
22.588330185389516,5.9326894237249785,0.0
25.233825198626146,5.979001135047433,0.0
26.0633181904725,5.651137809407589,0.0
26.153635116595737,7.634202103334334,0.0
26.637658294481575,4.971673619692888,0.0
25.075817287636173,5.575817287636171,0.0
25.44469944390117,7.569820813834917,0.0
24.000528541231496,5.332980972512336,0.0
26.738429172488573,7.76332398316622,0.0
25.538338658145744,6.961661341854261,0.0
22.520738996556087,6.272595544295867,0.0
31.540669856457875,6.95933014354213,0.0
31.012898330804056,8.0,0.0
30.954976303315853,7.545023696684149,0.0
31.63028127735498,6.850236807552076,0.0
31.042601996749404,8.000000000000002,0.0
31.999999999999993,6.800330145962553,0.0
30.445989883817592,8.0,0.0
30.91615289766031,8.0,0.0
31.642410807949616,7.233281336948207,0.0
31.686249193024473,7.2408005164680285,0.0
31.183255902152982,6.263828576844903,0.0
26.855371900836438,7.1074380165272615,0.0
32.0,6.928289613452156,0.0
31.22360645163469,7.506362725813481,0.0
29.439727954970646,8.0,0.0
32.00000000000001,6.931118708189199,0.0
31.00295711885871,4.995564321711926,0.0
30.455161472529642,7.227580736264822,0.0
31.191259242004563,6.486665430845217,0.0
31.454793275779828,8.0,0.0
30.45622568093406,3.9708171206227094,0.0
32.0,6.5,0.0
32.0,5.240650909450398,0.0
31.418660287082638,3.959330143541319,0.0
31.644792164483192,4.644792164483193,0.0
31.081554635233374,4.540777317616686,0.0
30.486468153677663,6.1447528802507785,0.0
32.0,5.299397515965446,0.0
32.0,4.468522072986573,0.0
31.17399530343071,4.477377229290006,0.0
22.302480116755568,6.852652395059075,0.0
21.804301240892862,3.4999999999999996,0.0
20.0,3.5,0.0
24.5,3.943291657726177,0.0
21.142432432432056,4.25,0.0
25.30163519409782,4.3449351972814,0.0
22.05836575875373,4.529182879376864,0.0
24.07067137809,5.21731448764,0.0
27.613378431206613,4.472881342407602,0.0
22.185101580131267,4.592550790065632,0.0
23.5,5.5,0.0
23.392741799069825,6.203934557782231,0.0
23.784025096516544,6.825772200774101,0.0
23.626404494374924,3.9747191011250163,0.0
21.979733481401666,5.734591893405085,0.0
22.554345905038456,7.554345905038457,0.0
23.67873303167582,5.821266968324179,0.0
22.548189333840217,5.52409466692011,0.0
24.685393258428373,4.1699699909230095,0.0
23.095960120230316,6.609494205355417,0.0
