79.7331911338178,66.24775211185091,3.700000000000001
79.41978299701194,66.60117124214631,3.6999999999999997
79.81428816195998,61.15419477221403,3.7
79.81428816195998,61.15419477221403,3.7
80.18208619919444,65.50647936902361,3.6999999999999997
80.18208612955618,65.50647847424746,3.7000000000000006
80.00496618619079,66.11879165830325,3.700000000000001
73.20888806269664,73.4617772081325,3.7000000000000015
73.20888806269664,73.4617772081325,3.7000000000000015
73.20888806269664,73.4617772081325,3.7000000000000015
76.86614512346101,64.62285202583627,3.7
76.86614584133913,64.62285083040022,3.7000000000000006
76.86614564486668,64.62285119763837,3.700000000000001
76.75783662260142,61.53875227501324,3.700000000000001
76.75783662260142,61.53875227501324,3.700000000000001
76.7578368584842,61.53875218442845,3.700000000000002
76.71816160075636,57.41861887949347,3.6999999999999984
76.71815911266688,57.418617357267124,3.7
74.45286558570972,56.355550970150986,3.6999999999999993
74.1931970733184,56.25431971997822,3.700000000000001
76.13646241474746,57.43724667485407,3.7
76.13649414076119,57.437263636463186,3.7
76.13652137440418,57.437278186683436,3.7
79.8632949780969,59.44134620017369,3.7000000000000006
79.86679136040976,59.466173985620614,3.700000000000002
79.86679137811161,59.46617395713977,3.6999999999999993
74.62642590888254,64.61937676755616,3.6999999999999997
74.62642556318772,64.6193767921715,3.7
78.87285800379613,58.9860915213348,3.7
78.87285773915428,58.98609082507147,3.7000000000000006
85.84960443555613,52.57313054023986,3.7000000000000006
85.84960432329174,52.57313064911939,3.7
85.84960457346546,52.57313059436782,3.7
87.92713936642566,51.23201817120346,3.6999999999999997
87.92713936642566,51.23201817120346,3.6999999999999997
87.92713932164261,51.232018181836025,3.7000000000000006
87.66265439641292,57.61009206169496,3.700000000000001
87.66265439641292,57.61009206169496,3.700000000000001
87.66265439641292,57.61009206169496,3.700000000000001
87.95666062060118,58.27454649473789,3.6999999999999993
87.95666068030211,58.27454655510299,3.6999999999999997
87.95666074172627,58.27454661738772,3.7
88.15896847328304,54.55304400734712,3.7000000000000006
88.08962433924582,54.360613937811046,3.7
88.08962485570889,54.36061397082382,3.7
89.34684813924973,51.78537796229531,3.6999999999999997
89.34684857800166,51.78537775707923,3.7000000000000015
89.34685045025704,51.78537777590761,3.6999999999999997
84.9259972379615,55.45076282396904,3.6999999999999997
84.92599775231156,55.45076203736738,3.6999999999999997
84.92599835164329,55.45076116633348,3.6999999999999993
80.21030741297207,56.033431468972566,3.7
77.95358558439614,46.42028296327392,3.700000000000001
77.95358575048452,46.42028310768514,3.7
77.46114920577527,48.90507729774396,3.700000000000001
77.46114920577527,48.90507729774396,3.700000000000001
77.46114871496262,48.90507828059789,3.700000000000001
77.73365476211674,49.40732734886982,3.7000000000000006
77.7336547889182,49.407326971379305,3.700000000000001
77.7336547889182,49.407326971379305,3.700000000000001
71.50339935204221,41.43267435894587,3.700000000000001
71.5033993642118,41.43267440386732,3.6999999999999993
71.56644584423546,40.57187235885749,3.7000000000000006
71.56644584423546,40.57187235885749,3.7000000000000006
71.56644606109431,40.57187254553726,3.7000000000000015
73.1324501308539,41.551681792857536,3.7000000000000006
73.1324492287829,41.55168114004481,3.6999999999999993
68.36718768871222,37.44539736610639,3.7
68.36718768510076,37.44539747739931,3.7000000000000006
68.36718775226133,37.44539699315562,3.6999999999999997
67.88435518517869,37.65883078175493,3.7
67.88435551310904,37.65883043986817,3.7000000000000006
67.8843556407932,37.65883032474904,3.6999999999999997
77.53543969735371,54.06563078101338,3.7
77.53543509020126,54.06562039641833,3.7
77.53543381237341,54.06561751471148,3.7000000000000006
69.10408303533201,44.1265320450034,3.7000000000000006
69.10408327727004,44.12653187056392,3.7
69.10408303533201,44.1265320450034,3.7000000000000006
69.65589269475414,50.43052694284112,3.7
69.655882487708,50.43051912892278,3.6999999999999993
69.65587924876533,50.43051664829463,3.6999999999999993
63.841160218959686,48.235479448028045,3.700000000000001
63.84115823153688,48.23547787043746,3.700000000000002
63.84114780537513,48.235469595528244,3.6999999999999997
53.83135285082041,43.69708766018041,3.7000000000000006
53.83135182913493,43.69708736801412,3.7
53.831349470640006,43.697086713144905,3.7
53.83134860552986,43.69708648141588,3.6999999999999993
52.07714312709295,41.94237015540227,3.6999999999999997
52.07714292836768,41.9423701631185,3.7
52.07714280310372,41.94237017202018,3.6999999999999993
60.31350135244099,43.84844297971741,3.6999999999999993
60.31350233027358,43.84844323612095,3.6999999999999997
60.313495967437305,43.84844158036504,3.7
58.210213768086085,37.86569424779587,3.7000000000000006
58.210213768086085,37.86569424779587,3.7000000000000006
62.15231921756009,42.01953873038477,3.7000000000000006
62.15231921756009,42.01953873038477,3.7000000000000006
62.15231908701998,42.01953851018948,3.7
69.00294036737353,49.22524053089117,3.7
69.00294941048132,49.225248820283355,3.7000000000000006
69.00295204186828,49.22525123413632,3.7
73.67997310136168,55.32300162747172,3.7
73.67997310136168,55.32300162747172,3.7
61.63980421050763,47.723274479040775,3.6999999999999993
61.63986115708892,47.72331102124862,3.7
61.63987442007177,47.723319532035866,3.7000000000000006
58.135716691884674,47.43905108931588,3.7
58.13573984178418,47.43906383290366,3.700000000000002
67.11627260955271,51.51648491308261,3.6999999999999993
67.11626587258192,51.51648131001437,3.6999999999999997
79.18224253750276,58.99217664108209,3.7000000000000015
79.18224253750276,58.99217664108209,3.7000000000000015
66.39440163217232,49.41442292126194,3.7000000000000006
66.39436827619194,49.41439977012601,3.6999999999999993
66.3943679287788,49.414399632533495,3.700000000000001
66.66497895857027,47.21785822616021,3.7000000000000006
66.66497937944267,47.21785856863484,3.7000000000000006
66.66497880043624,47.21785809436821,3.7000000000000006
69.34313483301551,42.45565057683321,3.700000000000001
69.34313546668028,42.45565153890433,3.7000000000000006
69.34313483301551,42.45565057683321,3.700000000000001
74.22173104325984,48.09318029610405,3.7
63.93028475382984,42.24221031971842,3.7000000000000006
63.930276204538885,42.24220470792238,3.6999999999999997
71.01064846143206,52.989020784399955,3.6999999999999997
71.01065094740792,52.98902267584891,3.7000000000000006
62.918855363445104,45.54493656719403,3.7000000000000015
62.91885558394077,45.54493734393415,3.7000000000000006
62.91886470686356,45.54494546196552,3.7
32.608787200109596,26.316408139160885,3.700000000000001
32.6087878619019,26.316408001873324,3.699999999999999
32.6087874914751,26.316408071194672,3.6999999999999997
30.37254354498258,26.14187784565965,3.7
30.372543640367248,26.1418779392794,3.6999999999999997
30.372543749236023,26.14187804163613,3.700000000000001
30.37254400742576,26.14187827256036,3.700000000000001
33.39958337173203,29.236713804038235,3.6999999999999993
33.39958337173203,29.236713804038235,3.6999999999999993
33.39958349578762,29.236714144212105,3.6999999999999993
28.177010111326805,25.397638518167597,3.7
28.17701077668723,25.397639211514377,3.7
28.178559629393067,25.39300709671777,3.6999999999999993
32.82366900269256,27.369596679381644,3.6999999999999997
32.82366859302246,27.369595594351598,3.7000000000000006
51.24853070775726,38.24589684526177,3.6999999999999993
51.24855358976134,38.24591393957138,3.7
31.41105448879837,22.548333585297502,3.6999999999999993
31.411054425308464,22.548333759356105,3.7
31.411054762434734,22.548332773831604,3.6999999999999984
28.109646227000727,19.61389584470274,3.7
28.1096459236567,19.61389512894172,3.700000000000001
24.837828212591177,14.726876761032162,3.7
24.83782717942588,14.726875598566167,3.6999999999999993
22.247658111646434,11.565909965332118,3.6999999999999997
22.247659849793592,11.56591120293901,3.7000000000000006
22.24766069329882,11.565911806946493,3.6999999999999993
20.331008074014647,10.547580666905697,3.6999999999999993
20.33100832592461,10.547580922517035,3.7000000000000006
20.33100687619425,10.547579417259453,3.7
9.749041820900118,6.245579745518791,3.7000000000000006
9.749043141647634,6.2455792882141585,3.7
14.104102512775677,12.715092424053973,3.7000000000000006
14.155004603179483,12.783972428604846,3.7
14.177270291181856,12.81410204957649,3.700000000000001
8.216082064152761,8.284732112353026,3.6999999999999993
8.23614642631274,8.295660244843624,3.7000000000000024
8.196309141717704,8.273959714830273,3.7000000000000006
5.894728031666654,7.093470837515341,3.7
5.657131414244864,7.002581285061118,3.7
5.7808325111537,7.050778023506058,3.6999999999999997
5.4918753542496335,10.391398727859368,3.6999999999999997
5.565652111740563,10.242151155223032,3.6999999999999997
5.565652111740563,10.242151155223032,3.6999999999999997
5.851226639381935,10.378711731262275,3.700000000000001
4.611262993428885,9.721410491567374,3.7
4.239712854901853,9.51729164849892,3.7
4.472567352142524,9.641002341236485,3.7000000000000006
5.881862340727363,10.50351074572187,3.7
5.883686606557733,10.505940797660427,3.7
5.880898241222212,10.503394402048235,3.7
6.8529379127290175,8.287556655349746,3.7000000000000006
6.874541444389275,8.299411570479114,3.7000000000000006
6.882283880815064,8.30317742145451,3.7
6.856967336868899,8.290050972579692,3.7
12.653006054151671,10.751489595716624,3.6999999999999997
12.653006080013437,10.751489610014113,3.700000000000002
10.872237109763665,8.401592994440268,3.7000000000000006
10.829863763104143,8.350921609315309,3.7
10.829863763104143,8.350921609315309,3.7
5.175128310248513,6.914356308802326,3.700000000000001
5.113407895751268,6.887922258395443,3.7
5.2457186339002,6.944851474256614,3.700000000000001
5.175128310248513,6.914356308802326,3.700000000000001
6.24844357845668,7.983665058490561,3.6999999999999997
6.272285981685999,7.995885486561815,3.700000000000001
6.272285981685999,7.995885486561815,3.700000000000001
10.449971864364283,5.457056517472153,3.7
10.449973227462118,5.457057212714104,3.7
10.449973413633826,5.457057243975437,3.6999999999999997
13.272932482327677,5.193353738824223,3.700000000000001
13.27293081550329,5.193352520795088,3.7
13.272927602881683,5.193350171041566,3.7000000000000006
13.305437787461683,7.540273268653189,3.700000000000001
13.305438917617527,7.540274627870091,3.7
13.305439113987871,7.540274897809843,3.6999999999999993
9.558737554440345,8.31334809968179,3.6999999999999997
9.558735768756646,8.313347706716293,3.7000000000000006
12.653007070792913,10.7514901535607,3.7000000000000006
12.653007070249938,10.751490153042303,3.7000000000000006
12.653007070585723,10.751490153362873,3.7
15.554949404918734,14.34237679765301,3.6999999999999997
15.554949404918734,14.34237679765301,3.6999999999999997
9.34577173340994,9.971300046612114,3.6999999999999997
9.304822970655206,9.944127794056524,3.7000000000000006
9.248040742121953,9.90645253203824,3.7
15.382189226569954,14.44458165556879,3.7
15.378311134895174,14.439333875598127,3.6999999999999997
15.36961077547166,14.427560669236398,3.7000000000000015
12.653007451627554,10.751490199730574,3.700000000000001
14.450917788616936,11.796150557505324,3.7
14.450915597659638,11.796149529177104,3.6999999999999997
14.450916670601764,11.796150031076163,3.7
19.139238975796474,15.588965386487759,3.7
19.139237205211764,15.588964335960407,3.7000000000000006
29.350034331685826,17.87586965171868,3.7000000000000015
29.350034331685826,17.87586965171868,3.7000000000000015
28.539454010127518,17.4197919553671,3.700000000000001
28.53945350526966,17.419792119335025,3.6999999999999997
29.06574169940675,22.875581148316392,3.7000000000000006
29.065741451618077,22.875580422727964,3.6999999999999997
28.060456524733542,21.085561797002512,3.6999999999999984
28.060456320065416,21.08556131121667,3.7
28.06045626192806,21.08556082795069,3.6999999999999984
27.64778074796703,23.159126763986595,3.7000000000000015
27.647780759487226,23.159126485365807,3.699999999999998
28.477332757701163,24.287105960194754,3.7000000000000006
28.47733293046389,24.287105846566114,3.7000000000000006
28.477332619698068,24.28710606996718,3.700000000000001
33.110903743079255,21.764377088102353,3.6999999999999993
33.11090462134458,21.764376507774365,3.6999999999999997
33.11090555587085,21.76437592927221,3.6999999999999997
30.563478690944166,21.222917999534832,3.6999999999999997
30.56347803276948,21.222918930611385,3.6999999999999997
30.563478257098097,21.222918315380735,3.7
26.336993654718974,19.2261110468697,3.700000000000001
26.336991337214275,19.226105090589943,3.699999999999999
38.30823195520427,22.624080820959808,3.700000000000001
38.30823423624134,22.62408200833142,3.6999999999999997
38.30824051646584,22.624085304169228,3.7000000000000006
54.306022438588286,37.92855054156952,3.7000000000000006
54.306023296572825,37.92855124457248,3.7
54.306024190330305,37.928551978679636,3.6999999999999993
51.94441676416325,35.11997128215907,3.7000000000000006
51.94441633153517,35.11997109239155,3.7
51.94441595647815,35.11997093710603,3.6999999999999997
68.8168954647814,46.110907832089566,3.700000000000001
68.81689505182202,46.11090762717431,3.7
68.81689462477812,46.11090740991665,3.6999999999999997
46.12800331668957,27.839717127319854,3.6999999999999997
46.12800385312161,27.839717507284913,3.6999999999999997
46.12800385312161,27.839717507284913,3.6999999999999997
46.12800331668957,27.839717127319854,3.6999999999999997
56.78791518315218,43.195630533844486,3.699999999999999
56.78787725073135,43.195613960872585,3.7000000000000006
56.45148437391328,44.538722693695746,3.7
56.451501827505474,44.538734069101764,3.6999999999999993
56.451489881658404,44.53872628095111,3.699999999999999
72.92711233945333,54.94844925107606,3.6999999999999993
72.92710811974354,54.948446544531066,3.7
54.8995280158866,43.408592933709585,3.700000000000001
54.89979396423908,43.40876409373951,3.699999999999999
54.899747589010275,43.40873424183535,3.6999999999999993
50.53985786278251,41.704401234235206,3.6999999999999997
50.53998070839722,41.70446522208519,3.6999999999999984
50.54005414253283,41.7045035082457,3.699999999999999
71.9156007039543,48.86321222918497,3.7000000000000006
71.91560430071664,48.86321742577908,3.7000000000000006
71.91560394414877,48.86321687460286,3.7
56.30168443024064,37.66148777528214,3.6999999999999997
59.4302632124033,40.28264343885222,3.699999999999999
60.115575504979546,41.229489442890284,3.7
60.115574719413516,41.22948883024552,3.7000000000000015
66.4165056354427,36.727180157719005,3.6999999999999997
66.41650604220976,36.727180372373425,3.6999999999999997
66.41650727713285,36.72718101887146,3.7000000000000006
66.45725325207921,36.89828909995404,3.700000000000002
66.45724897842248,36.89828718508893,3.7000000000000006
72.02865574065561,39.799181813690545,3.7000000000000006
72.02865574690509,39.79918174179628,3.6999999999999997
70.88583594202937,39.912131184880174,3.7
70.88583612793316,39.9121316899843,3.7000000000000006
65.09159623382689,37.44033443101392,3.699999999999999
65.09159686939977,37.44033468330101,3.7
65.47158949242069,39.846051193549954,3.6999999999999997
65.47158932621615,39.84605131828507,3.6999999999999997
65.4715892888324,39.84605134930426,3.700000000000001
66.51953827901791,49.384650876218366,3.7
66.51954020171988,49.38465180770642,3.7
66.51953704429091,49.38465028430087,3.7000000000000006
71.17308873373962,52.40825166137596,3.6999999999999993
71.1730880577157,52.40825386541935,3.7
64.49233329496641,46.36414028955765,3.7
64.49241051514774,46.364286541692515,3.7000000000000006
63.19210004813906,42.13508788903928,3.7000000000000006
57.62820881568373,41.491279034470516,3.6999999999999993
68.56814344269546,39.272158699310786,3.7
68.56814351384688,39.27215871922119,3.6999999999999997
69.57977758996242,38.9707398736912,3.6999999999999997
69.57977763689844,38.970739909943674,3.7
69.57977758996242,38.9707398736912,3.6999999999999997
86.3924074596916,48.78921054856805,3.700000000000001
87.51338307720246,49.633575559327305,3.6999999999999993
87.51338235687733,49.63357525213162,3.7
87.51338307720246,49.633575559327305,3.6999999999999993
82.06229418317723,46.63962018210671,3.6999999999999997
82.06229418317723,46.63962018210671,3.6999999999999997
82.06229390179035,46.639619926119245,3.7000000000000006
85.62320884992147,48.86260952121526,3.7
85.62320857537553,48.86260942473735,3.7
80.11972128840566,45.11958322824718,3.700000000000002
80.11972109395035,45.119583099961375,3.6999999999999997
80.11972032834386,45.119582596602946,3.7
83.19941407038908,47.39361489309891,3.6999999999999997
83.19941454686625,47.393615260619335,3.6999999999999997
86.3675963797495,53.393450106648636,3.7000000000000006
86.36759638114177,53.39345014827397,3.7000000000000015
83.42319075881142,60.87451740299974,3.6999999999999993
83.42319083055685,60.87451731390583,3.6999999999999997
85.8270043232863,57.14736545576173,3.6999999999999997
85.82700412928905,57.1473657087011,3.7000000000000006
85.76408062917733,55.507180258869454,3.7
85.76408075644648,55.50717987426582,3.6999999999999993
83.13852968539703,60.46408079135911,3.6999999999999997
83.13852968539703,60.46408079135911,3.6999999999999997
79.13721978533744,54.241344835228404,3.7
79.137220200852,54.24134518839861,3.7
74.80077862487636,58.560286972357375,3.7
74.80077880635196,58.56028718694393,3.7
74.04355787545688,59.08304729623954,3.7
74.04355796158458,59.083047032107565,3.7
74.04355796158458,59.083047032107565,3.7
78.42274662832055,59.83008614080455,3.7
79.92721130788985,59.62272766207415,3.7
79.92721131199076,59.622727698454085,3.7
74.85967996599067,62.78733840680085,3.6999999999999997
74.8596743315541,62.787345264526934,3.6999999999999997
