12.90445788,27.41942792,11.1
8.51491789,23.8432197,11.1
12.90445788,27.41942792,11.1
12.90445788,27.41942792,11.1
12.90445788,27.41942792,11.1
12.90445788,27.41942792,11.1
8.51491789,23.8432197,11.1
4.1253779,29.20753202,11.1
4.1253779,25.63132381,11.1
4.1253779,25.63132381,11.1
4.1253779,29.20753202,11.1
4.1253779,29.20753202,11.1
4.1253779,29.20753202,11.1
4.1253779,29.20753202,11.1
4.1253779,23.8432197,11.1
4.1253779,23.8432197,11.1
4.1253779,23.8432197,11.1
4.1253779,23.8432197,11.1
4.1253779,23.8432197,11.1
12.90445788,27.41942792,11.1
4.1253779,23.8432197,11.1
4.1253779,25.63132381,11.1
12.90445788,27.41942792,11.1
8.51491789,23.8432197,11.1
8.51491789,23.8432197,11.1
4.1253779,29.20753202,11.1
4.1253779,23.8432197,11.1
8.51491789,23.8432197,11.1
8.51491789,23.8432197,11.1
8.51491789,23.8432197,11.1
4.1253779,25.63132381,11.1
4.1253779,27.41942792,11.1
4.1253779,23.8432197,11.1
4.1253779,27.41942792,11.1
4.1253779,27.41942792,11.1
4.1253779,27.41942792,11.1
8.51491789,23.8432197,11.1
8.51491789,23.8432197,11.1
8.51491789,23.8432197,11.1
8.51491789,23.8432197,11.1
4.1253779,23.8432197,11.1
4.1253779,23.8432197,11.1
4.1253779,23.8432197,11.1
8.51491789,23.8432197,11.1
8.51491789,23.8432197,11.1
8.51491789,23.8432197,11.1
8.51491789,23.8432197,11.1
8.51491789,23.8432197,11.1
4.1253779,23.8432197,11.1
4.1253779,23.8432197,11.1
4.1253779,23.8432197,11.1
4.1253779,23.8432197,11.1
4.1253779,25.63132381,11.1
4.1253779,23.8432197,11.1
4.1253779,25.63132381,11.1
12.90445788,23.8432197,11.1
4.1253779,23.8432197,11.1
4.1253779,23.8432197,11.1
4.1253779,23.8432197,11.1
4.1253779,25.63132381,11.1
4.1253779,25.63132381,11.1
8.51491789,23.8432197,11.1
8.51491789,23.8432197,11.1
4.1253779,24.737271755000002,11.1
4.1253779,23.8432197,11.1
4.1253779,23.8432197,11.1
4.1253779,23.8432197,11.1
4.1253779,23.8432197,11.1
4.1253779,23.8432197,11.1
4.1253779,23.8432197,11.1
4.1253779,23.8432197,11.1
4.1253779,23.8432197,11.1
4.1253779,25.63132381,11.1
4.1253779,25.63132381,11.1
8.51491789,22.055115592,11.1
4.1253779,25.63132381,11.1
4.1253779,22.055115592,11.1
8.51491789,22.055115592,11.1
8.51491789,23.8432197,11.1
8.51491789,22.055115592,11.1
4.1253779,23.8432197,11.1
8.51491789,22.055115592,11.1
4.1253779,25.63132381,11.1
4.1253779,25.63132381,11.1
4.1253779,22.055115592,11.1
4.1253779,22.055115592,11.1
4.1253779,22.055115592,11.1
4.1253779,22.055115592,11.1
4.1253779,22.055115592,11.1
4.1253779,22.055115592,11.1
12.90445788,20.267011485,11.1
12.90445788,20.267011485,11.1
4.1253779,18.478907377,11.1
8.51491789,18.478907377,11.1
8.51491789,20.267011485,11.1
8.51491789,20.267011485,11.1
8.51491789,20.267011485,11.1
8.51491789,20.267011485,11.1
4.1253779,18.478907377,11.1
8.51491789,20.267011485,11.1
8.51491789,20.267011485,11.1
8.51491789,20.267011485,11.1
4.1253779,22.055115592,11.1
4.1253779,22.055115592,11.1
4.1253779,18.478907377,11.1
4.1253779,18.478907377,11.1
4.1253779,18.478907377,11.1
4.1253779,18.478907377,11.1
8.51491789,18.478907377,11.1
8.51491789,18.478907377,11.1
8.51491789,18.478907377,11.1
8.51491789,18.478907377,11.1
8.51491789,18.478907377,11.1
8.51491789,18.478907377,11.1
8.51491789,18.478907377,11.1
8.51491789,18.478907377,11.1
8.51491789,18.478907377,11.1
4.1253779,18.478907377,11.1
8.51491789,18.478907377,11.1
8.51491789,18.478907377,11.1
4.1253779,18.478907377,11.1
4.1253779,18.478907377,11.1
4.1253779,18.478907377,11.1
4.1253779,18.478907377,11.1
4.1253779,18.478907377,11.1
4.1253779,18.478907377,11.1
8.51491789,18.478907377,11.1
8.51491789,18.478907377,11.1
8.51491789,18.478907377,11.1
8.51491789,18.478907377,11.1
12.90445788,16.69080327,11.1
12.90445788,16.69080327,11.1
4.1253779,18.478907377,11.1
8.51491789,18.478907377,11.1
8.51491789,18.478907377,11.1
8.51491789,18.478907377,11.1
8.51491789,18.478907377,11.1
8.51491789,18.478907377,11.1
4.1253779,18.478907377,11.1
4.1253779,18.478907377,11.1
4.1253779,18.478907377,11.1
4.1253779,18.478907377,11.1
4.1253779,18.478907377,11.1
4.1253779,18.478907377,11.1
4.1253779,18.478907377,11.1
8.51491789,18.478907377,11.1
8.51491789,18.478907377,11.1
8.51491789,18.478907377,11.1
8.51491789,18.478907377,11.1
8.51491789,18.478907377,11.1
12.90445788,16.69080327,11.1
8.51491789,16.69080327,11.1
8.51491789,18.478907377,11.1
8.51491789,18.478907377,11.1
4.1253779,18.478907377,11.1
8.51491789,18.478907377,11.1
12.90445788,16.69080327,11.1
12.90445788,18.478907377,11.1
12.90445788,18.478907377,11.1
12.90445788,18.478907377,11.1
12.90445788,18.478907377,11.1
12.90445788,18.478907377,11.1
8.51491789,18.478907377,11.1
4.1253779,18.478907377,11.1
8.51491789,20.267011485,11.1
8.51491789,18.478907377,11.1
8.51491789,18.478907377,11.1
4.1253779,18.478907377,11.1
8.51491789,18.478907377,11.1
8.51491789,18.478907377,11.1
8.51491789,18.478907377,11.1
8.51491789,18.478907377,11.1
8.51491789,18.478907377,11.1
8.51491789,18.478907377,11.1
8.51491789,22.055115592,11.1
12.90445788,18.478907377,11.1
12.90445788,18.478907377,11.1
12.90445788,18.478907377,11.1
4.1253779,18.478907377,11.1
12.90445788,18.478907377,11.1
4.1253779,18.478907377,11.1
4.1253779,20.267011485,11.1
4.1253779,18.478907377,11.1
4.1253779,18.478907377,11.1
4.1253779,18.478907377,11.1
4.1253779,18.478907377,11.1
12.90445788,20.267011485,11.1
4.1253779,20.267011485,11.1
4.1253779,18.478907377,11.1
4.1253779,20.267011485,11.1
4.1253779,22.055115592,11.1
12.90445788,20.267011485,11.1
12.90445788,18.478907377,11.1
12.90445788,20.267011485,11.1
4.1253779,18.478907377,11.1
4.1253779,22.055115592,18.5
12.90445788,18.478907377,11.1
12.90445788,20.267011485,11.1
4.1253779,23.8432197,11.1
4.1253779,25.63132381,11.1
4.1253779,23.8432197,11.1
4.1253779,25.63132381,11.1
4.1253779,25.63132381,11.1
4.1253779,25.63132381,11.1
4.1253779,23.8432197,11.1
4.1253779,23.8432197,11.1
4.1253779,23.8432197,11.1
4.1253779,22.055115592,18.5
8.51491789,20.267011485,11.1
4.1253779,22.055115592,18.5
12.90445788,22.0551155925,11.1
12.90445788,23.8432197,11.1
4.1253779,20.2670114845,18.5
4.1253779,22.055115592,18.5
4.1253779,22.055115592,18.5
4.1253779,22.055115592,18.5
4.1253779,23.8432197,11.1
4.1253779,23.8432197,11.1
4.1253779,23.8432197,11.1
4.1253779,23.8432197,11.1
4.1253779,23.8432197,11.1
4.1253779,23.8432197,11.1
4.1253779,23.8432197,11.1
4.1253779,23.8432197,11.1
12.90445788,23.8432197,11.1
4.1253779,25.63132381,11.1
4.1253779,25.63132381,11.1
4.1253779,25.63132381,11.1
4.1253779,23.8432197,11.1
4.1253779,22.055115592,18.5
4.1253779,23.8432197,18.5
12.90445788,23.8432197,11.1
12.90445788,23.8432197,11.1
12.90445788,23.8432197,11.1
4.1253779,23.8432197,11.1
4.1253779,25.63132381,11.1
4.1253779,23.8432197,11.1
4.1253779,23.8432197,11.1
8.51491789,23.8432197,11.1
4.1253779,25.63132381,11.1
4.1253779,23.8432197,11.1
4.1253779,23.8432197,11.1
4.1253779,23.8432197,11.1
4.1253779,23.8432197,11.1
4.1253779,23.8432197,11.1
4.1253779,23.8432197,11.1
4.1253779,23.8432197,18.5
4.1253779,23.8432197,18.5
4.1253779,23.8432197,18.5
12.90445788,25.63132381,11.1
12.90445788,25.63132381,11.1
12.90445788,25.63132381,11.1
8.51491789,23.8432197,11.1
4.1253779,27.41942792,11.1
4.1253779,23.8432197,11.1
4.1253779,23.8432197,11.1
4.1253779,27.41942792,11.1
8.51491789,23.8432197,11.1
8.51491789,27.41942792,11.1
8.51491789,27.41942792,11.1
8.51491789,27.41942792,11.1
8.51491789,27.41942792,11.1
4.1253779,23.8432197,11.1
8.51491789,25.63132381,11.1
4.1253779,23.8432197,18.5
4.1253779,23.8432197,18.5
4.1253779,23.8432197,18.5
8.51491789,27.41942792,11.1
8.51491789,27.41942792,11.1
12.90445788,22.055115592,18.5
4.1253779,29.20753202,11.1
4.1253779,29.20753202,11.1
4.1253779,23.8432197,11.1
4.1253779,23.8432197,11.1
4.1253779,23.8432197,11.1
4.1253779,23.8432197,11.1
8.51491789,27.41942792,11.1
8.51491789,23.8432197,11.1
8.51491789,27.41942792,11.1
4.1253779,23.8432197,11.1
4.1253779,23.8432197,18.5
4.1253779,23.8432197,11.1
12.90445788,27.41942792,11.1
8.51491789,22.949167646,18.5
4.1253779,23.8432197,18.5
4.1253779,23.8432197,18.5
12.90445788,22.055115592,18.5
12.90445788,22.055115592,18.5
4.1253779,29.20753202,18.5
4.1253779,29.20753202,18.5
4.1253779,27.41942792,18.5
4.1253779,29.20753202,18.5
4.1253779,29.20753202,18.5
4.1253779,29.20753202,18.5
8.51491789,29.20753202,18.5
8.51491789,29.20753202,18.5
8.51491789,29.20753202,18.5
4.1253779,27.41942792,18.5
8.51491789,29.20753202,18.5
4.1253779,27.41942792,18.5
4.1253779,27.41942792,18.5
4.1253779,29.20753202,18.5
4.1253779,27.41942792,18.5
4.1253779,29.20753202,18.5
4.1253779,29.20753202,18.5
4.1253779,29.20753202,18.5
4.1253779,27.41942792,18.5
4.1253779,23.8432197,18.5
4.1253779,27.41942792,18.5
4.1253779,27.41942792,18.5
4.1253779,27.41942792,18.5
4.1253779,23.8432197,18.5
8.51491789,27.41942792,18.5
8.51491789,27.41942792,18.5
8.51491789,23.8432197,18.5
4.1253779,27.41942792,18.5
8.51491789,23.8432197,18.5
4.1253779,22.055115592,18.5
4.1253779,27.41942792,18.5
4.1253779,27.41942792,18.5
4.1253779,27.41942792,18.5
4.1253779,27.41942792,18.5
4.1253779,27.41942792,18.5
4.1253779,23.8432197,18.5
8.51491789,22.055115592,18.5
8.51491789,22.055115592,18.5
4.1253779,22.055115592,18.5
4.1253779,22.055115592,18.5
4.1253779,22.055115592,18.5
4.1253779,23.8432197,18.5
8.51491789,23.8432197,18.5
8.51491789,27.41942792,18.5
8.51491789,23.8432197,18.5
8.51491789,23.8432197,18.5
4.1253779,22.055115592,18.5
4.1253779,25.63132381,18.5
4.1253779,23.8432197,18.5
4.1253779,23.8432197,18.5
4.1253779,23.8432197,18.5
4.1253779,23.8432197,18.5
4.1253779,23.8432197,18.5
4.1253779,25.63132381,18.5
5.588557896666666,23.24718499733333,18.5
4.1253779,22.055115592,18.5
12.90445788,22.055115592,18.5
8.51491789,23.8432197,18.5
8.51491789,22.055115592,18.5
4.1253779,23.8432197,18.5
8.51491789,22.055115592,18.5
4.1253779,22.055115592,18.5
4.1253779,22.055115592,18.5
4.1253779,22.055115592,18.5
4.1253779,22.055115592,18.5
4.1253779,23.8432197,18.5
4.1253779,22.055115592,18.5
4.1253779,23.8432197,18.5
4.1253779,23.8432197,18.5
4.1253779,23.8432197,18.5
4.1253779,23.8432197,18.5
4.1253779,23.8432197,18.5
4.1253779,22.055115592,18.5
4.1253779,22.055115592,18.5
4.1253779,22.949167646,18.5
4.1253779,22.055115592,18.5
4.1253779,23.8432197,18.5
4.1253779,22.055115592,18.5
8.51491789,22.055115592,18.5
8.51491789,23.8432197,18.5
4.1253779,22.055115592,18.5
8.51491789,23.8432197,18.5
8.51491789,23.8432197,18.5
8.51491789,23.8432197,18.5
4.1253779,22.055115592,18.5
6.320147895,22.949167646,18.5
4.1253779,22.055115592,18.5
4.1253779,22.055115592,18.5
4.1253779,23.8432197,18.5
4.1253779,22.055115592,18.5
4.1253779,20.267011485,18.5
4.1253779,20.267011485,18.5
4.1253779,20.267011485,18.5
4.1253779,20.267011485,18.5
4.1253779,20.267011485,18.5
4.1253779,20.267011485,18.5
8.51491789,23.8432197,18.5
4.1253779,22.055115592,18.5
4.1253779,22.055115592,18.5
4.1253779,22.949167646,18.5
6.320147895,22.949167646,18.5
8.51491789,22.055115592,18.5
4.1253779,20.267011485,18.5
4.1253779,20.267011485,18.5
4.1253779,20.267011485,18.5
4.1253779,20.267011485,18.5
4.1253779,20.267011485,18.5
4.1253779,21.161063538500002,18.5
4.1253779,22.055115592,18.5
4.1253779,22.055115592,18.5
4.1253779,20.267011485,18.5
4.1253779,20.267011485,18.5
4.1253779,20.267011485,18.5
4.1253779,20.267011485,18.5
4.1253779,22.055115592,18.5
4.1253779,22.055115592,18.5
4.1253779,22.055115592,18.5
4.1253779,22.055115592,18.5
4.1253779,22.055115592,18.5
4.1253779,22.055115592,18.5
4.1253779,20.267011485,18.5
4.1253779,20.267011485,18.5
4.1253779,22.055115592,18.5
4.1253779,18.478907377,18.5
4.1253779,20.267011485,18.5
4.1253779,18.478907377,18.5
4.1253779,20.267011485,18.5
4.1253779,20.267011485,18.5
4.1253779,20.267011485,18.5
4.1253779,16.69080327,18.5
4.1253779,16.69080327,18.5
4.1253779,16.69080327,18.5
4.1253779,18.478907377,18.5
4.1253779,22.055115592,18.5
4.1253779,22.055115592,18.5
4.1253779,22.055115592,18.5
4.1253779,18.478907377,18.5
4.1253779,22.055115592,18.5
4.1253779,18.478907377,18.5
4.1253779,16.69080327,18.5
4.1253779,22.055115592,18.5
4.1253779,16.69080327,18.5
4.1253779,16.69080327,18.5
4.1253779,22.055115592,18.5
4.1253779,20.267011485,18.5
4.1253779,22.055115592,18.5
4.1253779,18.478907377,18.5
4.1253779,18.478907377,18.5
4.1253779,20.267011485,18.5
4.1253779,20.267011485,18.5
4.1253779,16.69080327,18.5
4.1253779,16.69080327,18.5
4.1253779,16.69080327,18.5
4.1253779,18.478907377,18.5
4.1253779,16.69080327,18.5
4.1253779,16.69080327,18.5
4.1253779,20.267011485,18.5
4.1253779,20.267011485,18.5
4.1253779,20.267011485,18.5
12.90445788,16.69080327,18.5
12.90445788,16.69080327,18.5
12.90445788,16.69080327,18.5
4.1253779,22.055115592,18.5
4.1253779,22.055115592,18.5
8.51491789,18.478907377,18.5
4.1253779,18.478907377,18.5
4.1253779,22.055115592,18.5
4.1253779,22.055115592,18.5
4.1253779,20.267011485,18.5
4.1253779,20.267011485,18.5
4.1253779,18.478907377,18.5
4.1253779,20.267011485,18.5
4.1253779,20.267011485,18.5
4.1253779,20.267011485,18.5
4.1253779,20.267011485,18.5
4.1253779,20.267011485,18.5
4.1253779,20.267011485,18.5
4.1253779,20.267011485,18.5
12.90445788,22.055115592,18.5
4.1253779,20.267011485,18.5
4.1253779,20.267011485,18.5
4.1253779,20.267011485,18.5
4.1253779,20.267011485,18.5
4.1253779,22.055115592,18.5
4.1253779,20.267011485,18.5
4.1253779,20.267011485,18.5
4.1253779,20.267011485,18.5
4.1253779,22.055115592,18.5
4.1253779,20.267011485,18.5
4.1253779,22.055115592,18.5
4.1253779,22.055115592,18.5
4.1253779,22.055115592,18.5
4.1253779,20.267011485,18.5
4.1253779,20.267011485,18.5
4.1253779,20.267011485,18.5
4.1253779,20.267011485,18.5
4.1253779,20.267011485,18.5
4.1253779,23.8432197,18.5
4.1253779,22.055115592,18.5
4.1253779,23.8432197,18.5
4.1253779,23.8432197,18.5
4.1253779,22.055115592,18.5
4.1253779,22.055115592,18.5
4.1253779,23.8432197,18.5
12.90445788,22.055115592,18.5
12.90445788,22.055115592,18.5
8.51491789,23.8432197,18.5
4.1253779,22.055115592,18.5
4.1253779,22.055115592,18.5
4.1253779,22.055115592,18.5
4.1253779,20.267011485,18.5
4.1253779,20.267011485,18.5
4.1253779,20.267011485,18.5
4.1253779,20.267011485,18.5
4.1253779,20.267011485,18.5
4.1253779,20.267011485,18.5
4.1253779,22.055115592,18.5
12.90445788,23.8432197,18.5
12.90445788,23.8432197,18.5
12.90445788,23.8432197,18.5
8.51491789,22.055115592,18.5
4.1253779,22.055115592,18.5
12.90445788,22.055115592,18.5
12.90445788,22.055115592,18.5
4.1253779,22.055115592,18.5
4.1253779,22.055115592,18.5
4.1253779,22.055115592,18.5
4.1253779,22.055115592,18.5
12.90445788,16.69080327,18.5
4.1253779,22.055115592,18.5
12.90445788,22.055115592,18.5
12.90445788,22.055115592,18.5
12.90445788,22.055115592,18.5
12.90445788,22.055115592,18.5
4.1253779,23.8432197,18.5
4.1253779,22.055115592,18.5
4.1253779,27.41942792,18.5
8.51491789,22.055115592,18.5
4.1253779,27.41942792,18.5
8.51491789,22.055115592,18.5
12.90445788,22.055115592,18.5
4.1253779,23.8432197,18.5
8.51491789,22.055115592,18.5
4.1253779,23.8432197,18.5
4.1253779,23.8432197,18.5
8.51491789,22.055115592,18.5
4.1253779,23.8432197,18.5
12.90445788,22.055115592,18.5
4.1253779,22.055115592,18.5
12.90445788,22.055115592,18.5
4.1253779,23.8432197,18.5
12.90445788,22.055115592,18.5
8.51491789,27.41942792,18.5
4.1253779,27.41942792,18.5
8.51491789,27.41942792,18.5
8.51491789,27.41942792,18.5
8.51491789,27.41942792,18.5
8.51491789,27.41942792,18.5
4.1253779,27.41942792,18.5
4.1253779,25.63132381,18.5
4.1253779,27.41942792,18.5
4.1253779,25.631323809999998,18.5
4.1253779,27.41942792,18.5
4.1253779,27.41942792,18.5
4.1253779,27.41942792,18.5
12.90445788,29.20753202,18.5
12.90445788,27.41942792,18.5
4.1253779,23.8432197,18.5
4.1253779,27.41942792,18.5
4.1253779,23.8432197,18.5
4.1253779,27.41942792,18.5
8.51491789,29.20753202,18.5
8.51491789,29.20753202,18.5
8.51491789,29.20753202,18.5
4.1253779,27.41942792,18.5
4.1253779,29.20753202,18.5
4.1253779,27.41942792,18.5
4.1253779,29.20753202,18.5
6.320147895,26.97240189,18.5
4.1253779,29.20753202,18.5
4.1253779,29.20753202,18.5
4.1253779,27.41942792,18.5
4.1253779,27.41942792,18.5
12.90445788,29.20753202,18.5
12.90445788,29.20753202,18.5
9.978097886666669,28.611497320000005,18.5
4.1253779,23.8432197,18.5
4.1253779,27.41942792,18.5
8.51491789,25.63132381,11.1
12.90445788,27.41942792,11.1
4.1253779,27.41942792,11.1
12.90445788,27.41942792,11.1
12.90445788,27.41942792,11.1
12.90445788,27.41942792,11.1
4.1253779,29.20753202,11.1
4.1253779,29.20753202,11.1
4.1253779,29.20753202,11.1
4.1253779,29.20753202,11.1
4.1253779,29.20753202,11.1
4.1253779,29.20753202,11.1
4.1253779,23.8432197,11.1
4.1253779,23.8432197,11.1
4.1253779,23.8432197,11.1
4.1253779,23.8432197,11.1
4.1253779,23.8432197,11.1
4.1253779,23.8432197,11.1
12.90445788,27.41942792,11.1
12.90445788,27.41942792,11.1
8.51491789,23.8432197,11.1
8.51491789,23.8432197,11.1
12.90445788,27.41942792,11.1
4.1253779,25.63132381,11.1
8.51491789,23.8432197,11.1
8.51491789,23.8432197,11.1
8.51491789,23.8432197,11.1
8.51491789,23.8432197,11.1
8.51491789,23.8432197,11.1
8.51491789,23.8432197,11.1
4.1253779,27.41942792,11.1
4.1253779,23.8432197,11.1
4.1253779,23.8432197,11.1
4.1253779,23.8432197,11.1
4.1253779,27.41942792,11.1
4.1253779,27.41942792,11.1
4.1253779,23.8432197,11.1
4.1253779,23.8432197,11.1
8.51491789,25.63132381,11.1
4.1253779,23.8432197,11.1
8.51491789,25.631323809999998,11.1
8.51491789,25.63132381,11.1
8.51491789,23.8432197,11.1
8.51491789,23.8432197,11.1
8.51491789,23.8432197,11.1
4.1253779,22.055115592,11.1
4.1253779,23.8432197,11.1
8.51491789,23.8432197,11.1
4.1253779,23.8432197,11.1
8.51491789,23.8432197,11.1
8.51491789,23.8432197,11.1
4.1253779,23.8432197,11.1
4.1253779,23.8432197,11.1
8.51491789,23.8432197,11.1
4.1253779,23.8432197,11.1
4.1253779,23.8432197,11.1
4.1253779,23.8432197,11.1
8.51491789,23.8432197,11.1
4.1253779,23.8432197,11.1
4.1253779,25.63132381,11.1
8.51491789,23.8432197,11.1
8.51491789,23.8432197,11.1
8.51491789,23.8432197,11.1
4.1253779,22.055115592,11.1
4.1253779,22.055115592,11.1
8.51491789,23.8432197,11.1
4.1253779,23.8432197,11.1
4.1253779,23.8432197,11.1
8.51491789,23.8432197,11.1
4.1253779,23.8432197,11.1
4.1253779,23.8432197,11.1
4.1253779,23.8432197,11.1
12.90445788,23.8432197,11.1
12.90445788,23.8432197,11.1
4.1253779,23.247184997333335,11.100000000000001
12.90445788,22.055115592,11.1
12.90445788,22.055115592,11.1
4.1253779,25.63132381,11.1
4.1253779,20.267011485,11.1
4.1253779,20.267011485,11.1
4.1253779,20.267011485,11.1
4.1253779,20.267011485,11.1
4.1253779,20.267011485,11.1
4.1253779,20.267011485,11.1
4.1253779,22.055115592,11.1
4.1253779,20.267011485,11.1
4.1253779,20.267011485,11.1
4.1253779,20.267011485,11.1
4.1253779,20.267011485,11.1
4.1253779,20.267011485,11.1
4.1253779,18.478907377,11.1
4.1253779,18.478907377,11.1
8.51491789,20.267011485,11.1
10.709687885000001,20.267011485,11.1
12.90445788,20.267011485,11.1
8.51491789,20.267011485,11.1
8.514917890000001,18.478907377000002,11.100000000000001
4.1253779,20.267011485,11.1
8.51491789,20.267011485,11.1
8.51491789,20.267011485,11.1
6.320147895,20.267011485,11.1
8.51491789,20.267011485,11.1
4.1253779,22.055115592,11.1
4.1253779,20.267011485,11.1
4.1253779,20.267011485,11.1
4.1253779,22.055115592,11.1
4.1253779,20.267011485,11.1
4.1253779,20.267011485,11.1
12.90445788,20.267011485,11.1
8.51491789,20.267011485,11.1
8.51491789,20.267011485,11.1
12.90445788,20.267011485,11.1
12.90445788,20.267011485,11.1
12.90445788,20.267011485,11.1
8.51491789,18.478907377,11.1
8.51491789,18.478907377,11.1
8.51491789,20.267011485,11.1
8.51491789,20.267011485,11.1
8.51491789,20.267011485,11.1
8.51491789,20.267011485,11.1
4.1253779,18.478907377,11.1
4.1253779,18.478907377,11.1
4.1253779,18.478907377,11.1
4.1253779,18.478907377,11.1
4.1253779,18.478907377,11.1
8.51491789,20.267011485,11.1
8.51491789,18.478907377,11.1
12.90445788,16.69080327,11.1
12.90445788,16.69080327,11.1
12.90445788,16.69080327,11.1
12.90445788,16.69080327,11.1
12.90445788,16.69080327,11.1
8.51491789,16.69080327,11.1
12.90445788,16.69080327,11.1
8.51491789,18.478907377,11.1
12.90445788,16.69080327,11.1
12.90445788,16.69080327,11.1
12.90445788,16.69080327,11.1
4.1253779,18.478907377,11.1
4.1253779,18.478907377,11.1
4.1253779,18.478907377,11.1
4.1253779,18.478907377,11.1
8.51491789,18.478907377,11.1
8.51491789,18.478907377,11.1
4.1253779,16.69080327,11.1
8.51491789,18.478907377,11.1
4.1253779,18.478907377,11.1
8.51491789,18.478907377,11.1
4.1253779,16.69080327,11.1
8.51491789,16.69080327,11.1
12.90445788,16.69080327,11.1
8.51491789,18.478907377,11.1
12.90445788,16.69080327,11.1
8.51491789,18.478907377,11.1
8.51491789,18.478907377,11.1
8.51491789,18.478907377,11.1
12.90445788,18.478907377,11.1
12.90445788,18.478907377,11.1
12.90445788,18.478907377,11.1
12.90445788,18.478907377,11.1
12.90445788,16.69080327,11.1
12.90445788,18.478907377,11.1
4.1253779,18.478907377,11.1
4.1253779,18.478907377,11.1
8.514917890000001,18.478907377000002,11.100000000000001
8.51491789,18.478907377,11.1
8.51491789,18.478907377,11.1
8.51491789,18.478907377,11.1
8.51491789,18.478907377,11.1
8.51491789,18.478907377,11.1
8.51491789,18.478907377,11.1
8.51491789,18.478907377,11.1
8.51491789,18.478907377,11.1
8.51491789,18.478907377,11.1
12.90445788,18.478907377,11.1
12.90445788,18.478907377,11.1
12.90445788,18.478907377,11.1
12.90445788,18.478907377,11.1
12.90445788,18.478907377,11.1
12.90445788,18.478907377,11.1
4.1253779,22.055115592,11.1
8.51491789,18.478907377,11.1
8.51491789,20.267011485,11.1
8.51491789,20.267011485,11.1
8.51491789,18.478907377,11.1
8.51491789,20.267011485,11.1
8.51491789,18.478907377,11.1
8.51491789,20.267011485,11.1
8.51491789,18.478907377,11.1
4.1253779,18.478907377,11.1
12.90445788,18.478907377,11.1
8.51491789,18.478907377,11.1
8.51491789,18.478907377,11.1
12.90445788,18.478907377,11.1
12.90445788,18.478907377,11.1
12.90445788,18.478907377,11.1
12.90445788,18.478907377,11.1
12.90445788,18.478907377,11.1
8.51491789,22.055115592,11.1
4.1253779,23.8432197,11.1
4.1253779,22.055115592,11.1
4.1253779,25.63132381,11.1
4.1253779,22.055115592,11.1
4.1253779,23.8432197,11.1
4.1253779,23.8432197,11.1
8.51491789,22.055115592,11.1
8.51491789,22.055115592,11.1
12.90445788,23.8432197,11.1
8.51491789,20.267011485,11.1
12.90445788,23.8432197,11.1
8.51491789,22.055115592,11.1
4.1253779,23.8432197,18.5
4.1253779,23.8432197,18.5
12.90445788,18.478907377,11.1
12.90445788,18.478907377,11.1
12.90445788,18.478907377,11.1
4.1253779,23.8432197,11.1
4.1253779,23.8432197,11.1
4.1253779,23.8432197,11.1
4.1253779,23.8432197,11.1
4.1253779,23.8432197,11.1
4.1253779,25.63132381,11.1
4.1253779,23.8432197,11.1
4.1253779,23.8432197,11.1
4.1253779,25.63132381,11.1
4.1253779,23.8432197,11.1
4.1253779,25.63132381,11.1
4.1253779,25.63132381,11.1
8.51491789,23.8432197,18.5
4.1253779,23.8432197,18.5
4.1253779,23.8432197,18.5
4.1253779,23.8432197,18.5
4.1253779,23.8432197,18.5
8.51491789,23.8432197,18.5
4.1253779,23.8432197,11.1
4.1253779,25.63132381,11.1
4.1253779,25.63132381,11.1
8.51491789,23.8432197,11.1
4.1253779,25.63132381,11.1
4.1253779,25.63132381,11.1
4.1253779,23.8432197,11.1
4.1253779,23.8432197,11.1
4.1253779,23.8432197,11.1
4.1253779,25.63132381,11.1
8.51491789,25.63132381,11.1
8.51491789,25.63132381,11.1
12.90445788,22.055115592,18.5
12.90445788,25.63132381,11.1
12.90445788,22.055115592,18.5
4.1253779,23.8432197,18.5
4.1253779,23.8432197,18.5
12.90445788,25.63132381,11.1
4.1253779,27.41942792,11.1
4.1253779,27.41942792,11.1
4.1253779,27.41942792,11.1
4.1253779,27.41942792,11.1
4.1253779,23.8432197,18.5
4.1253779,27.41942792,11.1
8.51491789,27.41942792,11.1
8.51491789,27.41942792,11.1
8.51491789,27.41942792,11.1
8.51491789,27.41942792,11.1
8.51491789,27.41942792,11.1
8.51491789,27.41942792,11.1
12.90445788,25.63132381,11.1
8.51491789,25.63132381,11.1
12.90445788,22.055115592,18.5
8.51491789,27.41942792,11.1
8.51491789,27.41942792,11.1
8.51491789,25.63132381,11.1
4.1253779,27.41942792,11.1
4.1253779,23.8432197,11.1
8.51491789,23.8432197,11.1
4.1253779,29.20753202,11.1
4.1253779,29.20753202,11.1
4.1253779,29.20753202,11.1
4.1253779,23.8432197,11.1
8.51491789,27.41942792,11.1
8.51491789,27.41942792,11.1
8.51491789,27.41942792,11.1
4.1253779,23.8432197,18.5
4.1253779,23.8432197,14.8
8.51491789,25.63132381,11.1
4.1253779,23.8432197,18.5
4.1253779,23.8432197,18.5
12.90445788,22.055115592,18.5
12.90445788,22.055115592,18.5
12.90445788,29.20753202,11.1
4.1253779,27.41942792,18.5
4.1253779,29.20753202,18.5
4.1253779,29.20753202,18.5
6.320147895,28.31347997,18.5
4.1253779,29.20753202,18.5
4.1253779,29.20753202,18.5
8.51491789,27.41942792,18.5
8.51491789,27.41942792,18.5
8.51491789,29.20753202,18.5
6.320147895,27.41942792,18.5
8.51491789,27.41942792,18.5
8.51491789,29.20753202,18.5
4.1253779,27.41942792,18.5
4.1253779,27.41942792,18.5
4.1253779,27.41942792,18.5
4.1253779,27.41942792,18.5
4.1253779,27.41942792,18.5
4.1253779,29.20753202,18.5
4.1253779,27.41942792,18.5
4.1253779,27.41942792,18.5
4.1253779,27.41942792,18.5
4.1253779,23.8432197,18.5
4.1253779,23.8432197,18.5
4.1253779,23.8432197,18.5
8.51491789,27.41942792,18.5
8.51491789,27.41942792,18.5
8.51491789,27.41942792,18.5
7.051737893333333,27.41942792,18.5
4.1253779,27.41942792,18.5
8.51491789,27.41942792,18.5
8.51491789,27.41942792,18.5
4.1253779,29.20753202,18.5
4.1253779,29.20753202,18.5
4.1253779,29.20753202,18.5
4.1253779,27.41942792,18.5
6.320147895,27.41942792,18.5
4.1253779,23.8432197,18.5
12.90445788,23.8432197,18.5
4.1253779,23.8432197,18.5
12.90445788,22.055115592,18.5
4.1253779,23.8432197,18.5
12.90445788,22.055115592,18.5
8.51491789,23.8432197,18.5
4.1253779,27.41942792,18.5
4.1253779,27.41942792,18.5
4.1253779,27.41942792,18.5
4.1253779,27.41942792,18.5
4.1253779,27.41942792,18.5
4.1253779,27.41942792,18.5
4.1253779,23.8432197,18.5
4.1253779,23.8432197,18.5
8.51491789,27.41942792,18.5
4.1253779,23.8432197,18.5
6.320147895,25.631323809999998,18.5
12.90445788,22.055115592,18.5
4.1253779,23.8432197,18.5
4.1253779,22.055115592,18.5
4.1253779,22.055115592,18.5
4.1253779,23.8432197,18.5
4.1253779,23.8432197,18.5
4.1253779,23.8432197,18.5
8.51491789,22.055115592,18.5
4.1253779,23.8432197,18.5
4.1253779,27.41942792,18.5
4.1253779,23.8432197,18.5
4.1253779,23.8432197,18.5
4.1253779,22.055115592,18.5
4.1253779,22.055115592,18.5
4.1253779,22.055115592,18.5
4.1253779,22.055115592,18.5
8.51491789,23.8432197,18.5
4.1253779,22.055115592,18.5
12.90445788,22.055115592,18.5
4.1253779,20.267011485,18.5
4.1253779,22.055115592,18.5
4.1253779,22.055115592,18.5
12.90445788,22.055115592,18.5
4.1253779,22.055115592,18.5
8.51491789,23.8432197,18.5
4.1253779,22.055115592,18.5
4.1253779,22.055115592,18.5
8.51491789,23.8432197,18.5
4.1253779,22.055115592,18.5
4.1253779,22.949167646,18.5
4.1253779,22.055115592,18.5
4.1253779,22.055115592,18.5
4.1253779,22.055115592,18.5
4.1253779,22.055115592,18.5
4.1253779,22.055115592,18.5
4.1253779,22.055115592,18.5
4.1253779,20.267011485,18.5
4.1253779,20.267011485,18.5
4.1253779,20.267011485,18.5
4.1253779,20.267011485,18.5
4.1253779,20.267011485,18.5
4.1253779,20.267011485,18.5
4.1253779,22.055115592,18.5
4.1253779,20.267011485,18.5
4.1253779,22.055115592,18.5
4.1253779,22.055115592,18.5
4.1253779,22.055115592,18.5
4.1253779,22.055115592,18.5
4.1253779,22.055115592,18.5
4.1253779,20.267011485,18.5
4.1253779,20.267011485,18.5
4.1253779,20.267011485,18.5
4.1253779,20.267011485,18.5
4.1253779,22.055115592,18.5
4.1253779,20.267011485,18.5
4.1253779,20.267011485,18.5
4.1253779,20.267011485,18.5
4.1253779,20.267011485,18.5
4.1253779,20.267011485,18.5
4.1253779,20.267011485,18.5
4.1253779,22.055115592,18.5
4.1253779,20.267011485,18.5
4.1253779,20.267011485,18.5
4.1253779,20.267011485,18.5
4.1253779,19.372959430999998,18.5
4.1253779,20.267011485,18.5
4.1253779,22.055115592,18.5
4.1253779,22.055115592,18.5
4.1253779,22.055115592,18.5
4.1253779,22.055115592,18.5
4.1253779,20.267011485,18.5
4.1253779,22.055115592,18.5
4.1253779,20.267011485,18.5
4.1253779,18.478907377,18.5
4.1253779,20.267011485,18.5
4.1253779,18.478907377,18.5
4.1253779,20.267011485,18.5
4.1253779,18.478907377,18.5
4.1253779,18.478907377,18.5
4.1253779,22.055115592,18.5
4.1253779,22.055115592,18.5
8.51491789,16.69080327,18.5
4.1253779,18.478907377,18.5
4.1253779,22.055115592,18.5
4.1253779,18.478907377,18.5
4.1253779,18.478907377,18.5
4.1253779,20.267011485,18.5
4.1253779,18.478907377,18.5
4.1253779,18.478907377,18.5
4.1253779,18.478907377,18.5
4.1253779,22.055115592,18.5
8.51491789,22.055115592,18.5
8.51491789,22.055115592,18.5
8.51491789,22.055115592,18.5
8.51491789,16.69080327,18.5
8.51491789,22.055115592,18.5
4.1253779,21.161063538500002,18.5
4.1253779,18.478907377,18.5
4.1253779,16.69080327,18.5
4.1253779,20.267011485,18.5
4.1253779,20.267011485,18.5
4.1253779,20.267011485,18.5
4.1253779,20.267011485,18.5
4.1253779,20.267011485,18.5
4.1253779,20.267011485,18.5
4.1253779,20.267011485,18.5
4.1253779,20.267011485,18.5
4.1253779,22.055115592,18.5
8.51491789,22.055115592,18.5
8.51491789,22.055115592,18.5
8.51491789,18.478907377,18.5
4.1253779,22.055115592,18.5
8.51491789,18.478907377,18.5
4.1253779,22.055115592,18.5
4.1253779,18.478907377,18.5
4.1253779,20.267011485,18.5
4.1253779,22.055115592,18.5
4.1253779,20.267011485,18.5
4.1253779,20.267011485,18.5
4.1253779,20.267011485,18.5
4.1253779,20.267011485,18.5
4.1253779,20.267011485,18.5
4.1253779,20.267011485,18.5
4.1253779,20.267011485,18.5
4.1253779,20.267011485,18.5
4.1253779,20.267011485,18.5
8.51491789,22.055115592,18.5
8.51491789,22.055115592,18.5
8.51491789,22.055115592,18.5
8.51491789,22.055115592,18.5
8.51491789,22.055115592,18.5
12.90445788,22.055115592,18.5
4.1253779,20.267011485,18.5
4.1253779,22.055115592,18.5
4.1253779,20.267011485,18.5
4.1253779,20.267011485,18.5
4.1253779,22.055115592,18.5
4.1253779,20.267011485,18.5
4.1253779,20.267011485,18.5
4.1253779,20.267011485,18.5
12.90445788,16.69080327,18.5
4.1253779,20.267011485,18.5
4.1253779,18.478907377,18.5
4.1253779,20.267011485,18.5
8.51491789,22.055115592,18.5
8.51491789,22.055115592,18.5
8.51491789,22.055115592,18.5
8.51491789,22.055115592,18.5
8.51491789,22.055115592,18.5
8.51491789,22.055115592,18.5
4.1253779,20.267011485,18.5
4.1253779,20.267011485,18.5
4.1253779,20.267011485,18.5
4.1253779,20.267011485,18.5
4.1253779,22.055115592,18.5
12.90445788,22.055115592,18.5
12.90445788,22.055115592,18.5
12.90445788,22.055115592,18.5
12.90445788,22.055115592,18.5
4.1253779,22.055115592,18.5
12.90445788,16.69080327,18.5
4.1253779,20.267011485,18.5
8.51491789,22.055115592,18.5
8.51491789,22.055115592,18.5
8.51491789,22.055115592,18.5
8.51491789,22.055115592,18.5
8.51491789,22.055115592,18.5
8.51491789,22.055115592,18.5
4.1253779,23.8432197,18.5
12.90445788,23.8432197,18.5
12.90445788,22.055115592,18.5
12.90445788,22.055115592,18.5
12.90445788,22.055115592,18.5
12.90445788,22.055115592,18.5
12.90445788,22.055115592,18.5
12.90445788,22.055115592,18.5
4.1253779,23.8432197,18.5
4.1253779,23.8432197,18.5
12.90445788,22.055115592,18.5
4.1253779,23.8432197,18.5
4.1253779,25.63132381,18.5
4.1253779,25.63132381,18.5
8.51491789,27.41942792,18.5
8.51491789,22.055115592,18.5
4.1253779,23.8432197,18.5
8.51491789,27.41942792,18.5
8.51491789,22.055115592,18.5
4.1253779,23.8432197,18.5
4.1253779,23.8432197,18.5
4.1253779,23.8432197,18.5
8.51491789,22.055115592,18.5
4.1253779,23.8432197,18.5
4.1253779,23.8432197,18.5
4.1253779,23.8432197,18.5
4.1253779,23.8432197,18.5
4.1253779,23.8432197,18.5
4.1253779,23.8432197,18.5
4.1253779,23.8432197,18.5
8.51491789,29.20753202,18.5
8.51491789,29.20753202,18.5
4.1253779,29.20753202,18.5
8.51491789,22.055115592,18.5
8.51491789,27.41942792,18.5
8.51491789,29.20753202,18.5
4.1253779,23.8432197,18.5
8.51491789,23.8432197,18.5
8.51491789,27.41942792,18.5
4.1253779,27.41942792,18.5
4.1253779,27.41942792,18.5
4.1253779,27.41942792,18.5
12.90445788,29.20753202,18.5
8.51491789,25.63132381,18.5
4.1253779,27.41942792,18.5
12.90445788,29.20753202,18.5
4.1253779,27.41942792,18.5
4.1253779,27.41942792,18.5
8.51491789,29.20753202,18.5
4.1253779,27.41942792,18.5
8.51491789,29.20753202,18.5
8.51491789,29.20753202,18.5
8.51491789,29.20753202,18.5
4.1253779,29.20753202,18.5
4.1253779,27.41942792,18.5
4.1253779,27.41942792,18.5
4.1253779,27.41942792,18.5
4.1253779,27.41942792,18.5
12.90445788,29.20753202,18.5
4.1253779,29.20753202,18.5
4.1253779,29.20753202,18.5
12.90445788,29.20753202,18.5
12.90445788,29.20753202,18.5
12.90445788,29.20753202,18.5
12.90445788,29.20753202,18.5
4.1253779,29.20753202,18.5
12.90445788,27.41942792,11.1
8.51491789,23.8432197,11.1
8.51491789,23.8432197,11.1
8.51491789,23.8432197,11.1
12.90445788,27.41942792,11.1
8.51491789,23.8432197,11.1
4.1253779,25.63132381,11.1
4.1253779,25.63132381,11.1
4.1253779,25.63132381,11.1
4.1253779,25.63132381,11.1
4.1253779,29.20753202,11.1
4.1253779,23.8432197,11.1
4.1253779,25.63132381,11.1
4.1253779,25.63132381,11.1
4.1253779,25.63132381,11.1
4.1253779,25.63132381,11.1
4.1253779,25.63132381,11.1
4.1253779,23.8432197,11.1
12.90445788,27.41942792,11.1
8.51491789,23.8432197,11.1
8.51491789,23.8432197,11.1
8.51491789,23.8432197,11.1
8.51491789,23.8432197,11.1
12.90445788,27.41942792,11.1
8.51491789,23.8432197,11.1
4.1253779,23.8432197,11.1
4.1253779,29.20753202,11.1
4.1253779,29.20753202,11.1
4.1253779,29.20753202,11.1
8.51491789,23.8432197,11.1
4.1253779,23.8432197,11.1
4.1253779,23.8432197,11.1
4.1253779,27.41942792,11.1
4.1253779,23.8432197,11.1
4.1253779,25.63132381,11.1
4.1253779,23.8432197,11.1
8.51491789,25.63132381,11.1
8.51491789,23.8432197,11.1
8.51491789,23.8432197,11.1
8.51491789,23.8432197,11.1
8.51491789,23.8432197,11.1
4.1253779,23.8432197,11.1
4.1253779,23.8432197,11.1
8.51491789,23.8432197,11.1
8.51491789,23.8432197,11.1
8.51491789,23.8432197,11.1
8.51491789,23.8432197,11.1
8.51491789,23.8432197,11.1
4.1253779,23.8432197,11.1
4.1253779,23.8432197,11.1
4.1253779,23.8432197,11.1
4.1253779,23.8432197,11.1
4.1253779,23.8432197,11.1
4.1253779,23.8432197,11.1
4.1253779,23.8432197,11.1
8.51491789,22.055115592,11.1
4.1253779,23.8432197,11.1
4.1253779,23.8432197,11.1
8.51491789,23.8432197,11.1
4.1253779,23.8432197,11.1
8.51491789,23.8432197,11.1
8.51491789,23.8432197,11.1
6.320147895,23.8432197,11.1
4.1253779,22.055115592,11.1
8.51491789,23.8432197,11.1
8.51491789,23.8432197,11.1
4.1253779,23.8432197,11.1
4.1253779,23.8432197,11.1
4.1253779,23.8432197,11.1
4.1253779,23.8432197,11.1
4.1253779,23.8432197,11.1
4.1253779,23.8432197,11.1
4.1253779,22.055115592,11.1
8.51491789,22.055115592,11.1
4.1253779,22.055115592,11.1
8.51491789,22.055115592,11.1
4.1253779,25.63132381,11.1
4.1253779,22.055115592,11.1
4.1253779,20.267011485,11.1
4.1253779,20.267011485,11.1
6.320147895,22.055115592,11.1
4.1253779,22.055115592,11.1
8.51491789,23.8432197,11.1
4.1253779,22.055115592,11.1
4.1253779,23.8432197,11.1
4.1253779,23.8432197,11.1
4.1253779,23.8432197,11.1
4.1253779,23.8432197,11.1
4.1253779,23.8432197,11.1
4.1253779,22.055115592,11.1
8.51491789,18.478907377,11.1
8.51491789,18.478907377,11.1
8.51491789,18.478907377,11.1
8.51491789,18.478907377,11.1
8.51491789,18.478907377,11.1
8.51491789,18.478907377,11.1
4.1253779,20.267011485,11.1
8.51491789,20.267011485,11.1
4.1253779,22.055115592,11.1
4.1253779,22.055115592,11.1
6.320147895,22.949167646,11.1
6.320147895,20.2670114845,11.1
4.1253779,23.8432197,11.1
4.1253779,23.8432197,11.1
4.1253779,23.8432197,11.1
4.1253779,23.8432197,11.1
4.1253779,23.8432197,11.1
4.1253779,23.8432197,11.1
8.51491789,18.478907377,11.1
8.51491789,18.478907377,11.1
8.51491789,18.478907377,11.1
8.51491789,18.478907377,11.1
8.51491789,18.478907377,11.1
4.1253779,18.478907377,11.1
4.1253779,18.478907377,11.1
8.51491789,18.478907377,11.1
8.51491789,18.478907377,11.1
8.51491789,18.478907377,11.1
8.51491789,18.478907377,11.1
8.51491789,18.478907377,11.1
4.1253779,22.055115592,11.1
4.1253779,22.055115592,11.1
4.1253779,18.478907377,11.1
4.1253779,18.478907377,11.1
4.1253779,18.478907377,11.1
4.1253779,22.055115592,11.1
8.51491789,18.478907377,11.1
12.90445788,16.69080327,11.1
4.1253779,18.478907377,11.1
12.90445788,16.69080327,11.1
8.51491789,18.478907377,11.1
4.1253779,18.478907377,11.1
8.51491789,18.478907377,11.1
8.51491789,16.69080327,11.1
8.51491789,18.478907377,11.1
8.51491789,18.478907377,11.1
8.51491789,18.478907377,11.1
8.51491789,18.478907377,11.1
4.1253779,18.478907377,11.1
4.1253779,18.478907377,11.1
4.1253779,18.478907377,11.1
4.1253779,18.478907377,11.1
4.1253779,18.478907377,11.1
4.1253779,18.478907377,11.1
4.1253779,18.478907377,11.1
4.1253779,18.478907377,11.1
4.1253779,18.478907377,11.1
4.1253779,18.478907377,11.1
4.1253779,18.478907377,11.1
4.1253779,16.69080327,11.1
12.90445788,16.69080327,11.1
8.51491789,18.478907377,11.1
8.51491789,18.478907377,11.1
8.51491789,18.478907377,11.1
8.51491789,18.478907377,11.1
8.51491789,18.478907377,11.1
8.51491789,18.478907377,11.1
8.51491789,18.478907377,11.1
8.51491789,18.478907377,11.1
8.51491789,18.478907377,11.1
8.51491789,18.478907377,11.1
8.51491789,18.478907377,11.1
4.1253779,18.478907377,11.1
4.1253779,18.478907377,11.1
4.1253779,18.478907377,11.1
4.1253779,18.478907377,11.1
4.1253779,18.478907377,11.1
4.1253779,18.478907377,11.1
4.1253779,18.478907377,11.1
8.51491789,18.478907377,11.1
8.51491789,18.478907377,11.1
8.51491789,18.478907377,11.1
8.51491789,18.478907377,11.1
8.51491789,18.478907377,11.1
8.51491789,18.478907377,11.1
8.51491789,18.478907377,11.1
8.51491789,18.478907377,11.1
10.709687885000001,19.372959430999998,11.1
8.51491789,18.478907377,11.1
8.51491789,18.478907377,11.1
8.51491789,20.267011485,11.1
4.1253779,22.055115592,11.1
4.1253779,22.055115592,11.1
4.1253779,18.478907377,11.1
4.1253779,22.055115592,11.1
4.1253779,22.055115592,11.1
8.51491789,22.055115592,11.1
8.51491789,20.267011485,11.1
4.1253779,22.055115592,11.1
4.1253779,22.055115592,11.1
8.51491789,20.267011485,11.1
4.1253779,22.055115592,11.1
12.90445788,20.267011485,11.1
8.51491789,18.478907377,11.1
8.51491789,18.478907377,11.1
12.90445788,20.267011485,11.1
12.90445788,20.267011485,11.1
8.51491789,18.478907377,11.1
4.1253779,22.055115592,11.1
4.1253779,22.055115592,11.1
4.1253779,22.055115592,11.1
4.1253779,23.8432197,11.1
4.1253779,22.055115592,11.1
4.1253779,22.055115592,11.1
4.1253779,22.055115592,11.1
4.1253779,22.055115592,11.1
4.1253779,22.055115592,11.1
4.1253779,18.478907377,11.1
4.1253779,23.8432197,11.1
4.1253779,22.055115592,11.1
12.90445788,18.478907377,11.1
8.51491789,22.055115592,11.1
12.90445788,20.267011485,11.1
8.51491789,22.055115592,11.1
8.51491789,22.055115592,11.1
8.51491789,22.055115592,11.1
4.1253779,23.8432197,11.1
4.1253779,23.8432197,11.1
4.1253779,23.8432197,11.1
4.1253779,23.8432197,11.1
4.1253779,23.8432197,11.1
4.1253779,23.8432197,11.1
4.1253779,23.8432197,11.1
4.1253779,23.8432197,11.1
4.1253779,23.8432197,11.1
4.1253779,23.8432197,11.1
4.1253779,23.8432197,11.1
4.1253779,23.8432197,11.1
12.90445788,23.8432197,11.1
12.90445788,23.8432197,11.1
4.1253779,23.8432197,11.1
4.1253779,23.8432197,11.1
12.90445788,23.8432197,11.1
4.1253779,23.8432197,11.1
4.1253779,23.8432197,11.1
4.1253779,23.8432197,11.1
4.1253779,23.8432197,11.1
4.1253779,23.8432197,11.1
4.1253779,23.8432197,11.1
4.1253779,23.8432197,11.1
8.51491789,23.8432197,11.1
4.1253779,23.8432197,11.1
4.1253779,23.8432197,11.1
4.1253779,23.8432197,11.1
12.90445788,27.41942792,11.1
12.90445788,27.41942792,11.1
4.1253779,22.055115592,18.5
4.1253779,23.8432197,11.1
4.1253779,23.8432197,11.1
4.1253779,23.8432197,11.1
4.1253779,23.8432197,11.1
4.1253779,23.8432197,11.1
4.1253779,23.8432197,11.1
4.1253779,23.8432197,11.1
4.1253779,23.8432197,11.1
4.1253779,23.8432197,11.1
4.1253779,25.63132381,11.1
4.1253779,25.631323809999998,11.1
4.1253779,29.20753202,11.1
4.1253779,27.41942792,11.1
8.51491789,23.8432197,11.1
8.51491789,23.8432197,11.1
4.1253779,27.41942792,11.1
8.51491789,23.8432197,11.1
12.90445788,25.63132381,11.1
12.90445788,23.8432197,11.1
4.1253779,23.8432197,18.5
8.51491789,27.41942792,11.1
8.51491789,27.41942792,11.1
8.51491789,27.41942792,11.1
4.1253779,23.8432197,11.1
4.1253779,23.8432197,11.1
4.1253779,27.41942792,11.1
4.1253779,27.41942792,11.1
4.1253779,27.41942792,11.1
4.1253779,27.41942792,11.1
4.1253779,29.20753202,11.1
4.1253779,23.8432197,11.1
4.1253779,29.20753202,11.1
4.1253779,23.8432197,11.1
4.1253779,25.631323809999998,11.1
4.1253779,23.8432197,11.1
4.1253779,23.8432197,18.5
4.1253779,23.8432197,18.5
8.51491789,25.63132381,11.1
4.1253779,23.8432197,18.5
8.51491789,25.63132381,11.1
4.1253779,23.8432197,18.5
4.1253779,29.20753202,18.5
8.51491789,27.41942792,18.5
4.1253779,27.41942792,18.5
6.320147895,28.31347997,18.5
4.1253779,27.41942792,18.5
8.51491789,23.8432197,18.5
8.51491789,29.20753202,18.5
8.51491789,29.20753202,18.5
8.51491789,29.20753202,18.5
8.51491789,29.20753202,18.5
8.51491789,29.20753202,18.5
8.51491789,29.20753202,18.5
4.1253779,27.41942792,18.5
4.1253779,27.41942792,18.5
4.1253779,27.41942792,18.5
4.1253779,29.20753202,18.5
4.1253779,29.20753202,18.5
4.1253779,27.41942792,18.5
4.1253779,27.41942792,18.5
4.1253779,27.41942792,18.5
4.1253779,27.41942792,18.5
4.1253779,27.41942792,18.5
4.1253779,27.41942792,18.5
4.1253779,27.41942792,18.5
8.51491789,27.41942792,18.5
4.1253779,27.41942792,18.5
4.1253779,27.41942792,18.5
8.51491789,29.20753202,18.5
6.320147895,27.41942792,18.5
8.51491789,29.20753202,18.5
4.1253779,27.41942792,18.5
4.1253779,29.20753202,18.5
4.1253779,27.41942792,18.5
4.1253779,27.41942792,18.5
4.1253779,27.41942792,18.5
4.1253779,27.41942792,18.5
4.1253779,23.8432197,18.5
8.51491789,22.055115592,18.5
8.51491789,22.055115592,18.5
8.51491789,22.055115592,18.5
8.51491789,22.055115592,18.5
8.51491789,22.055115592,18.5
8.51491789,27.41942792,18.5
8.51491789,27.41942792,18.5
8.51491789,25.631323809999998,18.5
8.51491789,23.8432197,18.5
8.51491789,23.8432197,18.5
8.51491789,23.8432197,18.5
4.1253779,27.41942792,18.5
4.1253779,27.41942792,18.5
4.1253779,27.41942792,18.5
4.1253779,25.63132381,18.5
4.1253779,27.41942792,18.5
4.1253779,25.63132381,18.5
4.1253779,22.949167646,18.5
8.51491789,22.055115592,18.5
4.1253779,23.8432197,18.5
4.1253779,22.055115592,18.5
8.51491789,22.055115592,18.5
8.51491789,22.055115592,18.5
8.51491789,22.055115592,18.5
8.51491789,23.8432197,18.5
6.320147895,25.631323809999998,18.5
8.51491789,23.8432197,18.5
8.51491789,23.8432197,18.5
4.1253779,22.055115592,18.5
4.1253779,23.8432197,18.5
4.1253779,25.63132381,18.5
8.51491789,22.055115592,18.5
4.1253779,23.8432197,18.5
4.1253779,23.8432197,18.5
4.1253779,22.055115592,18.5
8.51491789,23.8432197,18.5
8.51491789,22.055115592,18.5
4.1253779,22.055115592,18.5
12.90445788,22.055115592,18.5
4.1253779,23.8432197,18.5
8.51491789,22.055115592,18.5
8.51491789,23.8432197,18.5
8.51491789,23.8432197,18.5
8.51491789,23.8432197,18.5
8.51491789,23.8432197,18.5
8.51491789,22.055115592,18.5
8.51491789,23.8432197,18.5
8.51491789,23.8432197,18.5
4.1253779,23.8432197,18.5
4.1253779,22.055115592,18.5
4.1253779,22.055115592,18.5
4.1253779,22.055115592,18.5
4.1253779,23.8432197,18.5
4.1253779,22.055115592,18.5
4.1253779,22.055115592,18.5
4.1253779,22.055115592,18.5
4.1253779,20.267011485,18.5
4.1253779,20.267011485,18.5
4.1253779,20.267011485,18.5
8.51491789,22.055115592,18.5
8.51491789,22.055115592,18.5
8.51491789,23.8432197,18.5
8.51491789,22.055115592,18.5
8.51491789,23.8432197,18.5
8.51491789,22.055115592,18.5
4.1253779,22.055115592,18.5
4.1253779,22.055115592,18.5
8.51491789,23.8432197,18.5
4.1253779,22.055115592,18.5
4.1253779,22.055115592,18.5
4.1253779,22.055115592,18.5
4.1253779,20.267011485,18.5
4.1253779,20.267011485,18.5
4.1253779,20.267011485,18.5
4.1253779,20.267011485,18.5
4.1253779,20.267011485,18.5
4.1253779,20.267011485,18.5
8.51491789,23.8432197,18.5
4.1253779,22.055115592,18.5
8.51491789,22.055115592,18.5
8.51491789,22.055115592,18.5
8.51491789,22.055115592,18.5
8.51491789,22.055115592,18.5
4.1253779,20.267011485,18.5
4.1253779,20.267011485,18.5
4.1253779,21.161063538500002,18.5
4.1253779,20.267011485,18.5
4.1253779,18.478907377,18.5
4.1253779,20.267011485,18.5
4.1253779,20.267011485,18.5
4.1253779,20.267011485,18.5
4.1253779,22.055115592,18.5
4.1253779,22.055115592,18.5
4.1253779,20.267011485,18.5
4.1253779,20.267011485,18.5
4.1253779,18.478907377,18.5
8.51491789,23.8432197,18.5
6.320147895,23.8432197,18.5
4.1253779,22.055115592,18.5
8.51491789,23.8432197,18.5
4.1253779,22.055115592,18.5
4.1253779,18.478907377,18.5
4.1253779,18.478907377,18.5
4.1253779,18.478907377,18.5
4.1253779,18.478907377,18.5
4.1253779,20.267011485,18.5
4.1253779,18.478907377,18.5
4.1253779,18.478907377,18.5
4.1253779,18.478907377,18.5
4.1253779,18.478907377,18.5
4.1253779,18.478907377,18.5
4.1253779,18.478907377,18.5
4.1253779,16.69080327,18.5
6.320147895,20.2670114845,18.5
4.1253779,18.478907377,18.5
4.1253779,22.055115592,18.5
8.51491789,18.478907377,18.5
4.1253779,22.055115592,18.5
4.1253779,18.478907377,18.5
4.1253779,18.478907377,18.5
4.1253779,18.478907377,18.5
4.1253779,18.478907377,18.5
4.1253779,18.478907377,18.5
4.1253779,20.267011485,18.5
4.1253779,18.478907377,18.5
4.1253779,18.478907377,18.5
4.1253779,18.478907377,18.5
4.1253779,20.267011485,18.5
4.1253779,20.267011485,18.5
4.1253779,20.267011485,18.5
4.1253779,20.267011485,18.5
4.1253779,22.055115592,18.5
4.1253779,22.055115592,18.5
4.1253779,22.055115592,18.5
4.1253779,22.055115592,18.5
4.1253779,22.055115592,18.5
4.1253779,22.055115592,18.5
4.1253779,18.478907377,18.5
4.1253779,20.267011485,18.5
4.1253779,20.267011485,18.5
4.1253779,20.267011485,18.5
4.1253779,20.267011485,18.5
4.1253779,18.478907377,18.5
4.1253779,22.055115592,18.5
4.1253779,21.161063538500002,18.5
4.1253779,20.267011485,18.5
4.1253779,21.161063538500002,18.5
4.1253779,22.055115592,18.5
4.1253779,20.267011485,18.5
4.1253779,22.055115592,18.5
4.1253779,20.267011485,18.5
4.1253779,22.055115592,18.5
4.1253779,22.055115592,18.5
4.1253779,22.055115592,18.5
4.1253779,22.055115592,18.5
4.1253779,20.267011485,18.5
4.1253779,20.267011485,18.5
4.1253779,20.267011485,18.5
4.1253779,20.267011485,18.5
4.1253779,20.267011485,18.5
4.1253779,18.478907377,18.5
4.1253779,22.055115592,18.5
8.51491789,23.8432197,18.5
4.1253779,22.055115592,18.5
4.1253779,22.055115592,18.5
4.1253779,20.267011485,18.5
12.90445788,22.055115592,18.5
6.320147895,22.949167646,18.5
8.51491789,22.055115592,18.5
8.51491789,22.055115592,18.5
8.51491789,22.055115592,18.5
8.51491789,22.055115592,18.5
12.90445788,22.055115592,18.5
4.1253779,20.267011485,18.5
4.1253779,20.267011485,18.5
4.1253779,20.267011485,18.5
4.1253779,22.055115592,18.5
4.1253779,20.267011485,18.5
4.1253779,20.267011485,18.5
8.51491789,22.055115592,18.5
8.51491789,22.055115592,18.5
8.51491789,22.055115592,18.5
8.51491789,22.055115592,18.5
8.51491789,22.055115592,18.5
8.51491789,22.055115592,18.5
8.51491789,22.055115592,18.5
8.51491789,22.055115592,18.5
8.51491789,22.055115592,18.5
8.51491789,22.055115592,18.5
8.51491789,22.055115592,18.5
8.51491789,22.055115592,18.5
12.90445788,22.055115592,18.5
4.1253779,22.055115592,18.5
12.90445788,22.055115592,18.5
4.1253779,22.055115592,18.5
10.709687885000001,22.949167646,18.5
4.1253779,23.8432197,18.5
4.1253779,23.8432197,18.5
4.1253779,27.41942792,18.5
8.51491789,23.8432197,18.5
8.51491789,25.63132381,18.5
4.1253779,27.41942792,18.5
4.1253779,27.41942792,18.5
8.51491789,22.055115592,18.5
12.90445788,23.8432197,18.5
12.90445788,23.8432197,18.5
8.51491789,22.055115592,18.5
8.51491789,22.055115592,18.5
8.51491789,22.055115592,18.5
12.90445788,22.055115592,18.5
4.1253779,23.8432197,18.5
12.90445788,22.055115592,18.5
4.1253779,23.8432197,18.5
4.1253779,23.8432197,18.5
12.90445788,22.055115592,18.5
8.51491789,27.41942792,18.5
8.51491789,27.41942792,18.5
8.51491789,27.41942792,18.5
8.51491789,27.41942792,18.5
4.1253779,27.41942792,18.5
6.320147895,27.41942792,18.5
4.1253779,27.41942792,18.5
8.51491789,27.41942792,18.5
4.1253779,29.20753202,18.5
8.51491789,22.055115592,18.5
8.51491789,22.055115592,18.5
8.51491789,27.41942792,18.5
4.1253779,23.8432197,18.5
4.1253779,27.41942792,18.5
4.1253779,27.41942792,18.5
4.1253779,27.41942792,18.5
4.1253779,27.41942792,18.5
4.1253779,27.41942792,18.5
4.1253779,27.41942792,18.5
4.1253779,27.41942792,18.5
4.1253779,27.41942792,18.5
8.51491789,29.20753202,18.5
8.51491789,29.20753202,18.5
8.51491789,29.20753202,18.5
4.1253779,27.41942792,18.5
4.1253779,27.41942792,18.5
8.51491789,27.41942792,18.5
8.51491789,27.41942792,18.5
4.1253779,27.41942792,18.5
4.1253779,29.20753202,18.5
8.51491789,29.20753202,18.5
4.1253779,29.20753202,18.5
4.1253779,29.20753202,18.5
4.1253779,29.20753202,18.5
4.1253779,29.20753202,18.5
4.1253779,27.41942792,18.5
8.51491789,23.8432197,11.1
4.1253779,23.8432197,11.1
12.90445788,27.41942792,11.1
12.90445788,27.41942792,11.1
4.1253779,23.8432197,11.1
8.51491789,23.8432197,11.1
8.51491789,23.8432197,11.1
4.1253779,23.8432197,11.1
4.1253779,25.63132381,11.1
4.1253779,27.41942792,11.1
8.51491789,25.63132381,11.1
8.51491789,23.8432197,11.1
8.51491789,23.8432197,11.1
4.1253779,23.8432197,11.1
4.1253779,23.8432197,11.1
4.1253779,23.8432197,11.1
12.90445788,25.63132381,11.1
4.1253779,23.8432197,11.1
8.51491789,23.8432197,11.1
4.1253779,23.8432197,11.1
4.1253779,23.8432197,11.1
4.1253779,23.8432197,11.1
8.51491789,23.8432197,11.1
8.51491789,22.055115592,11.1
8.51491789,23.8432197,11.1
4.1253779,23.8432197,11.1
4.1253779,23.8432197,11.1
4.1253779,23.8432197,11.1
4.1253779,25.63132381,11.1
4.1253779,25.63132381,11.1
4.1253779,23.8432197,11.1
4.1253779,25.63132381,11.1
4.1253779,18.478907377,11.1
4.1253779,23.8432197,11.1
4.1253779,23.8432197,11.1
4.1253779,23.8432197,11.1
4.1253779,23.8432197,11.1
8.51491789,20.267011485,11.1
8.51491789,20.267011485,11.1
4.1253779,22.055115592,11.1
8.51491789,20.267011485,11.1
8.51491789,20.267011485,11.1
8.51491789,20.267011485,11.1
4.1253779,23.8432197,11.1
4.1253779,23.8432197,11.1
4.1253779,23.8432197,11.1
4.1253779,25.63132381,11.1
4.1253779,25.63132381,11.1
4.1253779,23.8432197,11.1
4.1253779,23.8432197,11.1
4.1253779,23.8432197,11.1
4.1253779,23.8432197,11.1
4.1253779,23.8432197,11.1
4.1253779,23.8432197,11.1
8.51491789,23.8432197,11.1
4.1253779,23.8432197,11.1
4.1253779,23.8432197,11.1
8.51491789,23.8432197,11.1
4.1253779,23.8432197,11.1
4.1253779,23.8432197,11.1
8.51491789,18.478907377,11.1
8.51491789,18.478907377,11.1
8.51491789,20.267011485,11.1
8.51491789,18.478907377,11.1
8.51491789,18.478907377,11.1
8.51491789,18.478907377,11.1
8.51491789,18.478907377,11.1
8.51491789,18.478907377,11.1
8.51491789,18.478907377,11.1
12.90445788,18.478907377,11.1
8.51491789,18.478907377,11.1
8.51491789,18.478907377,11.1
8.51491789,18.478907377,11.1
4.1253779,18.478907377,11.1
12.90445788,18.478907377,11.1
8.51491789,18.478907377,11.1
8.51491789,18.478907377,11.1
8.51491789,18.478907377,11.1
8.51491789,18.478907377,11.1
8.51491789,18.478907377,11.1
12.90445788,16.69080327,11.1
8.51491789,18.478907377,11.1
8.51491789,18.478907377,11.1
8.51491789,18.478907377,11.1
12.90445788,16.69080327,11.1
12.90445788,16.69080327,11.1
8.51491789,18.478907377,11.1
12.90445788,16.69080327,11.1
12.90445788,16.69080327,11.1
12.90445788,16.69080327,11.1
8.51491789,18.478907377,11.1
8.51491789,18.478907377,11.1
8.51491789,18.478907377,11.1
8.51491789,18.478907377,11.1
12.90445788,16.69080327,11.1
8.51491789,18.478907377,11.1
12.90445788,16.69080327,11.1
12.90445788,16.69080327,11.1
12.90445788,16.69080327,11.1
4.1253779,18.478907377,11.1
8.51491789,18.478907377,11.1
12.90445788,16.69080327,11.1
4.1253779,29.20753202,11.1
4.1253779,29.20753202,11.1
4.1253779,29.20753202,11.1
8.51491789,23.8432197,11.1
4.1253779,29.20753202,11.1
8.51491789,23.8432197,11.1
4.1253779,29.20753202,11.1
4.1253779,29.20753202,11.1
4.1253779,23.8432197,11.1
8.51491789,25.63132381,11.1
8.51491789,25.63132381,11.1
8.51491789,23.8432197,11.1
8.51491789,23.8432197,11.1
8.51491789,23.8432197,11.1
8.51491789,23.8432197,11.1
8.51491789,23.8432197,11.1
8.51491789,23.8432197,11.1
8.51491789,23.8432197,11.1
8.51491789,23.8432197,11.1
8.51491789,23.8432197,11.1
8.51491789,23.8432197,11.1
8.51491789,23.8432197,11.1
8.51491789,23.8432197,11.1
8.51491789,23.8432197,11.1
8.51491789,23.8432197,11.1
8.51491789,23.8432197,11.1
8.51491789,23.8432197,11.1
4.1253779,25.63132381,11.1
8.51491789,23.8432197,11.1
8.51491789,23.8432197,11.1
8.51491789,23.8432197,11.1
4.1253779,23.8432197,11.1
4.1253779,23.8432197,11.1
8.51491789,23.8432197,11.1
8.51491789,23.8432197,11.1
4.1253779,20.267011485,11.1
4.1253779,22.055115592,11.1
8.51491789,23.8432197,11.1
4.1253779,22.055115592,11.1
4.1253779,22.055115592,11.1
4.1253779,25.63132381,11.1
4.1253779,25.63132381,11.1
4.1253779,22.055115592,11.1
8.51491789,23.8432197,11.1
4.1253779,18.478907377,11.1
4.1253779,23.8432197,11.1
4.1253779,22.055115592,11.1
6.320147895,22.949167646,11.1
4.1253779,18.478907377,11.1
4.1253779,22.055115592,11.1
4.1253779,18.478907377,11.1
8.51491789,23.8432197,11.1
4.1253779,22.055115592,11.1
4.1253779,23.8432197,11.1
8.51491789,23.8432197,11.1
8.51491789,23.8432197,11.1
4.1253779,20.267011485,11.1
8.51491789,23.8432197,11.1
4.1253779,18.478907377,11.1
4.1253779,18.478907377,11.1
8.51491789,20.267011485,11.1
4.1253779,18.478907377,11.1
4.1253779,22.055115592,11.1
8.51491789,23.8432197,11.1
4.1253779,18.478907377,11.1
4.1253779,18.478907377,11.1
4.1253779,18.478907377,11.1
4.1253779,20.267011485,11.1
8.51491789,18.478907377,11.1
8.51491789,18.478907377,11.1
8.51491789,20.267011485,11.1
8.51491789,20.267011485,11.1
4.1253779,18.478907377,11.1
8.51491789,20.267011485,11.1
4.1253779,18.478907377,11.1
8.51491789,18.478907377,11.1
8.51491789,18.478907377,11.1
8.51491789,18.478907377,11.1
8.51491789,18.478907377,11.1
8.51491789,18.478907377,11.1
8.51491789,18.478907377,11.1
4.1253779,18.478907377,11.1
8.51491789,20.267011485,11.1
8.51491789,18.478907377,11.1
8.51491789,18.478907377,11.1
8.51491789,18.478907377,11.1
8.51491789,18.478907377,11.1
4.1253779,18.478907377,11.1
8.51491789,18.478907377,11.1
8.51491789,18.478907377,11.1
8.51491789,18.478907377,11.1
8.51491789,17.5848553235,11.1
8.51491789,18.478907377,11.1
8.51491789,18.478907377,11.1
8.51491789,18.478907377,11.1
8.51491789,22.055115592,11.1
8.51491789,16.69080327,11.1
8.51491789,18.478907377,11.1
6.320147895,18.478907377,11.1
4.1253779,18.478907377,11.1
4.1253779,18.478907377,11.1
4.1253779,18.478907377,11.1
8.51491789,18.478907377,11.1
4.1253779,18.478907377,11.1
8.51491789,18.478907377,11.1
6.320147895,19.372959430999998,11.1
4.1253779,18.478907377,11.1
8.51491789,18.478907377,11.1
8.51491789,18.478907377,11.1
8.514917890000001,18.478907377000002,11.100000000000001
8.51491789,18.478907377,11.1
8.51491789,18.478907377,11.1
8.51491789,18.478907377,11.1
8.51491789,18.478907377,11.1
8.51491789,20.267011485,11.1
8.51491789,20.267011485,11.1
8.51491789,18.478907377,11.1
8.51491789,20.267011485,11.1
8.51491789,20.267011485,11.1
4.1253779,22.055115592,11.1
8.51491789,20.267011485,11.1
8.51491789,18.478907377,11.1
8.51491789,20.267011485,11.1
8.51491789,20.267011485,11.1
8.51491789,18.478907377,11.1
8.51491789,18.478907377,11.1
8.51491789,18.478907377,11.1
4.1253779,18.478907377,11.1
4.1253779,18.478907377,11.1
4.1253779,22.055115592,11.1
4.1253779,18.478907377,11.1
6.320147895,21.161063538500002,11.1
4.1253779,18.478907377,11.1
4.1253779,23.8432197,11.1
8.51491789,20.267011485,11.1
8.51491789,20.267011485,11.1
8.51491789,20.267011485,11.1
8.51491789,18.478907377,11.1
4.1253779,23.8432197,11.1
4.1253779,23.8432197,11.1
4.1253779,25.63132381,11.1
4.1253779,22.055115592,11.1
4.1253779,23.8432197,11.1
4.1253779,25.63132381,11.1
4.1253779,23.8432197,11.1
8.51491789,23.8432197,11.1
8.51491789,23.8432197,11.1
4.1253779,23.8432197,11.1
4.1253779,25.63132381,11.1
4.1253779,23.8432197,11.1
8.51491789,23.8432197,11.1
4.1253779,29.20753202,11.1
4.1253779,23.8432197,11.1
4.1253779,23.8432197,11.1
4.1253779,25.63132381,11.1
4.1253779,25.63132381,11.1
4.1253779,25.63132381,11.1
8.51491789,23.8432197,11.1
8.51491789,23.8432197,11.1
4.1253779,23.8432197,11.1
4.1253779,25.63132381,11.1
8.51491789,23.8432197,11.1
8.51491789,23.8432197,11.1
8.51491789,25.63132381,11.1
4.1253779,23.8432197,11.1
8.51491789,25.63132381,11.1
4.1253779,23.8432197,11.1
8.51491789,25.63132381,11.1
4.1253779,23.8432197,11.1
4.1253779,29.20753202,11.1
4.1253779,29.20753202,11.1
4.1253779,29.20753202,11.1
8.51491789,27.41942792,11.1
4.1253779,29.20753202,11.1
4.1253779,29.20753202,11.1
8.51491789,23.8432197,11.1
4.1253779,29.20753202,11.1
8.51491789,25.63132381,11.1
4.1253779,29.20753202,11.1
8.51491789,25.63132381,11.1
8.51491789,23.8432197,11.1
4.1253779,29.20753202,11.1
4.1253779,29.20753202,11.1
4.1253779,29.20753202,11.1
4.1253779,29.20753202,11.1
4.1253779,29.20753202,11.1
4.1253779,29.20753202,11.1
4.1253779,29.20753202,11.1
4.1253779,23.8432197,11.1
4.1253779,29.20753202,11.1
4.1253779,23.8432197,11.1
4.1253779,29.20753202,11.1
4.1253779,29.20753202,11.1
4.1253779,29.20753202,11.1
4.1253779,23.8432197,11.1
4.1253779,29.20753202,11.1
4.1253779,23.8432197,11.1
4.1253779,29.20753202,11.1
4.1253779,23.8432197,11.1
4.1253779,29.20753202,11.1
4.1253779,29.20753202,11.1
4.1253779,23.8432197,11.1
4.1253779,29.20753202,11.1
4.1253779,29.20753202,11.1
8.51491789,18.478907377,11.1
8.51491789,18.478907377,11.1
4.1253779,18.478907377,11.1
8.51491789,18.478907377,11.1
8.51491789,18.478907377,11.1
10.709687885000001,17.5848553235,11.1
12.90445788,16.69080327,11.1
8.51491789,18.478907377,11.1
8.51491789,18.478907377,11.1
8.51491789,18.478907377,11.1
8.51491789,18.478907377,11.1
8.51491789,20.267011485,11.1
8.51491789,18.478907377,11.1
8.51491789,18.478907377,11.1
8.51491789,18.478907377,11.1
8.51491789,18.478907377,11.1
8.51491789,18.478907377,11.1
8.51491789,18.478907377,11.1
8.51491789,18.478907377,11.1
12.90445788,20.267011485,11.1
8.51491789,18.478907377,11.1
8.51491789,18.478907377,11.1
8.51491789,18.478907377,11.1
8.51491789,18.478907377,11.1
8.51491789,18.478907377,11.1
4.1253779,23.8432197,11.1
8.51491789,25.63132381,11.1
8.51491789,20.267011485,11.1
12.90445788,20.267011485,11.1
8.51491789,20.267011485,11.1
8.51491789,18.478907377,11.1
4.1253779,23.8432197,11.1
12.90445788,20.267011485,11.1
8.51491789,20.267011485,11.1
12.90445788,20.267011485,11.1
4.1253779,18.478907377,11.1
4.1253779,20.267011485,11.1
8.51491789,20.267011485,11.1
8.51491789,20.267011485,11.1
4.1253779,25.63132381,11.1
4.1253779,23.8432197,11.1
12.90445788,22.055115592,11.1
4.1253779,23.8432197,11.1
8.51491789,25.63132381,11.1
4.1253779,23.8432197,11.1
7.051737893333334,25.035289106666667,11.100000000000001
4.1253779,23.8432197,11.1
8.51491789,25.63132381,11.1
4.1253779,25.63132381,11.1
12.90445788,23.8432197,11.1
8.51491789,25.63132381,11.1
4.1253779,23.8432197,11.1
4.1253779,23.8432197,11.1
4.1253779,23.8432197,11.1
8.51491789,25.63132381,11.1
4.1253779,23.8432197,11.1
4.1253779,23.8432197,11.1
4.1253779,23.8432197,11.1
4.1253779,23.8432197,11.1
4.1253779,23.8432197,11.1
4.1253779,23.8432197,11.1
4.1253779,23.8432197,11.1
4.1253779,23.8432197,11.1
4.1253779,23.8432197,11.1
4.1253779,23.8432197,11.1
4.1253779,23.8432197,11.1
6.320147895,24.737271755000002,11.1
4.1253779,23.8432197,11.1
4.1253779,23.8432197,11.1
4.1253779,23.8432197,11.1
4.1253779,23.8432197,11.1
8.51491789,25.63132381,11.1
4.1253779,23.8432197,11.1
4.1253779,23.8432197,18.5
4.1253779,23.8432197,11.1
4.1253779,23.8432197,11.1
8.51491789,25.63132381,11.1
8.51491789,25.63132381,11.1
4.1253779,25.63132381,11.1
4.1253779,23.8432197,18.5
6.320147895,25.631323809999998,14.8
8.51491789,27.41942792,11.1
4.1253779,23.8432197,14.8
4.1253779,23.8432197,18.5
12.90445788,27.41942792,11.1
4.1253779,23.8432197,11.1
12.90445788,27.41942792,11.1
12.90445788,27.41942792,11.1
4.1253779,23.8432197,11.1
12.90445788,27.41942792,11.1
12.90445788,27.41942792,11.1
8.51491789,29.20753202,11.1
12.90445788,27.41942792,11.1
12.90445788,27.41942792,11.1
8.51491789,29.20753202,11.1
12.90445788,27.41942792,11.1
4.1253779,27.41942792,18.5
8.51491789,25.63132381,11.1
8.51491789,27.41942792,11.1
8.51491789,25.63132381,11.1
12.90445788,27.41942792,11.1
8.51491789,25.63132381,11.1
4.1253779,27.41942792,18.5
4.1253779,27.41942792,18.5
8.51491789,27.41942792,18.5
12.90445788,29.20753202,18.5
8.51491789,27.41942792,18.5
4.1253779,27.41942792,18.5
8.51491789,29.20753202,18.5
4.1253779,29.20753202,18.5
8.51491789,29.20753202,18.5
8.51491789,29.20753202,18.5
8.51491789,29.20753202,18.5
4.1253779,27.41942792,18.5
4.1253779,27.41942792,18.5
12.90445788,23.8432197,18.5
4.1253779,25.63132381,18.5
8.51491789,22.055115592,18.5
8.51491789,27.41942792,18.5
8.51491789,22.055115592,18.5
8.51491789,22.055115592,18.5
8.51491789,22.055115592,18.5
8.51491789,27.41942792,18.5
8.51491789,27.41942792,18.5
4.1253779,29.20753202,18.5
8.51491789,27.41942792,18.5
8.51491789,22.055115592,18.5
8.51491789,22.055115592,18.5
8.51491789,22.055115592,18.5
8.51491789,22.055115592,18.5
4.1253779,23.8432197,18.5
4.1253779,23.8432197,18.5
8.51491789,22.055115592,18.5
8.51491789,22.055115592,18.5
8.51491789,22.055115592,18.5
8.51491789,22.055115592,18.5
12.90445788,22.055115592,18.5
4.1253779,23.8432197,18.5
8.51491789,22.055115592,18.5
12.90445788,22.055115592,18.5
8.51491789,22.055115592,18.5
8.51491789,22.055115592,18.5
12.90445788,22.949167646,18.5
4.1253779,23.8432197,18.5
5.588557896666666,23.24718499733333,18.5
10.709687885000001,22.055115592,18.5
8.51491789,22.055115592,18.5
8.51491789,22.055115592,18.5
12.90445788,23.8432197,18.5
4.1253779,22.055115592,18.5
4.1253779,23.8432197,18.5
4.1253779,22.055115592,18.5
12.90445788,22.055115592,18.5
12.90445788,22.055115592,18.5
12.90445788,22.055115592,18.5
4.1253779,22.055115592,18.5
12.90445788,22.055115592,18.5
8.51491789,22.055115592,18.5
8.51491789,22.055115592,18.5
8.51491789,23.8432197,18.5
4.1253779,23.8432197,18.5
12.90445788,22.055115592,18.5
12.90445788,22.055115592,18.5
4.1253779,22.055115592,18.5
4.1253779,22.055115592,18.5
4.1253779,22.055115592,18.5
4.1253779,20.267011485,18.5
4.1253779,20.267011485,18.5
4.1253779,20.267011485,18.5
4.1253779,22.055115592,18.5
4.1253779,20.267011485,18.5
4.1253779,20.267011485,18.5
4.1253779,22.055115592,18.5
4.1253779,22.055115592,18.5
4.1253779,22.055115592,18.5
4.1253779,18.478907377,18.5
4.1253779,18.478907377,18.5
12.90445788,16.69080327,18.5
4.1253779,20.267011485,18.5
4.1253779,20.267011485,18.5
4.1253779,20.267011485,18.5
4.1253779,20.267011485,18.5
4.1253779,20.267011485,18.5
4.1253779,22.055115592,18.5
4.1253779,20.267011485,18.5
4.1253779,20.267011485,18.5
12.90445788,22.055115592,18.5
4.1253779,18.478907377,18.5
4.1253779,16.69080327,18.5
4.1253779,16.69080327,18.5
4.1253779,16.69080327,18.5
4.1253779,16.69080327,18.5
4.1253779,18.478907377,18.5
4.1253779,18.478907377,18.5
4.1253779,18.478907377,18.5
4.1253779,18.478907377,18.5
4.1253779,18.478907377,18.5
4.1253779,18.478907377,18.5
4.1253779,18.478907377,18.5
4.1253779,22.055115592,18.5
4.1253779,21.161063538500002,18.5
4.1253779,22.055115592,18.5
4.1253779,22.055115592,18.5
4.1253779,20.267011485,18.5
8.51491789,29.20753202,18.5
8.51491789,29.20753202,18.5
8.51491789,29.20753202,18.5
8.51491789,29.20753202,18.5
8.51491789,22.055115592,18.5
8.51491789,29.20753202,18.5
8.51491789,29.20753202,18.5
8.51491789,29.20753202,18.5
4.1253779,27.41942792,18.5
8.51491789,29.20753202,18.5
4.1253779,27.41942792,18.5
4.1253779,27.41942792,18.5
8.51491789,27.41942792,18.5
8.51491789,27.41942792,18.5
8.51491789,27.41942792,18.5
4.1253779,29.20753202,18.5
4.1253779,27.41942792,18.5
8.51491789,27.41942792,18.5
4.1253779,22.055115592,18.5
8.51491789,22.055115592,18.5
4.1253779,27.41942792,18.5
8.51491789,27.41942792,18.5
8.51491789,25.63132381,18.5
8.51491789,27.41942792,18.5
8.51491789,27.41942792,18.5
8.51491789,22.055115592,18.5
8.51491789,22.055115592,18.5
4.1253779,25.63132381,18.5
8.51491789,22.055115592,18.5
8.51491789,22.055115592,18.5
8.51491789,22.055115592,18.5
8.51491789,22.055115592,18.5
8.51491789,22.055115592,18.5
8.51491789,22.055115592,18.5
8.51491789,22.055115592,18.5
8.51491789,22.055115592,18.5
8.51491789,22.055115592,18.5
8.51491789,22.055115592,18.5
8.51491789,22.055115592,18.5
8.51491789,22.055115592,18.5
8.51491789,22.055115592,18.5
8.51491789,22.055115592,18.5
8.51491789,22.055115592,18.5
8.51491789,22.055115592,18.5
8.51491789,18.478907377,18.5
8.51491789,22.055115592,18.5
8.51491789,22.055115592,18.5
8.51491789,22.055115592,18.5
8.51491789,22.055115592,18.5
8.51491789,22.055115592,18.5
8.51491789,22.055115592,18.5
8.51491789,23.8432197,18.5
8.51491789,22.055115592,18.5
8.51491789,22.055115592,18.5
8.51491789,22.055115592,18.5
8.51491789,22.055115592,18.5
8.51491789,22.055115592,18.5
8.51491789,22.055115592,18.5
8.51491789,22.055115592,18.5
8.51491789,22.055115592,18.5
8.51491789,22.055115592,18.5
8.51491789,22.055115592,18.5
8.51491789,22.055115592,18.5
8.51491789,22.055115592,18.5
8.51491789,22.055115592,18.5
8.51491789,22.055115592,18.5
8.51491789,22.055115592,18.5
8.51491789,22.055115592,18.5
8.51491789,22.055115592,18.5
8.51491789,22.055115592,18.5
8.51491789,22.055115592,18.5
8.51491789,22.055115592,18.5
8.51491789,22.055115592,18.5
8.51491789,18.478907377,18.5
8.51491789,22.055115592,18.5
8.51491789,22.055115592,18.5
8.51491789,22.055115592,18.5
8.51491789,22.055115592,18.5
8.51491789,22.055115592,18.5
8.51491789,22.055115592,18.5
8.51491789,22.055115592,18.5
8.51491789,22.055115592,18.5
8.51491789,22.055115592,18.5
8.51491789,22.055115592,18.5
8.51491789,22.055115592,18.5
8.51491789,22.055115592,18.5
8.51491789,22.055115592,18.5
8.51491789,22.055115592,18.5
8.51491789,22.055115592,18.5
8.51491789,22.055115592,18.5
8.51491789,22.055115592,18.5
8.51491789,22.055115592,18.5
8.51491789,22.055115592,18.5
8.51491789,22.055115592,18.5
8.51491789,22.055115592,18.5
8.51491789,23.8432197,18.5
8.51491789,18.478907377,18.5
8.51491789,22.055115592,18.5
4.1253779,22.055115592,18.5
8.51491789,16.69080327,18.5
8.51491789,23.8432197,18.5
4.1253779,22.055115592,18.5
8.51491789,22.055115592,18.5
8.51491789,22.055115592,18.5
8.51491789,22.055115592,18.5
8.51491789,22.055115592,18.5
8.51491789,22.055115592,18.5
8.51491789,22.055115592,18.5
12.90445788,22.055115592,18.5
12.90445788,22.055115592,18.5
8.51491789,22.055115592,18.5
8.51491789,22.055115592,18.5
8.51491789,22.055115592,18.5
8.51491789,22.055115592,18.5
8.51491789,22.055115592,18.5
8.51491789,22.055115592,18.5
8.51491789,23.8432197,18.5
8.51491789,22.055115592,18.5
8.51491789,22.055115592,18.5
8.51491789,22.055115592,18.5
8.51491789,22.055115592,18.5
4.1253779,25.63132381,18.5
4.1253779,27.41942792,18.5
4.1253779,25.631323809999998,18.5
4.1253779,25.63132381,18.5
4.1253779,27.41942792,18.5
8.51491789,23.8432197,18.5
4.1253779,27.41942792,18.5
4.1253779,27.41942792,18.5
8.51491789,22.055115592,18.5
8.51491789,22.055115592,18.5
8.51491789,23.8432197,18.5
4.1253779,27.41942792,18.5
4.1253779,25.63132381,18.5
8.51491789,22.055115592,18.5
4.1253779,25.63132381,18.5
4.1253779,27.41942792,18.5
8.51491789,22.055115592,18.5
4.1253779,25.63132381,18.5
4.1253779,25.63132381,18.5
4.1253779,29.20753202,18.5
4.1253779,27.41942792,18.5
4.1253779,27.41942792,18.5
4.1253779,27.41942792,18.5
4.1253779,27.41942792,18.5
8.51491789,22.055115592,18.5
4.1253779,27.41942792,18.5
4.1253779,27.41942792,18.5
8.51491789,22.055115592,18.5
8.51491789,22.055115592,18.5
4.1253779,27.41942792,18.5
8.51491789,22.055115592,18.5
8.51491789,22.055115592,18.5
8.51491789,22.055115592,18.5
8.51491789,22.055115592,18.5
8.51491789,22.055115592,18.5
4.1253779,25.63132381,18.5
4.1253779,25.63132381,18.5
4.1253779,27.41942792,18.5
8.51491789,22.055115592,18.5
4.1253779,25.63132381,18.5
4.1253779,27.41942792,18.5
4.1253779,27.41942792,18.5
8.51491789,22.055115592,18.5
6.320147895,28.31347997,18.5
8.51491789,23.8432197,18.5
4.1253779,27.41942792,18.5
4.1253779,27.41942792,18.5
4.1253779,27.41942792,18.5
4.1253779,29.20753202,18.5
8.51491789,22.055115592,18.5
8.51491789,27.41942792,18.5
4.1253779,27.41942792,18.5
8.51491789,27.41942792,18.5
8.51491789,27.41942792,18.5
4.1253779,29.20753202,18.5
4.1253779,27.41942792,18.5
8.51491789,27.41942792,18.5
4.1253779,29.20753202,18.5
4.1253779,27.41942792,18.5
8.51491789,27.41942792,18.5
4.1253779,29.20753202,18.5
8.51491789,29.20753202,18.5
4.1253779,27.41942792,18.5
8.51491789,27.41942792,18.5
8.51491789,29.20753202,18.5
8.51491789,29.20753202,18.5
4.1253779,27.41942792,18.5
8.51491789,29.20753202,18.5
8.51491789,29.20753202,18.5
4.1253779,29.20753202,18.5
8.51491789,29.20753202,18.5
4.1253779,27.41942792,18.5
8.51491789,29.20753202,18.5
8.51491789,29.20753202,18.5
4.1253779,27.41942792,18.5
8.51491789,29.20753202,18.5
8.51491789,29.20753202,18.5
8.51491789,29.20753202,18.5
8.51491789,29.20753202,18.5
8.51491789,29.20753202,18.5
8.51491789,23.8432197,18.5
8.51491789,29.20753202,18.5
8.51491789,29.20753202,18.5
4.1253779,16.69080327,18.5
4.1253779,18.478907377,18.5
4.1253779,16.69080327,18.5
4.1253779,18.478907377,18.5
4.1253779,18.478907377,18.5
4.1253779,18.478907377,18.5
4.1253779,19.372959430999998,18.5
4.1253779,18.478907377,18.5
12.90445788,16.69080327,18.5
4.1253779,18.478907377,18.5
8.51491789,22.055115592,18.5
4.1253779,20.267011485,18.5
4.1253779,22.055115592,18.5
4.1253779,23.8432197,18.5
4.1253779,22.055115592,18.5
4.1253779,23.8432197,18.5
4.1253779,23.8432197,18.5
4.1253779,20.267011485,18.5
4.1253779,23.8432197,18.5
8.51491789,18.478907377,18.5
6.320147895,19.372959430999998,18.5
4.1253779,18.478907377,18.5
4.1253779,20.267011485,18.5
4.1253779,20.267011485,18.5
4.1253779,23.8432197,18.5
4.1253779,22.0551155925,18.5
4.1253779,22.055115592,18.5
4.1253779,23.8432197,18.5
4.1253779,23.8432197,18.5
4.1253779,23.8432197,18.5
4.1253779,23.8432197,18.5
12.90445788,22.055115592,18.5
4.1253779,22.055115592,18.5
4.1253779,22.055115592,18.5
12.90445788,22.055115592,18.5
12.90445788,22.055115592,18.5
4.1253779,22.055115592,18.5
4.1253779,23.8432197,18.5
4.1253779,23.8432197,18.5
4.1253779,22.949167646,18.5
4.1253779,23.8432197,18.5
4.1253779,23.8432197,18.5
8.51491789,22.055115592,18.5
12.90445788,22.055115592,18.5
12.90445788,22.055115592,18.5
8.51491789,23.8432197,18.5
12.90445788,22.055115592,18.5
4.1253779,23.8432197,18.5
12.90445788,22.055115592,18.5
12.90445788,23.8432197,18.5
4.1253779,23.8432197,18.5
4.1253779,23.8432197,18.5
4.1253779,22.055115592,18.5
4.1253779,23.8432197,18.5
4.1253779,23.8432197,18.5
8.51491789,22.055115592,18.5
8.51491789,22.055115592,18.5
4.1253779,23.8432197,18.5
8.51491789,22.055115592,18.5
8.51491789,25.63132381,18.5
4.1253779,23.8432197,18.5
4.1253779,23.8432197,18.5
12.90445788,23.8432197,18.5
4.1253779,23.8432197,18.5
8.51491789,22.055115592,18.5
12.90445788,23.8432197,18.5
4.1253779,27.41942792,18.5
8.51491789,25.63132381,18.5
4.1253779,27.41942792,18.5
4.1253779,23.8432197,18.5
4.1253779,27.41942792,18.5
4.1253779,27.41942792,18.5
8.51491789,22.055115592,18.5
4.1253779,25.63132381,18.5
4.1253779,27.41942792,18.5
4.1253779,27.41942792,18.5
4.1253779,27.41942792,18.5
4.1253779,27.41942792,18.5
4.1253779,27.41942792,18.5
4.1253779,29.20753202,18.5
4.1253779,27.41942792,18.5
4.1253779,29.20753202,18.5
4.1253779,27.41942792,18.5
4.1253779,27.41942792,18.5
4.1253779,29.20753202,18.5
12.90445788,29.20753202,18.5
4.1253779,27.41942792,18.5
4.1253779,27.41942792,18.5
4.1253779,27.41942792,18.5
4.1253779,29.20753202,18.5
4.1253779,29.20753202,18.5
4.1253779,27.41942792,18.5
4.1253779,29.20753202,18.5
4.1253779,29.20753202,18.5
8.51491789,29.20753202,18.5
8.51491789,27.41942792,18.5
4.1253779,27.41942792,18.5
4.1253779,27.41942792,18.5
4.1253779,27.41942792,18.5
4.1253779,27.41942792,18.5
4.1253779,27.41942792,18.5
4.1253779,27.41942792,18.5
4.1253779,29.20753202,11.1
4.1253779,23.8432197,18.5
4.1253779,23.8432197,18.5
4.1253779,23.8432197,18.5
4.1253779,23.8432197,18.5
4.1253779,23.8432197,18.5
8.51491789,27.41942792,11.1
4.1253779,23.8432197,18.5
8.51491789,27.41942792,11.1
12.90445788,27.41942792,11.1
4.1253779,29.20753202,11.1
4.1253779,26.525375865,11.1
4.1253779,29.20753202,11.1
4.1253779,27.41942792,11.1
8.51491789,23.8432197,11.1
4.1253779,23.8432197,11.1
4.1253779,23.8432197,11.1
4.1253779,27.41942792,11.1
4.1253779,23.8432197,18.5
8.51491789,27.41942792,11.1
8.51491789,27.41942792,11.1
4.1253779,23.8432197,18.5
4.1253779,23.8432197,11.1
8.51491789,27.41942792,11.1
8.51491789,23.8432197,11.1
8.51491789,23.8432197,11.1
4.1253779,27.41942792,11.1
4.1253779,25.63132381,11.1
8.51491789,23.8432197,11.1
8.51491789,23.8432197,11.1
8.51491789,23.8432197,11.1
4.1253779,23.8432197,11.1
4.1253779,25.63132381,11.1
4.1253779,25.63132381,11.1
4.1253779,23.8432197,11.1
4.1253779,23.8432197,11.1
8.51491789,25.63132381,11.1
8.51491789,25.63132381,11.1
4.1253779,23.8432197,11.1
4.1253779,22.055115592,18.5
4.1253779,23.8432197,18.5
4.1253779,23.8432197,11.1
4.1253779,23.8432197,11.1
4.1253779,25.63132381,11.1
4.1253779,25.63132381,11.1
4.1253779,25.63132381,11.1
4.1253779,23.8432197,11.1
4.1253779,23.8432197,11.1
4.1253779,23.8432197,11.1
4.1253779,22.055115592,11.1
8.51491789,23.8432197,11.1
8.51491789,23.8432197,11.1
4.1253779,22.055115592,11.1
4.1253779,23.8432197,11.1
4.1253779,22.055115592,18.5
4.1253779,25.63132381,11.1
4.1253779,25.63132381,11.1
4.1253779,25.63132381,11.1
4.1253779,22.055115592,18.5
4.1253779,22.055115592,18.5
4.1253779,25.63132381,11.1
4.1253779,25.63132381,11.1
4.1253779,25.63132381,11.1
4.1253779,25.63132381,11.1
4.1253779,25.63132381,11.1
4.1253779,25.63132381,11.1
4.1253779,23.8432197,11.1
4.1253779,25.63132381,11.1
4.1253779,25.63132381,11.1
4.1253779,23.8432197,11.1
4.1253779,25.63132381,11.1
4.1253779,25.63132381,11.1
8.51491789,22.055115592,11.1
4.1253779,20.2670114845,18.5
12.90445788,22.055115592,11.1
12.90445788,22.055115592,11.1
4.1253779,20.2670114845,18.5
8.51491789,22.055115592,11.1
4.1253779,25.63132381,11.1
4.1253779,25.63132381,11.1
4.1253779,25.63132381,11.1
4.1253779,20.2670114845,18.5
4.1253779,23.8432197,11.1
4.1253779,23.8432197,11.1
4.1253779,23.8432197,11.1
4.1253779,25.63132381,11.1
4.1253779,25.63132381,11.1
4.1253779,22.055115592,11.1
4.1253779,25.63132381,11.1
4.1253779,25.63132381,11.1
4.1253779,18.478907377,11.1
12.90445788,20.267011485,11.1
4.1253779,18.478907377,11.1
10.709687885000001,22.055115592,11.1
8.51491789,18.478907377,11.1
12.90445788,20.267011485,11.1
8.51491789,18.478907377,11.1
12.90445788,20.267011485,11.1
12.90445788,20.267011485,11.1
8.51491789,20.267011485,11.1
8.51491789,20.267011485,11.1
8.51491789,20.267011485,11.1
4.1253779,22.055115592,11.1
4.1253779,20.2670114845,11.1
8.51491789,20.267011485,11.1
4.1253779,22.055115592,11.1
4.1253779,22.055115592,11.1
4.1253779,22.055115592,11.1
12.90445788,16.69080327,11.1
12.90445788,20.267011485,11.1
8.51491789,18.478907377,11.1
8.51491789,18.478907377,11.1
8.51491789,18.478907377,11.1
8.51491789,18.478907377,11.1
8.51491789,18.478907377,11.1
8.51491789,18.478907377,11.1
4.1253779,18.478907377,11.1
8.51491789,18.478907377,11.1
4.1253779,18.478907377,11.1
4.1253779,18.478907377,11.1
4.1253779,18.478907377,11.1
4.1253779,18.478907377,11.1
8.51491789,18.478907377,11.1
4.1253779,18.478907377,11.1
4.1253779,18.478907377,11.1
4.1253779,18.478907377,11.1
12.90445788,16.69080327,11.1
8.51491789,18.478907377,11.1
8.51491789,18.478907377,11.1
8.51491789,18.478907377,11.1
12.90445788,16.69080327,11.1
4.1253779,16.69080327,11.1
8.51491789,18.478907377,11.1
8.51491789,18.478907377,11.1
8.51491789,18.478907377,11.1
8.51491789,18.478907377,11.1
8.51491789,18.478907377,11.1
8.51491789,18.478907377,11.1
4.1253779,18.478907377,11.1
4.1253779,18.478907377,11.1
6.320147895,18.478907377,11.1
8.51491789,18.478907377,11.1
4.1253779,18.478907377,11.1
4.1253779,16.69080327,11.1
8.51491789,18.478907377,11.1
4.1253779,18.478907377,11.1
4.1253779,18.478907377,11.1
4.1253779,18.478907377,11.1
4.1253779,18.478907377,11.1
4.1253779,18.478907377,11.1
8.51491789,18.478907377,11.1
8.51491789,18.478907377,11.1
12.90445788,16.69080327,11.1
12.90445788,16.69080327,11.1
8.51491789,16.69080327,11.1
12.90445788,16.69080327,11.1
8.51491789,18.478907377,11.1
4.1253779,18.478907377,11.1
12.90445788,16.69080327,11.1
8.51491789,18.478907377,11.1
8.51491789,18.478907377,11.1
8.51491789,18.478907377,11.1
4.1253779,18.478907377,11.1
4.1253779,18.478907377,11.1
4.1253779,18.478907377,11.1
4.1253779,18.478907377,11.1
4.1253779,18.478907377,11.1
4.1253779,18.478907377,11.1
4.1253779,18.478907377,11.1
8.51491789,18.478907377,11.1
8.51491789,18.478907377,11.1
8.51491789,18.478907377,11.1
8.51491789,18.478907377,11.1
8.51491789,18.478907377,11.1
12.90445788,20.267011485,11.1
12.90445788,20.267011485,11.1
8.51491789,18.478907377,11.1
4.1253779,18.478907377,11.1
12.90445788,20.267011485,11.1
8.51491789,18.478907377,11.1
4.1253779,22.055115592,11.1
4.1253779,22.055115592,11.1
4.1253779,25.63132381,11.1
4.1253779,18.478907377,11.1
4.1253779,22.055115592,11.1
4.1253779,18.478907377,11.1
8.51491789,20.267011485,11.1
8.51491789,20.267011485,11.1
8.51491789,20.267011485,11.1
8.51491789,20.267011485,11.1
4.1253779,23.8432197,11.1
4.1253779,23.8432197,11.1
12.90445788,20.267011485,11.1
12.90445788,20.267011485,11.1
12.90445788,20.267011485,11.1
12.90445788,20.267011485,11.1
12.90445788,20.267011485,11.1
8.51491789,20.267011485,11.1
4.1253779,22.055115592,11.1
4.1253779,22.055115592,11.1
4.1253779,22.055115592,11.1
4.1253779,18.478907377,11.1
4.1253779,20.267011485,11.1
4.1253779,20.267011485,11.1
12.90445788,23.8432197,11.1
4.1253779,23.8432197,11.1
4.1253779,23.8432197,11.1
4.1253779,23.8432197,11.1
4.1253779,25.63132381,11.1
4.1253779,22.055115592,11.1
12.90445788,20.267011485,11.1
4.1253779,23.8432197,11.1
4.1253779,20.2670114845,18.5
12.90445788,22.055115592,11.1
12.90445788,22.055115592,11.1
12.90445788,22.055115592,11.1
4.1253779,23.8432197,11.1
4.1253779,23.8432197,11.1
4.1253779,23.8432197,11.1
4.1253779,23.8432197,11.1
4.1253779,23.8432197,11.1
4.1253779,23.8432197,11.1
4.1253779,25.63132381,11.1
8.51491789,23.8432197,11.1
4.1253779,25.63132381,11.1
4.1253779,25.63132381,11.1
4.1253779,25.63132381,11.1
4.1253779,25.63132381,11.1
4.1253779,23.843219701000002,14.8
12.90445788,23.8432197,11.1
4.1253779,23.8432197,11.1
4.1253779,23.8432197,11.1
4.1253779,25.63132381,11.1
4.1253779,23.8432197,11.1
4.1253779,23.8432197,11.1
4.1253779,23.8432197,11.1
4.1253779,23.8432197,11.1
4.1253779,23.8432197,11.1
4.1253779,23.8432197,11.1
4.1253779,23.8432197,11.1
4.1253779,23.8432197,11.1
4.1253779,23.8432197,11.1
4.1253779,23.8432197,11.1
8.51491789,23.8432197,11.1
8.51491789,23.8432197,11.1
4.1253779,23.8432197,11.1
4.1253779,25.63132381,11.1
12.90445788,23.8432197,11.1
4.1253779,20.2670114845,18.5
6.320147895,24.737271755000002,11.1
4.1253779,25.63132381,11.1
4.1253779,23.8432197,11.1
4.1253779,27.41942792,11.1
4.1253779,25.63132381,11.1
4.1253779,27.41942792,11.1
4.1253779,27.41942792,11.1
4.1253779,27.41942792,11.1
4.1253779,29.20753202,11.1
4.1253779,23.8432197,11.1
8.51491789,23.8432197,11.1
8.51491789,23.8432197,11.1
8.51491789,23.8432197,11.1
4.1253779,23.8432197,11.1
4.1253779,27.41942792,11.1
8.51491789,27.41942792,11.1
12.90445788,27.41942792,11.1
12.90445788,27.41942792,11.1
8.51491789,27.41942792,11.1
8.51491789,27.41942792,11.1
12.90445788,27.41942792,11.1
4.1253779,29.20753202,11.1
4.1253779,24.737271755000002,11.1
4.1253779,23.8432197,11.1
4.1253779,27.41942792,11.1
4.1253779,25.63132381,11.1
4.1253779,29.20753202,11.1
4.1253779,23.8432197,11.1
4.1253779,23.8432197,11.1
8.51491789,23.8432197,11.1
4.1253779,23.8432197,11.1
4.1253779,29.20753202,11.1
4.1253779,23.8432197,11.1
12.90445788,27.41942792,11.1
12.90445788,27.41942792,11.1
12.90445788,27.41942792,11.1
4.1253779,22.055115592,18.5
12.90445788,27.41942792,11.1
4.1253779,22.055115592,18.5
4.1253779,23.8432197,18.5
4.1253779,27.41942792,18.5
12.90445788,29.20753202,18.5
4.1253779,27.41942792,18.5
12.90445788,29.20753202,18.5
12.90445788,29.20753202,18.5
4.1253779,29.20753202,18.5
4.1253779,29.20753202,18.5
4.1253779,27.41942792,18.5
4.1253779,27.41942792,18.5
4.1253779,27.41942792,18.5
8.51491789,27.41942792,18.5
8.51491789,29.20753202,18.5
8.51491789,29.20753202,18.5
4.1253779,27.41942792,18.5
8.51491789,29.20753202,18.5
8.51491789,27.41942792,18.5
4.1253779,27.41942792,18.5
4.1253779,23.8432197,18.5
8.51491789,25.63132381,18.5
12.90445788,27.41942792,18.5
4.1253779,23.8432197,18.5
4.1253779,23.8432197,18.5
4.1253779,23.8432197,18.5
8.51491789,27.41942792,18.5
8.51491789,25.63132381,18.5
8.51491789,22.055115592,18.5
4.1253779,25.63132381,18.5
4.1253779,25.63132381,18.5
8.51491789,22.055115592,18.5
4.1253779,27.41942792,18.5
4.1253779,27.41942792,18.5
8.51491789,27.41942792,18.5
8.51491789,27.41942792,18.5
8.51491789,27.41942792,18.5
8.51491789,27.41942792,18.5
8.51491789,25.63132381,18.5
4.1253779,23.8432197,18.5
4.1253779,23.8432197,18.5
4.1253779,23.8432197,18.5
4.1253779,23.8432197,18.5
8.51491789,25.63132381,18.5
6.320147895,22.949167646,18.5
8.51491789,22.055115592,18.5
12.90445788,22.055115592,18.5
12.90445788,23.8432197,18.5
8.51491789,25.63132381,18.5
8.51491789,25.63132381,18.5
4.1253779,23.8432197,18.5
4.1253779,22.949167646,18.5
4.1253779,23.8432197,18.5
4.1253779,22.055115592,18.5
8.51491789,22.055115592,18.5
4.1253779,22.055115592,18.5
12.90445788,22.055115592,18.5
4.1253779,22.055115592,18.5
4.1253779,22.055115592,18.5
12.90445788,22.055115592,18.5
4.1253779,22.055115592,18.5
4.1253779,22.055115592,18.5
4.1253779,22.055115592,18.5
4.1253779,22.055115592,18.5
4.1253779,22.055115592,18.5
4.1253779,22.055115592,18.5
4.1253779,22.055115592,18.5
4.1253779,23.8432197,18.5
4.1253779,22.055115592,18.5
4.1253779,22.055115592,18.5
4.1253779,22.055115592,18.5
4.1253779,22.055115592,18.5
4.1253779,22.055115592,18.5
4.1253779,22.055115592,18.5
4.1253779,20.267011485,18.5
8.51491789,22.055115592,18.5
4.1253779,20.267011485,18.5
4.1253779,22.055115592,18.5
12.90445788,22.055115592,18.5
4.1253779,22.055115592,18.5
4.1253779,22.055115592,18.5
4.1253779,22.055115592,18.5
8.51491789,23.8432197,18.5
8.51491789,22.055115592,18.5
8.51491789,22.055115592,18.5
8.51491789,22.055115592,18.5
12.90445788,22.055115592,18.5
4.1253779,22.055115592,18.5
4.1253779,22.055115592,18.5
4.1253779,22.055115592,18.5
4.1253779,22.055115592,18.5
4.1253779,22.055115592,18.5
4.1253779,20.267011485,18.5
4.1253779,20.267011485,18.5
4.1253779,20.267011485,18.5
4.1253779,20.267011485,18.5
4.1253779,20.267011485,18.5
4.1253779,20.267011485,18.5
4.1253779,22.055115592,18.5
4.1253779,20.267011485,18.5
4.1253779,22.055115592,18.5
4.1253779,22.055115592,18.5
4.1253779,20.267011485,18.5
4.1253779,20.267011485,18.5
4.1253779,22.055115592,18.5
4.1253779,22.055115592,18.5
4.1253779,22.055115592,18.5
4.1253779,22.055115592,18.5
4.1253779,20.267011485,18.5
4.1253779,20.267011485,18.5
4.1253779,20.267011485,18.5
4.1253779,20.267011485,18.5
4.1253779,20.267011485,18.5
4.1253779,20.267011485,18.5
4.1253779,20.267011485,18.5
4.1253779,18.478907377,18.5
4.1253779,22.055115592,18.5
4.1253779,20.267011485,18.5
4.1253779,20.267011485,18.5
4.1253779,18.478907377,18.5
4.1253779,22.055115592,18.5
4.1253779,22.055115592,18.5
4.1253779,20.267011485,18.5
4.1253779,20.267011485,18.5
4.1253779,22.055115592,18.5
4.1253779,22.055115592,18.5
4.1253779,22.055115592,18.5
4.1253779,22.055115592,18.5
4.1253779,20.267011485,18.5
4.1253779,20.267011485,18.5
4.1253779,20.267011485,18.5
4.1253779,20.267011485,18.5
4.1253779,20.267011485,18.5
4.1253779,20.267011485,18.5
4.1253779,18.478907377,18.5
6.320147895,20.2670114845,18.5
4.1253779,18.478907377,18.5
4.1253779,18.478907377,18.5
4.1253779,20.267011485,18.5
4.1253779,22.055115592,18.5
4.1253779,20.267011485,18.5
4.1253779,20.267011485,18.5
4.1253779,16.69080327,18.5
4.1253779,16.69080327,18.5
8.51491789,18.478907377,18.5
4.1253779,20.267011485,18.5
4.1253779,16.69080327,18.5
4.1253779,20.267011485,18.5
4.1253779,20.267011485,18.5
4.1253779,18.478907377,18.5
4.1253779,16.69080327,18.5
4.1253779,20.267011485,18.5
4.1253779,19.372959430999998,18.5
8.51491789,16.69080327,18.5
4.1253779,21.161063538500002,18.5
4.1253779,22.055115592,18.5
8.51491789,17.5848553235,18.5
4.1253779,18.478907377,18.5
4.1253779,18.478907377,18.5
4.1253779,18.478907377,18.5
4.1253779,20.267011485,18.5
4.1253779,16.69080327,18.5
4.1253779,18.478907377,18.5
4.1253779,18.478907377,18.5
4.1253779,20.267011485,18.5
4.1253779,20.267011485,18.5
4.1253779,20.267011485,18.5
4.1253779,20.267011485,18.5
4.1253779,20.267011485,18.5
4.1253779,18.478907377,18.5
4.1253779,22.055115592,18.5
4.1253779,22.055115592,18.5
4.1253779,22.055115592,18.5
4.1253779,20.267011485,18.5
4.1253779,20.267011485,18.5
4.1253779,20.267011485,18.5
4.1253779,20.267011485,18.5
12.90445788,22.055115592,18.5
4.1253779,20.267011485,18.5
4.1253779,20.267011485,18.5
4.1253779,21.161063538500002,18.5
4.1253779,20.267011485,18.5
4.1253779,22.055115592,18.5
4.1253779,20.267011485,18.5
4.1253779,20.267011485,18.5
4.1253779,21.161063538500002,18.5
4.1253779,20.267011485,18.5
4.1253779,20.26701148475,18.5
4.1253779,22.055115592,18.5
4.1253779,22.055115592,18.5
4.1253779,22.055115592,18.5
4.1253779,20.267011485,18.5
4.1253779,20.267011485,18.5
4.1253779,22.055115592,18.5
4.1253779,20.267011485,18.5
4.1253779,20.267011485,18.5
4.1253779,20.267011485,18.5
4.1253779,20.267011485,18.5
4.1253779,20.267011485,18.5
4.1253779,20.267011485,18.5
4.1253779,22.055115592,18.5
4.1253779,22.055115592,18.5
4.1253779,20.267011485,18.5
4.1253779,22.055115592,18.5
4.1253779,22.055115592,18.5
4.1253779,22.055115592,18.5
4.1253779,22.055115592,18.5
4.1253779,22.055115592,18.5
4.1253779,22.055115592,18.5
4.1253779,22.055115592,18.5
4.1253779,21.161063538500002,18.5
4.1253779,22.055115592,18.5
4.1253779,20.267011485,18.5
4.1253779,20.267011485,18.5
4.1253779,20.267011485,18.5
4.1253779,22.055115592,18.5
12.90445788,22.055115592,18.5
12.90445788,22.055115592,18.5
4.1253779,22.055115592,18.5
4.1253779,22.055115592,18.5
4.1253779,22.055115592,18.5
4.1253779,22.055115592,18.5
4.1253779,22.055115592,18.5
8.51491789,22.055115592,18.5
4.1253779,22.055115592,18.5
4.1253779,22.055115592,18.5
12.90445788,22.055115592,18.5
4.1253779,22.055115592,18.5
4.1253779,22.055115592,18.5
4.1253779,22.055115592,18.5
4.1253779,22.055115592,18.5
4.1253779,23.8432197,18.5
4.1253779,22.055115592,18.5
12.90445788,22.055115592,18.5
4.1253779,22.055115592,18.5
12.90445788,22.055115592,18.5
4.1253779,23.8432197,18.5
4.1253779,22.055115592,18.5
4.1253779,22.055115592,18.5
4.1253779,23.8432197,18.5
4.1253779,23.8432197,18.5
4.1253779,27.41942792,18.5
8.51491789,22.055115592,18.5
8.51491789,22.055115592,18.5
4.1253779,27.41942792,18.5
8.51491789,22.055115592,18.5
8.51491789,22.055115592,18.5
8.51491789,23.8432197,18.5
12.90445788,22.055115592,18.5
4.1253779,23.8432197,18.5
4.1253779,23.8432197,18.5
4.1253779,23.8432197,18.5
4.1253779,23.8432197,18.5
4.1253779,22.055115592,18.5
4.1253779,27.41942792,18.5
4.1253779,27.41942792,18.5
4.1253779,27.41942792,18.5
4.1253779,27.41942792,18.5
8.51491789,27.41942792,18.5
4.1253779,23.8432197,18.5
8.51491789,27.41942792,18.5
8.51491789,27.41942792,18.5
8.51491789,27.41942792,18.5
6.320147895,24.737271755000002,18.5
8.51491789,22.055115592,18.5
8.51491789,27.41942792,18.5
4.1253779,27.41942792,18.5
4.1253779,27.41942792,18.5
4.1253779,25.63132381,18.5
4.1253779,27.41942792,18.5
4.1253779,25.63132381,18.5
4.1253779,27.41942792,18.5
4.1253779,27.41942792,18.5
4.1253779,27.41942792,18.5
4.1253779,27.41942792,18.5
4.1253779,27.41942792,18.5
4.1253779,27.41942792,18.5
4.1253779,27.41942792,18.5
8.51491789,23.8432197,18.5
4.1253779,29.20753202,18.5
4.1253779,27.41942792,18.5
4.1253779,27.41942792,18.5
4.1253779,27.41942792,18.5
4.1253779,27.41942792,18.5
4.1253779,29.20753202,18.5
4.1253779,27.41942792,18.5
4.1253779,27.41942792,18.5
4.1253779,27.41942792,18.5
4.1253779,27.41942792,18.5
4.1253779,27.41942792,18.5
