72.43021778385928,74.48300925871254,3.7
72.43021778385928,74.48300925871254,3.6999999999999993
74.32395692396868,72.3580032684068,3.7
74.32395692396868,72.3580032684068,3.7
81.13271191870447,72.66157720453769,3.7
81.13271191870447,72.66157720453769,3.7
81.13271191870449,72.66157720453769,3.7000000000000006
77.86566964357206,73.5144694237454,3.7
77.86566964357206,73.5144694237454,3.7
77.86566964357206,73.5144694237454,3.7
72.43021778385928,74.48300925871254,3.7
72.43021778385928,74.48300925871254,3.7
72.43021778385928,74.48300925871254,3.7
69.49565580425828,68.19472332984589,3.7
69.49565580425828,68.19472332984589,3.7
69.49565580425828,68.19472332984589,3.7
70.21716613866568,55.40912113327479,3.7
70.21716613866568,55.409121133274795,3.700000000000001
69.49565580425826,68.19472332984589,3.7
69.49565580425828,68.19472332984589,3.7
71.79416215986313,64.95661431439737,3.7
71.79416215986313,64.95661431439737,3.7
71.79416215986313,64.95661431439737,3.7
69.65344677241607,53.74986376611101,3.7
69.49565580425828,68.19472332984589,3.7
69.49565580425828,68.19472332984589,3.7
69.49565580425828,68.19472332984589,3.7000000000000006
69.49565580425829,68.19472332984589,3.7
79.88751671835003,59.43271667095928,3.7
79.88751671835003,59.43271667095928,3.7
89.32686274045531,55.66202731230567,3.7
89.32624433919197,55.66154604510622,3.7000000000000006
77.47692210993584,48.658342248343764,3.7
89.35654269037964,55.68512556133327,3.7
89.35654269037964,55.68512556133327,3.7
89.35782065688208,55.686120131357725,3.7
90.5077509586992,51.051983181576,3.7
90.5077509586992,51.051983181576,3.7
90.5077509586992,51.051983181576,3.7
88.37708532423483,57.772899558346154,3.7
88.37830578032995,57.77471808419865,3.7
87.37073657657693,56.27340177093866,3.6999999999999997
87.39988128942272,51.434362748225496,3.6999999999999997
87.40275527429213,51.434009144887554,3.6999999999999997
89.26074731455077,51.20540940719081,3.7
87.43800062294036,51.42967270141449,3.7
87.4385818114948,51.42960119435297,3.6999999999999997
90.5077509586992,51.051983181576,3.7
89.27479963299267,51.20368046743206,3.7
87.4276032187056,51.43095195548516,3.7
87.42617573009932,51.43112758784198,3.7
82.1377297533468,54.41257614905551,3.7
75.12221339259858,47.583303701699606,3.7
75.12221339259858,47.583303701699606,3.7
75.12221339259861,47.58330370169962,3.7
75.12221339259861,47.58330370169962,3.7
73.80883237218525,49.68332808451115,3.7
68.77809830706468,40.58900426707991,3.7
68.77809830706468,40.58900426707991,3.7
68.77809830706468,40.58900426707991,3.7
71.35335036773108,40.38645814926878,3.7
71.35335036773108,40.38645814926878,3.7
71.35335036773108,40.38645814926878,3.7
71.35335036773108,40.38645814926878,3.7
71.35335036773108,40.38645814926878,3.7
73.16180772861229,41.57279615437626,3.7
73.16180772861229,41.57279615437626,3.7
73.16180772861229,41.57279615437626,3.7
73.16180772861229,41.57279615437626,3.7
73.16180772861229,41.57279615437626,3.7
67.73642314492079,37.72441012944272,3.7
67.73642314492079,37.72441012944272,3.700000000000001
67.73642314492079,37.72441012944272,3.700000000000001
68.77809830706468,40.58900426707991,3.7
68.7780983070647,40.589004267079915,3.700000000000001
68.77809830706468,40.58900426707991,3.7
62.46844666327053,39.36675141295387,3.700000000000001
62.46844666327052,39.36675141295386,3.7
62.46844666327053,39.36675141295387,3.700000000000001
64.81511546311316,43.0875265816727,3.7
64.81511546311316,43.0875265816727,3.7
61.43777760714697,43.85269534366609,3.7
58.006348133891535,39.44464290310778,3.700000000000001
58.006348133891535,39.44464290310778,3.700000000000001
58.006348133891535,39.44464290310778,3.700000000000001
59.10464323714592,40.16345644937192,3.7
59.10516412398325,40.16379736003759,3.7
59.10646415503693,40.164648205979795,3.6999999999999997
59.10698277609973,40.16498763373852,3.7
60.03617203364294,42.34618960291587,3.7
60.03685352218744,42.34617382758438,3.7
60.037304806160094,42.34616338110759,3.7
60.05090731943579,45.6017371062917,3.6999999999999997
60.05088683751224,45.60176649063747,3.7
60.05100785734687,45.60159286980266,3.7000000000000006
62.357595201536725,42.292452500089155,3.6999999999999997
62.357595201536725,42.292452500089155,3.6999999999999997
62.46844666327053,39.36675141295387,3.700000000000001
62.46844666327053,39.36675141295387,3.700000000000001
62.46844666327052,39.36675141295386,3.7
55.87652767648623,34.177082367561226,3.7
55.87652767648623,34.177082367561226,3.7
55.87652767648624,34.17708236756123,3.700000000000001
48.90344723893743,39.54907662215102,3.7
48.90344723893743,39.54907662215102,3.7
51.29001469448282,41.082268297363726,3.6999999999999997
51.29001469448283,41.08226829736373,3.7
51.29001469448283,41.08226829736373,3.7
47.60168996079743,41.42938427682186,3.7
47.60168996079744,41.429384276821864,3.700000000000001
47.60168996079744,41.429384276821864,3.700000000000001
47.60168996079744,41.429384276821864,3.700000000000001
53.67658206666263,42.65883822604722,3.7
53.67658206666263,42.65883822604722,3.7
50.71144764419689,37.19146062958322,3.7
50.71144764419689,37.19146062958322,3.7
50.711447644196895,37.191460629583226,3.700000000000001
50.711447644196895,37.191460629583226,3.700000000000001
50.71144764419689,37.19146062958322,3.7
50.711447644196895,37.191460629583226,3.700000000000001
55.87652767648623,34.177082367561226,3.7
55.87652767648623,34.177082367561226,3.7
55.87652767648623,34.177082367561226,3.7
55.87652767648623,34.177082367561226,3.7
50.31097912894111,30.91004866030189,3.7
50.31097912894113,30.910048660301893,3.700000000000001
50.31097912894111,30.91004866030189,3.7
50.31097912894111,30.91004866030189,3.7
50.31097912894113,30.910048660301893,3.700000000000001
50.31097912894111,30.91004866030189,3.7
50.31097912894113,30.910048660301893,3.700000000000001
35.77620242917004,25.237296258432067,3.7
35.77620242917004,25.237296258432067,3.7
35.77620242917004,25.237296258432067,3.7
27.55101561813545,24.697925585496776,3.700000000000001
27.55101561813545,24.697925585496776,3.700000000000001
27.551015618135448,24.69792558549677,3.7
27.551015618135448,24.69792558549677,3.7
33.48394652356028,28.623243487373884,3.700000000000001
33.48394652356028,28.623243487373884,3.700000000000001
33.48394652356028,28.62324348737388,3.7
27.551015618135448,24.69792558549677,3.7
27.551015618135448,24.69792558549677,3.7
27.551015618135448,24.69792558549677,3.7
31.50770492463365,27.017812025880158,3.7
31.507704924633657,27.01781202588016,3.700000000000001
35.23342068333085,20.01027850482584,3.7
35.23342068333085,20.01027850482584,3.7
35.23342068333085,20.01027850482584,3.7
35.23342068333085,20.01027850482584,3.7
35.23342068333085,20.01027850482584,3.7
35.23342068333085,20.01027850482584,3.7
35.23342068333085,20.01027850482584,3.7
32.20714129179261,18.378806080876828,3.7
32.20714129179261,18.378806080876828,3.7
35.233420683330856,20.010278504825845,3.700000000000001
35.23342068333085,20.01027850482584,3.7
35.23342068333085,20.01027850482584,3.7
14.321096711021832,5.978410242675649,3.700000000000001
14.32109671102183,5.978410242675647,3.7
14.32109671102183,5.978410242675647,3.7
14.32109671102183,5.978410242675647,3.7
14.32109671102183,5.978410242675647,3.7
13.011850293099378,10.157046553932645,3.7
13.011467051626818,10.157681414609334,3.7
12.65300708124884,10.75149016354249,3.7
12.653007081248841,10.751490163542492,3.700000000000001
12.65300708124884,10.75149016354249,3.7
12.65300708124884,10.75149016354249,3.7
5.996861279056903,8.052957308996467,3.7
5.996861279056903,8.052957308996467,3.7
5.996861279056903,8.052957308996467,3.7
7.596993524974468,14.973324794357872,3.7
7.596993524974468,14.97332479435787,3.7
7.596993524974468,14.97332479435787,3.7
7.596993524974468,14.97332479435787,3.7
7.596993524974468,14.97332479435787,3.7
7.596993524974468,14.97332479435787,3.7
7.596993524974468,14.97332479435787,3.7
4.218778677293273,6.751923961448193,3.7
4.218778677293273,6.751923961448193,3.7
4.218778677293273,6.751923961448193,3.7
5.996861279056903,8.052957308996467,3.7
5.996861279056903,8.052957308996467,3.7
5.996861279056904,8.052957308996469,3.700000000000001
5.996861279056904,8.052957308996469,3.700000000000001
12.653007081248841,10.751490163542492,3.7
12.653007081248838,10.751490163542488,3.6999999999999997
17.0699757584253,14.09679208972081,3.7
17.0699757584253,14.096792089720811,3.7
17.0699757584253,14.096792089720811,3.7
8.106831208869826,7.98351774621442,3.7
2.667086815935277,5.760036527981738,3.7
8.106831208869826,7.98351774621442,3.7
8.106831208869826,7.98351774621442,3.7
5.996861279056903,8.052957308996467,3.7
5.996861279056903,8.052957308996467,3.7
5.996861279056903,8.052957308996467,3.7
6.303067748497353,0.3657887212219491,3.7
6.303067748497353,0.3657887212219491,3.7
6.303067748497353,0.36578872122194905,3.6999999999999997
14.32109671102183,5.978410242675647,3.7
14.32109671102183,5.978410242675647,3.7
14.32109671102183,5.978410242675647,3.7
6.303067748497353,0.3657887212219491,3.7
6.303067748497353,0.36578872122194905,3.7
6.3030677484973525,0.36578872122194905,3.6999999999999993
11.91443795733714,6.783472297085424,3.7
11.914437957337142,6.783472297085425,3.700000000000001
12.65300708124884,10.75149016354249,3.7
11.91443795733714,6.783472297085424,3.7
12.65300708124884,10.75149016354249,3.7
16.056248148328,15.35670888969276,3.6999999999999997
16.056248148328,15.35670888969276,3.6999999999999997
16.056248148328,15.35670888969276,3.7
16.056248148328,15.35670888969276,3.7
16.056248148328,15.35670888969276,3.7
16.056248148328,15.35670888969276,3.7
16.056248148328,15.35670888969276,3.7
16.056248148328002,15.356708889692761,3.7000000000000006
17.0699757584253,14.09679208972081,3.7
17.0699757584253,14.09679208972081,3.7
17.0699757584253,14.09679208972081,3.7
17.0699757584253,14.09679208972081,3.7
5.996861279056903,8.052957308996467,3.7
20.052965704938682,16.06736600689118,3.7000000000000006
32.20714129179261,18.37880608087683,3.700000000000001
32.20714129179261,18.37880608087683,3.700000000000001
30.263738829162758,16.83486919537314,3.7
32.20714129179261,18.37880608087683,3.700000000000001
26.443155723230475,26.879927537336478,3.7
26.443155723230483,26.879927537336485,3.700000000000001
27.55101561813545,24.697925585496776,3.700000000000001
27.551015618135448,24.69792558549677,3.7
27.384509905769555,20.46426303927951,3.7
28.88558119658818,27.261705310424155,3.7
28.88558119658818,27.261705310424155,3.7
24.098284243238123,24.958735620699063,3.700000000000001
24.09828424323812,24.95873562069906,3.7
24.098284243238123,24.958735620699063,3.700000000000001
26.443155723230483,26.879927537336485,3.700000000000001
26.443155723230483,26.879927537336485,3.700000000000001
26.443155723230475,26.879927537336478,3.7
28.76456361716788,17.98594773440199,3.7
28.76456361716788,17.98594773440199,3.7
28.76456361716788,17.98594773440199,3.7
26.28385770971187,16.51058553732454,3.7
32.20714129179261,18.378806080876828,3.7
35.23342068333085,20.01027850482584,3.7
35.23342068333085,20.01027850482584,3.7
35.23342068333085,20.01027850482584,3.7
41.23031896544792,27.347023732622546,3.7
41.23031896544792,27.347023732622546,3.6999999999999997
41.23031896544792,27.347023732622553,3.7
44.27278632201858,29.38981886601355,3.7
44.27278632201858,29.38981886601355,3.7
44.27278632201858,29.38981886601355,3.7
51.16866358648553,33.22860521020377,3.7
51.16866358648553,33.22860521020377,3.7
51.16866358648553,33.22860521020377,3.7
50.31097912894111,30.91004866030189,3.7
50.31097912894113,30.910048660301893,3.700000000000001
50.31097912894113,30.910048660301893,3.700000000000001
50.31097912894111,30.91004866030189,3.7
43.02636210011453,35.19994581679731,3.7
43.026362100114525,35.1999458167973,3.6999999999999997
43.026362100114525,35.19994581679731,3.6999999999999997
43.02636210011453,35.19994581679731,3.7
43.02636210011453,35.19994581679731,3.7
43.02636210011453,35.19994581679731,3.6999999999999997
43.02636210011454,35.19994581679732,3.7000000000000006
43.02636210011453,35.19994581679731,3.7
43.02636210011454,35.19994581679732,3.700000000000001
43.026362100114525,35.1999458167973,3.6999999999999993
43.026362100114525,35.19994581679731,3.7
43.02636210011453,35.19994581679731,3.7
43.02636210011453,35.19994581679731,3.7000000000000006
46.51382877295532,30.583177829419988,3.7
46.51382877295532,30.583177829419988,3.7
46.51382877295532,30.583177829419988,3.7
50.31097912894111,30.91004866030189,3.7
50.31097912894113,30.910048660301893,3.700000000000001
55.87652767648623,34.177082367561226,3.7
55.87652767648624,34.17708236756123,3.700000000000001
64.37666295562815,34.85649204224251,3.7
64.37666295562815,34.85649204224251,3.7
65.14654575242649,33.61888728227947,3.700000000000001
62.89016149202446,36.45380938750576,3.7
62.89016149202446,36.45380938750576,3.7
71.35335036773108,40.38645814926878,3.7
71.35335036773108,40.38645814926878,3.7
67.73642314492079,37.72441012944272,3.7
67.73642314492079,37.72441012944272,3.7
62.46844666327052,39.36675141295386,3.7
62.46844666327052,39.36675141295386,3.7
64.81511546311316,43.08752658167269,3.7
64.81511546311316,43.08752658167269,3.7
64.81511546311316,43.08752658167269,3.7
61.921069691830645,51.06237779444611,3.7
65.43669393473624,46.209997209806126,3.700000000000001
61.921069691830645,51.06237779444611,3.7
61.92106969183065,51.06237779444612,3.700000000000001
61.921069691830645,51.06237779444611,3.7
61.921069691830645,51.0623777944461,3.7
61.92106969183065,51.06237779444611,3.7
65.43669393473624,46.209997209806126,3.700000000000001
67.73518787266381,44.83668437959044,3.7
64.81511546311316,43.087526581672705,3.700000000000001
64.81511546311316,43.08752658167269,3.7
71.3533503677311,40.38645814926878,3.7
71.35335036773108,40.386458149268776,3.7
71.3533503677311,40.38645814926878,3.7
77.32920001986612,42.63378133886398,3.7
90.5077509586992,51.05198318157599,3.6999999999999997
90.50775095869922,51.051983181576006,3.7000000000000006
90.5077509586992,51.05198318157599,3.6999999999999997
84.32589847331165,47.50541543623166,3.7000000000000006
84.32589847331165,47.50541543623166,3.7000000000000006
84.32589847331164,47.50541543623166,3.7
83.3112629524595,48.89979192152161,3.700000000000001
83.31126295245949,48.8997919215216,3.7
74.94133553700499,42.16597271856749,3.7000000000000006
74.94133553700499,42.16597271856749,3.7
74.94133553700499,42.16597271856749,3.7
74.94133553700499,42.16597271856749,3.7
73.1612924652596,42.82024946776105,3.700000000000001
85.96680880073076,49.55701671799798,3.7
87.40905048065892,51.43323460845629,3.7
84.48964336638572,59.35849094283652,3.7
84.48964336638572,59.35849094283652,3.7
81.05660808950687,63.86779470449356,3.7
81.05660808950688,63.86779470449357,3.7000000000000006
84.54531611829165,65.87192880697302,3.7
84.54531611829165,65.87192880697302,3.7
84.48964336638572,59.35849094283652,3.7
84.48964336638572,59.35849094283652,3.7
84.48964336638572,59.35849094283652,3.7
84.48964336638572,59.35849094283652,3.7
69.49565580425828,68.19472332984589,3.7
69.49565580425828,68.19472332984589,3.7
69.49565580425828,68.19472332984589,3.7
69.49565580425828,68.19472332984589,3.7
69.49565580425828,68.19472332984589,3.7
70.62461291006301,65.46908748761027,3.7
72.81812367338384,70.20055727306612,3.7
72.81782160298931,70.2038921076117,3.6999999999999997
74.32395692396868,72.3580032684068,3.7
78.2089706960079,54.11325034314653,3.7
