80.65958292020636,73.38623983093248,3.7
80.65966705689004,73.38611096394193,3.7
79.60671332057049,73.05995354045993,3.7
79.60671332057049,73.05995354045993,3.7
79.63878310486974,73.05158142060444,3.7000000000000015
79.6310002390371,73.0536132111822,3.700000000000001
79.62294407812634,73.05571634801937,3.7000000000000006
78.37179944137642,71.39954922334509,3.7
78.37179944137642,71.39954922334509,3.7
78.37179944137642,71.39954922334509,3.7
74.03030797609749,72.50916818775768,3.700000000000001
74.03453126169342,72.50395842233065,3.7
74.03431126543468,72.50422980556459,3.7000000000000006
71.32742772284612,69.73292982606235,3.700000000000001
71.32742772284612,69.73292982606235,3.700000000000001
71.32521922395311,69.73293665563125,3.7
69.95975245219606,68.22759164652713,3.7
69.96809798336778,68.23313953574049,3.7000000000000006
70.16389757376398,67.14274323445277,3.6999999999999997
70.16355877531028,67.1430814885854,3.700000000000001
70.96991029401347,68.62963263914655,3.7
70.9529687437688,68.72837402442781,3.7
70.9286950354592,68.86950084449909,3.700000000000001
77.63869144945085,65.18955200453075,3.7000000000000006
77.987265562233,66.95380210868069,3.7000000000000006
77.97629522579113,66.93453060880186,3.6999999999999997
71.7718607494031,62.69929241324036,3.6999999999999997
71.76124798783007,62.72491475369939,3.7
81.40149309679094,56.77945331070218,3.6999999999999993
81.38178491940984,56.76299422461848,3.7
84.00597357823982,54.62636188325102,3.7000000000000006
83.98269840419498,54.60682996673465,3.7
81.93373359988315,52.863829197389045,3.700000000000001
86.13622384922269,53.00663980230312,3.6999999999999997
86.13622384922269,53.00663980230312,3.6999999999999997
86.15996466851126,53.02443688744405,3.700000000000002
88.19327298090317,54.76610326293125,3.6999999999999993
88.19327298090317,54.76610326293125,3.6999999999999993
88.19327298090317,54.76610326293125,3.6999999999999993
88.0189927053191,58.81172017828505,3.7
88.02519770690559,58.81725182324821,3.6999999999999993
88.03116274345255,58.822598972675806,3.7000000000000006
84.8701146051518,53.9222615953393,3.7
84.85741155597151,53.876350368365,3.6999999999999997
84.83688907901953,53.802069633703596,3.7000000000000006
84.6791822782908,56.75622409047903,3.7000000000000006
83.26255537728437,55.272272316551515,3.7
80.92611777542118,52.70430851024697,3.7000000000000006
82.83632510187125,64.89017649391626,3.7
82.84168600203701,64.89325613335684,3.7000000000000006
82.84660343945443,64.896081019803,3.700000000000001
81.07864658018966,59.43865383185476,3.6999999999999993
75.72036110548584,52.63071012021392,3.6999999999999997
75.72132432790748,52.62584805778166,3.699999999999999
72.8812658868196,46.87613936865188,3.6999999999999993
72.8812658868196,46.87613936865188,3.6999999999999993
72.86179502896276,46.87144517343949,3.7
70.7309243376358,51.13449540858345,3.7
70.73584519239493,51.14630234629861,3.700000000000001
70.73584519239493,51.14630234629861,3.700000000000001
71.1267366663909,41.70960188905161,3.6999999999999997
71.12706983227322,41.709903058506775,3.7000000000000006
71.35608823594042,40.26354780183507,3.6999999999999993
71.35608823594042,40.26354780183507,3.6999999999999993
72.44277918095275,41.19579466581557,3.6999999999999997
67.85086995293014,37.674664492101364,3.7
67.847861004603,37.67885942978947,3.7
67.92703029287959,37.568485240862145,3.7
67.92462591270254,37.57183731737683,3.7000000000000006
67.92753607841125,37.56778009788256,3.7
67.95906476345284,37.49832194750211,3.7
67.95972612041447,37.49764026128413,3.6999999999999993
67.82866965792198,37.7056151247117,3.7
66.04960644162625,38.08044950923851,3.6999999999999993
66.10280680864986,38.122722238720115,3.6999999999999993
66.11592779357943,38.13314810375623,3.7000000000000006
62.74525014945407,35.59436647962996,3.6999999999999997
62.745063620949125,35.593049042837855,3.7000000000000006
62.74525014945407,35.59436647962996,3.6999999999999997
58.67534928249347,42.10969951908352,3.6999999999999993
59.375549427955676,42.61473539483825,3.7
59.37283608594858,42.61310530133033,3.7000000000000006
58.85817419358876,42.36936802409331,3.6999999999999997
58.857518708525845,42.36654758980695,3.7
58.85423834205198,42.35419240733481,3.7
57.42766318952769,45.114857958901624,3.700000000000001
57.426096334252435,45.12271512525581,3.6999999999999993
58.002051500671286,45.95185835697132,3.6999999999999997
58.000165026603774,45.95342921626816,3.7000000000000006
55.99009824508129,44.56442314157236,3.6999999999999997
55.99183164373033,44.56615803970039,3.7
55.99292278659725,44.567383873180574,3.700000000000001
59.542430724748954,44.070329235103706,3.6999999999999993
59.54251971030267,44.07271801085221,3.6999999999999997
59.54208738583909,44.05562418757597,3.7
57.4799395869386,44.77539617954059,3.6999999999999997
57.4799395869386,44.77539617954059,3.6999999999999997
58.98522315647409,41.816785579613665,3.7000000000000006
58.98522315647409,41.816785579613665,3.7000000000000006
58.96885647235628,41.78078957824004,3.7000000000000006
57.25600422370252,39.49543986202734,3.700000000000001
57.207245504301724,39.43067971403449,3.7000000000000006
57.19149298672423,39.409901128299154,3.7000000000000006
51.550233644337006,37.232697410166594,3.7
51.550233644337006,37.232697410166594,3.7
51.488249015476825,39.764787844965156,3.700000000000001
51.48805305711556,39.760475960458905,3.7000000000000006
51.48768751562365,39.762075322275834,3.6999999999999997
52.31805397905374,42.76422892524583,3.7
52.30540354986448,42.763755800208656,3.7
48.63604785636728,40.530737700975266,3.7000000000000006
48.66107059078194,40.55413350213696,3.6999999999999997
49.78846136373556,37.31431503732027,3.7000000000000006
49.78846136373556,37.31431503732027,3.7000000000000006
51.172595568816746,37.46395223889199,3.700000000000001
51.69977764068278,38.436541112105004,3.7000000000000006
51.70050382324685,38.438251814340916,3.6999999999999993
52.334373676834,37.22020772060954,3.7
52.33444936555253,37.219350303910716,3.6999999999999993
52.334327132919476,37.22051072535435,3.7000000000000006
52.89598164014127,30.55129353072512,3.7
50.9793620764656,30.002622265796866,3.6999999999999993
52.89598164014127,30.55129353072512,3.7
55.55692963198991,35.09226749333778,3.6999999999999997
48.348861617208016,33.91268734033345,3.7
48.36030071672933,33.900641450349916,3.7
44.2490466731026,31.408539274061074,3.7000000000000006
44.430158013431964,31.68261704625799,3.6999999999999997
35.979090188100045,24.881671346500383,3.6999999999999997
36.107296144859255,25.68005759874731,3.7
36.12679768568515,25.688459920357065,3.7
35.10732803978919,24.031193165402648,3.6999999999999993
35.31845149576902,24.963715368562436,3.700000000000001
35.31667421878775,24.959077560803998,3.7
35.51892394730983,26.867938465260703,3.7
35.5160670592998,26.869740538503045,3.6999999999999993
35.5136648003042,26.872639492813487,3.7
35.550120929176074,27.10251371521005,3.700000000000001
35.50385998072328,29.35570224845357,3.700000000000001
35.50385998072328,29.35570224845357,3.700000000000001
35.78021908621294,28.94514966549692,3.6999999999999997
31.517551369275008,27.01671572213396,3.7
31.515246703988065,27.01422578828997,3.7000000000000006
31.5048804569877,27.00372876154712,3.6999999999999993
31.69278979256132,24.438135062579395,3.7
31.695427226621064,24.41546757369397,3.6999999999999993
33.26183126231345,22.724874885241977,3.7000000000000006
36.41280582565269,23.514303381328627,3.6999999999999997
35.777823597055516,22.177805403401415,3.7
35.87322600044372,22.611325205561265,3.7000000000000006
35.84893353867922,22.586626677040872,3.6999999999999997
29.630593740648447,19.11471045898703,3.7
29.098965666955312,17.214977044037063,3.7
23.803270580576523,14.723382487864091,3.7
23.804068694737232,14.72401477193278,3.6999999999999993
25.652157349770455,14.312003158120385,3.6999999999999997
25.689795550863906,14.343171969728198,3.7000000000000006
25.708145548799852,14.3584515105579,3.6999999999999993
19.859631038588795,12.616912558683962,3.7
19.861460351163746,12.61940345509768,3.700000000000001
18.93701983423393,11.585517024816879,3.7
16.1680699547629,12.536147274617875,3.700000000000001
16.544861388367906,11.33836027023062,3.6999999999999997
12.63865037718344,10.61034914310093,3.7
10.91655511965426,10.182821763348405,3.7000000000000006
8.993888245543094,8.830563075641377,3.700000000000001
6.278219225358422,8.001878147593908,3.7
6.282528856130858,7.990183394020134,3.7
6.273738821024114,8.013928720802067,3.7
6.101355053094789,7.095660974289517,3.7000000000000006
5.967138422974034,7.089037556097226,3.7
6.0398155099705715,7.09217833485102,3.7
6.794515646428576,10.597441197731905,3.6999999999999997
6.994816100458237,10.700427303462922,3.6999999999999993
6.994816100458237,10.700427303462922,3.6999999999999993
7.285252365174517,10.847825203301179,3.7
6.187551107075827,10.908035420107524,3.7
5.873680937898159,10.749811072586454,3.7
6.092828433236761,10.84864049005845,3.7000000000000006
6.569666694995654,12.82247154121109,3.699999999999999
6.564176854025208,12.805497935149607,3.7000000000000006
6.555407639198559,12.776356747667867,3.6999999999999997
3.5738633032352096,10.145134691762348,3.6999999999999993
3.369351562220096,9.452824123389828,3.7
3.380850688729733,9.44475173850659,3.7
3.581274347799134,10.141055782399494,3.7000000000000006
4.625112955213392,6.590077936898622,3.7000000000000006
4.628011223369561,6.588814464042139,3.6999999999999993
5.27389989027815,5.946349348432616,3.7000000000000006
5.250998599077116,5.939617449128119,3.6999999999999997
5.250998599077116,5.939617449128119,3.6999999999999997
3.6368417213063724,9.46938908234742,3.7000000000000006
2.1127001236593848,8.531287899796213,3.7
3.6443574056252044,9.510376853399528,3.7000000000000006
3.6368417213063724,9.46938908234742,3.7000000000000006
4.2910848820511305,5.9758423442294655,3.6999999999999997
4.294429958055463,5.97379989078987,3.6999999999999993
4.294429958055463,5.97379989078987,3.6999999999999993
6.885877321183044,6.527336928535835,3.7000000000000006
6.938396436830322,6.568216274568899,3.7
6.952685667148178,6.579380787749704,3.7000000000000006
7.60945158890771,3.562420419608334,3.7000000000000006
7.605014416571051,3.5588228277353795,3.700000000000001
7.593782509991497,3.54970509427935,3.7000000000000006
6.877237820852383,4.660073933732075,3.7
6.869432948205568,4.66031861838799,3.700000000000001
6.866867173206841,4.660269405647789,3.6999999999999997
12.266947427459716,10.932854651403437,3.700000000000001
12.270076243096197,10.93439872467026,3.7000000000000006
12.28428832827252,10.939535623635685,3.7
12.843145043056515,10.98903429312314,3.6999999999999997
12.805693369816078,11.285367752328824,3.6999999999999997
11.99216176240423,13.066672783554786,3.6999999999999997
11.99216176240423,13.066672783554786,3.6999999999999997
7.579621083608406,10.99055936791321,3.700000000000001
7.674130859942922,11.03931413914137,3.7
7.805219853145047,11.106666441789827,3.6999999999999993
13.612582365647725,10.827737626755322,3.7
13.780973596523324,10.849022203584134,3.7
13.891658213701279,10.8656372979066,3.7
16.539134200780843,9.796482684163399,3.7
18.088666467322476,11.689655094150854,3.6999999999999997
18.089570475970135,11.680584071611944,3.6999999999999997
18.089668267454318,11.68528328765209,3.7000000000000006
19.049594731797672,13.658311426563685,3.699999999999999
18.494601913454936,13.060743181600998,3.7
23.36057270341962,15.96997221535054,3.7
23.36057270341962,15.96997221535054,3.7
27.569391238383368,16.72990798596279,3.6999999999999997
27.51784335962771,16.70851567304516,3.7
29.424575300771572,23.874616762339066,3.7000000000000006
29.416737632051102,23.855851020462076,3.7000000000000006
29.295784924423753,21.238151132003253,3.6999999999999997
29.292357813156798,21.242313759442105,3.7000000000000015
29.285785155654192,21.2456936161304,3.7
28.38806048586372,21.275647477861167,3.700000000000001
28.388265929659248,21.275813581993837,3.6999999999999993
31.52001611337061,23.497509995624185,3.6999999999999993
31.513082322498626,23.49663165642275,3.6999999999999993
31.52768494230796,23.499004102941434,3.6999999999999997
36.93665334936012,28.58148879639914,3.6999999999999997
36.93421305104802,28.585270318648504,3.6999999999999997
36.93167373267492,28.589205283844525,3.700000000000001
32.01013370581614,27.03134735599499,3.7
32.011713886224484,27.051137506537177,3.6999999999999997
32.01076562759716,27.039261532826373,3.700000000000001
25.89754943889025,15.697928333293838,3.699999999999999
25.946464648578385,15.720848576520583,3.6999999999999997
36.719078492181005,22.282692211897153,3.7
36.76330732811505,22.305095470494347,3.7000000000000006
36.86809168577991,22.359515644771843,3.7000000000000006
39.028042354140396,28.4508825023822,3.7
39.03288810402361,28.448453641503807,3.700000000000001
39.03751781552599,28.446133066687214,3.7
38.83389781013042,28.54819460042024,3.7000000000000006
38.81684276686968,28.556743190082106,3.7
38.798833739253176,28.565769950375174,3.6999999999999997
44.753391179002094,29.913969453611642,3.6999999999999993
44.75608805188367,29.91565010895739,3.7
44.75903895667149,29.917518551045948,3.6999999999999993
42.15054596116086,24.893165045695632,3.7000000000000006
42.1861971692324,24.918550102825883,3.6999999999999993
42.1861971692324,24.918550102825883,3.6999999999999993
42.15054596116086,24.893165045695632,3.7000000000000006
45.558210064350455,32.8429782523987,3.6999999999999997
45.542756503973,32.85320813928895,3.700000000000001
45.631947023919224,32.947989825298315,3.700000000000001
45.63918568063414,32.939919719359466,3.6999999999999997
45.63440203587213,32.94528116825734,3.7
46.33415620479863,34.18436616266443,3.6999999999999993
46.331367056739836,34.18580662596578,3.700000000000001
45.89425997053821,34.65003862141765,3.700000000000001
45.91764293633574,34.63853792427445,3.7
45.914034444271884,34.64049610378946,3.7000000000000006
47.59039623108369,33.602612002857164,3.6999999999999997
47.600546610505845,33.59108193947012,3.700000000000001
47.60568835749471,33.58536598507999,3.699999999999999
51.30649759790886,33.930735926727365,3.6999999999999997
51.304888206750306,33.9307942535755,3.7
51.30543431266814,33.93110666011111,3.7
45.7715564537065,27.579328442727874,3.7000000000000006
45.866958020047036,27.64779999634802,3.700000000000001
48.17065773201665,29.21516603239214,3.7000000000000015
48.214863521076815,29.246078307016706,3.699999999999999
62.31252904755645,34.60277988916923,3.6999999999999997
62.31343726260237,34.60160127743389,3.7
62.316867143144194,34.59675991887423,3.700000000000001
64.85666702500936,34.79480381904621,3.700000000000001
64.85184700915913,34.794413992418114,3.7000000000000006
67.82087918247585,37.71647624810241,3.700000000000001
67.8208623768293,37.71649967776364,3.7
64.3805976528486,36.95606846279473,3.7
64.36810615030267,36.94519375558988,3.7
63.067443904203095,34.75141929988809,3.6999999999999997
63.06340222535428,34.751094930730844,3.6999999999999997
63.781006790624005,41.9540952747987,3.6999999999999997
63.78834768874472,41.96874005213966,3.7
63.78983275738956,41.971715644643915,3.7
63.21446162785618,49.91415885809849,3.6999999999999993
63.21758156992496,49.905203069426626,3.6999999999999997
63.21188835386411,49.91929772477513,3.7000000000000006
69.94929309102685,54.62066085610463,3.6999999999999997
63.80224752027319,48.62826406778871,3.7
62.36653131279616,49.49235015146545,3.7
62.366831044612226,49.49005928168426,3.7000000000000006
64.0791388747313,46.115748714106566,3.7000000000000006
63.36709957868596,44.463674510646285,3.7
64.5654500416681,40.61910771971665,3.7
64.56828237742228,40.620560612698426,3.6999999999999993
70.73083274324867,39.064807517476815,3.6999999999999997
70.73002455055885,39.06382345911829,3.700000000000001
70.73083274324867,39.064807517476815,3.6999999999999997
80.10044051544043,45.79893685187951,3.7
81.942851795335,48.48413982843984,3.7
81.94014210273608,48.48589005795371,3.6999999999999997
81.942851795335,48.48413982843984,3.7
80.58007292198424,47.84136047497106,3.7
80.58007292198424,47.84136047497106,3.7
80.58388695717316,47.84161226356352,3.7
78.8532384636007,45.769150359036395,3.7
78.85415682158356,45.76955158455755,3.6999999999999997
74.78925682568283,43.989939368498234,3.7
74.78771004328087,43.98828975061288,3.6999999999999997
74.78139253703081,43.98170229382572,3.7000000000000006
85.46538063074286,48.26449473238674,3.7000000000000006
85.45934080513436,48.26363371754459,3.6999999999999997
82.5316223702978,54.452649928427554,3.6999999999999997
82.52849256735855,54.45555881680036,3.7000000000000015
84.68534814950732,64.74105982171871,3.6999999999999997
84.69018137190362,64.74222294843838,3.700000000000001
86.07737246346119,64.05510493121317,3.6999999999999997
86.07604531534432,64.05238005988139,3.6999999999999997
84.38991138990244,62.7717980829693,3.7
84.94289811434442,64.80303984688337,3.7
88.08393048852788,63.182944161515216,3.6999999999999993
88.08393048852788,63.182944161515216,3.6999999999999993
83.12490565674622,61.69730216732411,3.6999999999999997
83.13832732695256,61.6970910588956,3.7
70.18274352977616,65.0100155908747,3.700000000000001
70.15968830565312,65.04484126793729,3.7000000000000006
71.26624006377293,64.40601587237862,3.7
71.26692938875497,64.40454085039869,3.700000000000001
71.26692938875497,64.40454085039869,3.700000000000001
76.95567497443766,65.80368536886333,3.7000000000000006
80.5022576489013,73.62720528573253,3.7
80.50221710415252,73.62726738563387,3.6999999999999993
72.74521873918954,64.42918038189539,3.7
75.17151364923016,60.966513569421764,3.7
