73.98083343764172,73.66400934319978,3.7
73.97974617755816,73.66344965488763,3.6999999999999997
75.5870461827277,72.76697309201252,3.7
75.5870461827277,72.76697309201252,3.7
74.96741626922095,73.69964396353072,3.7000000000000006
74.96723651609942,73.69955921894959,3.7
74.96705460972456,73.69947387485855,3.6999999999999997
74.59854702909558,72.55985236674049,3.7000000000000006
74.59854702909558,72.55985236674049,3.7000000000000006
74.59854702909558,72.55985236674049,3.7000000000000006
73.61367686230768,71.26968756007187,3.7000000000000006
73.61494297830183,71.27236492696653,3.7
73.6150066822433,71.27411357785235,3.6999999999999997
71.38207314480482,67.2920508851295,3.7
71.38207314480482,67.2920508851295,3.7
71.38235845192222,67.29237120188785,3.6999999999999997
70.7280459453847,64.96332081168815,3.7000000000000006
70.70086283180213,65.36597853327643,3.7000000000000006
70.89291633463068,65.70114204401932,3.6999999999999993
70.65864253156148,64.3112114023175,3.6999999999999997
72.16423676827013,63.57361213115651,3.7
72.54955526423744,65.38095286996138,3.7
72.54897375581197,65.38366455803059,3.7000000000000006
70.49468086027876,65.35070067393298,3.7000000000000006
71.30691504405034,66.69539667063532,3.6999999999999997
71.30676191129314,66.6950620920146,3.7
70.8238739851978,66.32345328664353,3.7
70.98672236116863,64.62790999570676,3.7
79.88173507489252,55.50363252877878,3.7
79.6200852872449,54.901001128850325,3.700000000000001
86.96100949403768,54.359926325600604,3.700000000000001
86.95765020934961,54.35858904821269,3.7000000000000006
86.7454805111746,53.43438440641068,3.700000000000001
87.80493710228876,53.35762687961089,3.7
87.80493710228876,53.35762687961089,3.7
88.25400860483326,53.35827930936834,3.7
88.88867770012519,54.04873529982844,3.700000000000001
88.88867770012519,54.04873529982844,3.700000000000001
88.88867770012519,54.04873529982844,3.700000000000001
88.98257443795363,54.600584830696704,3.7
88.98283307291805,54.60239053028159,3.6999999999999993
88.98301127847063,54.603997162247026,3.7
89.48792078865371,55.87745782424409,3.6999999999999997
89.48647031408979,55.8711401046568,3.6999999999999997
89.48733589330402,55.87613210828438,3.7
88.68313492044476,53.328699480925394,3.700000000000001
88.68260118194658,53.32710933005502,3.7
88.6790865740488,53.316701835228635,3.7
87.15122375033116,52.95294502081047,3.7
87.15178016078733,52.956174057136955,3.699999999999999
86.85934589986296,52.78180096569728,3.6999999999999997
81.77875253632419,50.40650354185757,3.6999999999999997
76.73397084873355,46.127607054884514,3.7
76.73471929758225,46.12763533769901,3.7
72.11722848400689,46.84065808857208,3.6999999999999993
72.11722848400689,46.84065808857208,3.6999999999999993
71.23298347145436,46.770666403705896,3.7000000000000006
67.40892714791268,41.87387769094607,3.6999999999999993
67.41034327789046,41.87376166057391,3.7
67.41034327789046,41.87376166057391,3.7
71.71400821025105,40.68753348115038,3.6999999999999993
71.71403012197356,40.68760677723494,3.7000000000000015
73.61025659262874,41.39602674398778,3.7
73.61025659262874,41.39602674398778,3.7
73.61045274827008,41.39623929614919,3.7
69.97579538290522,39.0631543095039,3.699999999999999
69.97549066073793,39.06315593547315,3.700000000000001
69.26748838969607,38.991707829193395,3.6999999999999997
69.26767251008671,38.99186541148728,3.700000000000001
69.26590751960406,38.98996819672387,3.7000000000000006
68.96951478471857,38.908580269103844,3.700000000000001
68.93225857825703,38.89375118493941,3.7
68.93219627447085,38.89356373332527,3.7
70.91814460110288,42.43926642701193,3.6999999999999997
70.9179971356272,42.440739909461925,3.7000000000000006
70.9179585915458,42.441106415429104,3.6999999999999993
63.86624475401369,39.1443479939213,3.7
63.86715529456583,39.14440163384588,3.7
63.86624475401369,39.1443479939213,3.7
60.22759461034328,42.32476704005676,3.6999999999999997
59.38220987862268,42.40631404396014,3.700000000000001
59.7113020650308,42.840417337518225,3.7
58.3316038508691,44.007266876161964,3.7
58.33157203617736,44.00693331924886,3.6999999999999997
58.33141132537189,44.005279861728134,3.7
57.945177041776546,44.32748613107571,3.7
58.39790545714425,43.989278590198246,3.7
58.19111717126567,44.2981284269584,3.7000000000000006
58.19121258622901,44.29874803763659,3.6999999999999993
57.83320335507604,45.10248462764632,3.7
57.83356264955525,45.102844512804296,3.6999999999999997
57.8337997370749,45.103085688916636,3.700000000000001
58.583244856187164,44.359982093085996,3.7000000000000006
58.58334866818631,44.360274718812626,3.7000000000000006
58.363396694676325,44.363467970282905,3.6999999999999993
57.45919043717252,42.40276270816174,3.700000000000001
57.45919043717252,42.40276270816174,3.700000000000001
59.38444125586787,38.75236390789009,3.6999999999999993
59.38444125586787,38.75236390789009,3.6999999999999993
59.38274670278115,38.74526001873104,3.6999999999999997
54.14497608675363,39.189385066668144,3.7000000000000006
54.31979497067634,38.817568055072336,3.7000000000000006
54.32226550797409,38.81629845664392,3.7
52.159301954867175,40.35997968563768,3.700000000000001
52.159301954867175,40.35997968563768,3.700000000000001
51.21985081676581,40.4510221298759,3.7000000000000006
51.21977862635222,40.45075212377173,3.7
51.21954166603969,40.45079141069062,3.7000000000000006
50.48887549256298,40.79142671225746,3.7
50.48804884224349,40.791823865609345,3.7000000000000006
49.194934919523,40.872279906784776,3.7000000000000006
49.19765594600329,40.87400036386421,3.7
50.68662577636423,39.71048359209438,3.7
50.68662577636423,39.71048359209438,3.7
51.7156673687774,38.76683893391322,3.6999999999999997
51.71802817001099,38.76691749838007,3.6999999999999993
51.71780871468473,38.76704241676799,3.7000000000000006
52.675579053461306,37.41037485015874,3.7
52.674787673293565,37.409962524864106,3.7
52.67584291759622,37.41051227819794,3.7000000000000006
50.129517008464084,30.009540431573853,3.7000000000000006
50.12548892634616,30.008752079399436,3.7
50.129517008464084,30.009540431573853,3.7000000000000006
55.43524468024531,35.66903234633115,3.7
48.388817110824306,32.37201631208959,3.7
48.60052658942499,32.51093388492328,3.700000000000001
44.365425137733,28.465468144488977,3.7
43.65849067108349,28.04597873064063,3.7
41.74471399115551,27.035840775410705,3.6999999999999997
41.737536412375796,27.02895628347466,3.7
43.123865187741245,27.44139776699109,3.6999999999999997
34.065974090669,26.52046856169616,3.700000000000001
35.28118509363973,26.690836561367735,3.6999999999999997
34.067987506311724,26.521169798562326,3.7
33.41579254183147,27.34865080757962,3.7
33.41585638645352,27.349103059000026,3.700000000000001
33.415920014300355,27.349556561757282,3.7
33.41604651040124,27.35046668239283,3.7
33.2857438364441,27.89027774310144,3.7
33.2857438364441,27.89027774310144,3.7
33.28671258115982,27.890340848047398,3.6999999999999997
30.972397265026213,26.92717459966082,3.7000000000000006
30.972414706150815,26.926940966506947,3.7
31.42421341672628,26.938767558266267,3.700000000000001
34.177339859624034,26.92766506273171,3.6999999999999997
34.494544030078686,26.81329085810116,3.7
33.378774140592164,22.202227770170385,3.7
33.37849671676577,22.200178969893933,3.7
32.93802851530987,19.78566391176983,3.6999999999999997
32.93718712881464,19.785918190830703,3.7
32.93813757295047,19.785849279935032,3.7000000000000006
32.295548403533616,19.047014526082958,3.7000000000000006
32.296620764377735,19.04750902455899,3.7
28.232340102430392,17.165141309295297,3.7
28.23434395180084,17.165752931487667,3.7000000000000006
26.887105190487407,15.677473782645684,3.7000000000000006
27.311983725050922,16.097884721402906,3.6999999999999997
27.311879225481043,16.09808769440108,3.7000000000000006
22.775102834591365,13.908322069988495,3.7000000000000006
22.775924454772866,13.90912097866535,3.700000000000001
22.957757630127958,13.61699440617516,3.6999999999999997
15.42929902779429,10.089224412194707,3.6999999999999997
15.903034446366123,9.852442797456387,3.6999999999999997
13.249624964257356,10.442161622840155,3.6999999999999993
13.388292804066834,10.935872657662742,3.7000000000000006
13.38815780615394,10.936355439615326,3.7000000000000006
8.683916113836938,8.483146209453647,3.6999999999999997
8.684362503896699,8.483309714467248,3.7
8.683469315471589,8.482982619638364,3.7000000000000006
6.242586064539901,7.655066464677731,3.6999999999999997
6.241661923298219,7.656262608237808,3.7
6.242124185213988,7.655663622559985,3.7
8.462656699681505,11.060474001470231,3.700000000000001
7.510774791331186,10.378493118215756,3.7000000000000006
7.510774791331186,10.378493118215756,3.7000000000000006
7.581438242091057,10.529038927558977,3.7000000000000006
6.5176912272819445,10.682469943651837,3.7
8.2492258820137,11.558323112005418,3.6999999999999997
7.116960549192614,11.13532114720986,3.7000000000000006
7.744676202152578,10.961296522115623,3.7
7.744810635150978,10.961374294243878,3.6999999999999993
7.7450794815722634,10.96153026096886,3.6999999999999997
4.442181359045049,8.135738646464102,3.7
4.216045459998496,7.772758431106238,3.7
4.216573271810334,7.772524668052962,3.7000000000000006
4.442481320674157,8.135429206697369,3.6999999999999997
10.380505411312114,9.87920964909275,3.7000000000000006
10.382070965416544,9.879286535092614,3.700000000000001
11.386057832631483,8.840497232663665,3.6999999999999993
9.595246179216948,8.128380330922667,3.7000000000000006
9.595246179216948,8.128380330922667,3.7000000000000006
4.760130861133041,7.642419949416771,3.7000000000000006
3.9864228637160704,7.508132518357217,3.7
5.7702790650221445,8.260014184211514,3.6999999999999993
4.760130861133041,7.642419949416771,3.7000000000000006
6.368992874237261,7.952523274539457,3.7
6.370631529402184,7.953313559575448,3.7000000000000006
6.370631529402184,7.953313559575448,3.7000000000000006
9.849432300124294,5.585351096693808,3.7
10.482462290960601,6.596160687337103,3.7
10.483198906994792,6.596148525635258,3.699999999999999
11.206004668650177,4.483236270029524,3.699999999999999
11.204646451536831,4.481753212634146,3.7
11.201502318195962,4.478315915340101,3.6999999999999997
9.081248328925149,4.361736886819847,3.6999999999999997
8.477391361438599,3.6886947004026664,3.7
8.47703747822755,3.688813467062582,3.7
12.552251311039234,10.495696876112266,3.7
12.55155176219961,10.495357064127331,3.6999999999999993
12.899198792201428,10.852848911636135,3.7
13.194344181837053,10.934427118724535,3.6999999999999997
13.193711669211805,10.934256718734753,3.7
13.193020651346108,13.72533498930523,3.7
13.193020651346108,13.72533498930523,3.7
10.43464468805867,11.105929400291261,3.7
10.43359337393364,11.105396928096452,3.7000000000000006
9.40928359794233,10.512580927977007,3.700000000000001
13.150305695962324,12.048697738545386,3.7
13.356734861929812,11.96685418382073,3.700000000000001
13.360191463573006,11.96882609235264,3.7000000000000006
16.852034801915803,12.082320556623898,3.7
18.327659465808246,12.563356622967802,3.7
18.32787412941203,12.563265922012496,3.7
18.32776676635051,12.563311478824035,3.7
18.4209472219178,13.78633620616599,3.7
18.09938216345143,13.577061752871467,3.7000000000000006
23.53037645555625,16.02331195508243,3.6999999999999997
23.53037645555625,16.02331195508243,3.6999999999999997
26.932315653053077,16.45069201587633,3.7000000000000006
26.928169769023967,16.450284153036883,3.7
28.757321711396575,22.778089933078792,3.7
28.757187824572874,22.77699636509125,3.7
29.85185461115549,21.231325659998383,3.6999999999999997
29.85188871607569,21.23102613566751,3.7
29.851948019005167,21.230526978862272,3.7
29.73950167450688,25.61224153349848,3.7
29.739778583021952,25.61225289320641,3.6999999999999993
31.509343043759916,25.914865240446066,3.6999999999999993
31.121139158814476,25.848804821536955,3.7000000000000006
31.508788114393674,25.91406235829676,3.6999999999999993
33.41656506308759,26.830400371776257,3.7
33.416710466979715,26.83125772180227,3.699999999999999
32.80928525312098,26.516039984666044,3.7
32.63414615791718,23.42342762702178,3.7
32.43362496382554,23.754152348586874,3.7
32.432617947222035,23.751138639891888,3.7
28.681411301130208,17.231258039080974,3.700000000000001
28.685644949375817,17.232760571120643,3.7000000000000006
34.779717219103,20.840467245221706,3.700000000000001
34.78860123179213,20.845700839694622,3.699999999999999
36.9274614529311,22.185186319654203,3.7
44.73629466277995,29.09868738846901,3.700000000000001
44.65085847338619,29.2503549049296,3.7000000000000006
44.652096707862626,29.25131748958893,3.700000000000001
45.83994717207114,30.471639658122818,3.7000000000000006
45.83749368488405,30.469819652120364,3.7
45.83504470876837,30.46800265008439,3.6999999999999997
47.0963074410963,30.98623070284801,3.7
47.09670526623619,30.986482516232318,3.7000000000000006
47.09710359107427,30.98673465302891,3.7
44.422096510079655,27.739764477785066,3.7
45.06926009374542,28.283355825487494,3.7000000000000006
45.06926009374542,28.283355825487494,3.7000000000000006
44.422096510079655,27.739764477785066,3.7
45.16657982055568,34.12887472527489,3.7
45.1647457212627,34.13399936894919,3.6999999999999997
44.53066795142089,33.96143274458327,3.7
44.53178744027581,33.95916682151287,3.7
44.53103736709116,33.96066349723718,3.700000000000001
44.5449626454008,34.6896162735218,3.700000000000001
44.54480918113505,34.690299930392726,3.7000000000000006
44.99590913938715,34.78165209633807,3.7
44.996375471765475,34.77465858394218,3.6999999999999997
44.996307993966646,34.77565951328528,3.700000000000001
47.16206274412117,33.983302616639264,3.6999999999999993
47.16523348580437,33.98197411769709,3.6999999999999997
47.16682009183692,33.981309178654776,3.7
48.371722251432786,33.6875527251659,3.700000000000001
48.24696296543975,33.12638093658046,3.7
48.371447823427275,33.68747138090195,3.7000000000000006
46.71850160652987,30.196517810664186,3.7000000000000006
46.72256276838093,30.196187361669644,3.7
56.62636941815952,36.34508235737928,3.700000000000001
56.62737710364323,36.34811444332724,3.7
64.46676368695194,36.36862832954591,3.6999999999999997
64.46752297068406,36.36932080693379,3.6999999999999993
64.47018937980954,36.371757159778355,3.7
66.85429052809815,37.463588771724915,3.6999999999999993
65.66631776205263,36.630219461857955,3.7
66.9823214279885,37.412770063138986,3.7000000000000006
67.32343042626965,37.502765249041744,3.700000000000001
65.80426804620654,37.75684631838922,3.7
65.79923367509984,37.75459462362753,3.700000000000001
62.49356544453952,38.60969918250865,3.7
62.53355771822238,37.31344926975151,3.7
65.32357410402142,45.99180009580236,3.6999999999999997
64.77184894899607,45.54462815587519,3.7000000000000006
64.77227880942283,45.54571265041097,3.7000000000000006
65.37559615657501,49.989859129122195,3.7000000000000006
65.3750418874672,49.98730029304418,3.7000000000000006
65.37596934991784,49.99156588965463,3.6999999999999997
65.00266299682824,52.259045775126474,3.7
65.93304895065086,52.451422548727315,3.7
63.45804969183062,48.39868495551312,3.7000000000000006
63.49213714771557,48.56147815171011,3.700000000000001
65.08221106135042,46.91743932426832,3.7
64.0671016709471,47.22454876077252,3.7000000000000006
65.09123360389161,41.425186239037274,3.700000000000001
64.76618632672907,41.206334866577976,3.7000000000000006
71.57567771427314,40.340448356796486,3.6999999999999997
71.57545898061515,40.3402212162929,3.700000000000001
71.57567771427314,40.340448356796486,3.6999999999999997
82.38151256003782,46.867519068286505,3.7
82.96958591054626,47.58755418950757,3.7000000000000006
82.9681434024909,47.587602509575945,3.7000000000000006
82.96958591054626,47.58755418950757,3.7000000000000006
80.58642723155594,46.91786472203435,3.7000000000000006
80.58642723155594,46.91786472203435,3.7000000000000006
80.58637106718544,46.9174810142745,3.7
80.03409564319978,45.807472095507386,3.6999999999999997
80.21749045353013,45.92861465638726,3.7000000000000006
76.30999046629114,43.14356254723211,3.6999999999999993
75.95163937981833,43.17886307433311,3.7
76.14036118959595,43.45959712863223,3.7000000000000006
79.94004444373435,45.7831014936276,3.7000000000000006
79.94255026013803,45.7863000312451,3.7
83.01684117686843,49.02992890008089,3.700000000000001
83.01660736012103,49.0302364249176,3.7
84.39532987343827,62.33489164617343,3.7
84.39575809825247,62.336099065074116,3.7000000000000006
85.97672927794872,64.44358529732786,3.7
86.20270303282636,64.37092824689486,3.7
86.3901431005034,63.553714378934934,3.7
86.3907820839972,63.55738615671008,3.7000000000000006
84.68781017939703,63.14298612273062,3.7
84.68781017939703,63.14298612273062,3.7
82.2776368271471,59.97135719452983,3.6999999999999997
82.94750758376681,60.97162734573217,3.7
70.373305287773,67.39815079411883,3.6999999999999997
69.95424270888294,67.70074396593382,3.6999999999999993
70.16973318449428,68.65544823393351,3.7
70.17022443252391,68.65463296170411,3.6999999999999997
70.17022443252391,68.65463296170411,3.6999999999999997
72.46226771585344,67.09301975569002,3.7
76.15502611088671,70.86495454031021,3.7
76.30984560834057,70.32978377108498,3.7
75.53264410644421,58.13226082709952,3.6999999999999997
76.38734590789214,58.71582558170641,3.700000000000001
