-18.296563646920788,-10.049570786148777,0.0
-19.852603264896864,-9.94466663690949,0.0
-22.84985449760972,-9.943967370488782,0.0
-21.478246307909156,-10.16934918487012,0.0
-19.760842137680267,-10.359479326521525,0.0
-17.346439545053137,-10.01097329709211,0.0
-17.64227349862782,-9.723030778821764,0.0
-19.656889799202744,-9.688215679817942,0.0
-17.00230591935562,-10.518508377419495,0.0
-21.069583124696518,-9.897359098809309,0.0
-19.594983513958624,-9.514793559889217,0.0
-19.76175557405992,-10.164523369277578,0.0
-18.828922486532154,-9.458779244654444,0.0
-20.034779562034394,-9.50943899535966,0.0
-21.351892245569687,-10.475212113693829,0.0
-19.18808505355984,-9.646903754515396,0.0
-21.707649251096793,-10.161923491167306,0.0
-21.52309269540216,-10.414972729141013,0.0
-19.315832251863682,-10.321556543702473,0.0
-20.911257363057636,-10.344604734566861,0.0
-19.584874400013213,-10.506090996218985,0.0
-12.645488435584147,-10.583932879722743,0.0
-16.834058420504316,-10.417029210252158,0.0
-16.775887089495335,-10.072855213239094,0.0
-15.680412112830584,-9.994803778830136,0.0
-18.663926128186993,-10.13568091112799,0.0
-16.12525507115856,-10.248743435644498,0.0
-18.88392889754799,-10.050584328733795,0.0
-19.194592937534683,-10.161205681377831,0.0
-19.61840814343732,-10.141583794177473,0.0
-14.789083892731501,-10.446515650290573,0.0
-19.10521849855792,-10.342465936655874,0.0
-18.512689021413248,-10.29382235743457,0.0
-16.09648092791191,-10.44205946844197,0.0
-19.126464605073327,-10.75,0.0
-18.341801350834306,-10.621005078260133,0.0
-13.754378381137746,-10.461898592880335,0.0
-16.330441400689814,-10.686606578291874,0.0
-14.26200303152983,-10.31363399230334,0.0
-15.144095029996056,-9.840975374330792,0.0
-13.142304381811108,-10.004501744729101,0.0
-11.312191524289672,-10.301290280475111,0.0
-14.203615380541727,-10.00334543676355,0.0
-13.441178714513788,-10.145672429800017,0.0
-15.974968399699181,-9.566043332797681,0.0
-14.47725339904212,-9.733945836701121,0.0
-8.704138472030941,-11.412351225062258,0.0
-11.644897079099215,-10.299516402099762,0.0
-11.646603516295093,-10.448570345364883,0.0
-15.854960994332417,-10.158380673055703,0.0
-11.6284683795054,-10.147453156834995,0.0
-10.891939921176538,-9.852959560811975,0.0
-13.592308519067055,-10.597572336802646,0.0
-13.0150529533361,-9.848784874922087,0.0
-9.095369552884177,-10.452808407247154,0.0
-8.800059098699723,-10.601433424866013,0.0
-10.458271709268175,-10.1512352917463,0.0
-10.137449597516856,-10.241157176814777,0.0
-12.35196934557824,-9.547027266407119,0.0
-12.99449922692496,-10.302417186960065,0.0
-12.468369521970278,-10.018962596542348,0.0
-2.795325630585988,-13.150814312583492,0.0
-11.962942855025485,-10.462389639636445,0.0
-8.048030526682767,-10.75,0.0
-8.810176913724435,-10.75,0.0
-12.593173898277284,-10.524179582728186,0.0
-7.259704057052998,-10.207747747810544,0.0
-6.59424514042366,-10.574903003180104,0.0
-7.479531566130921,-10.749999999999998,0.0
-9.495034596681126,-10.44700394801937,0.0
-11.955959190304007,-10.29890857270231,0.0
-8.06563558837001,-10.514624328706956,0.0
-8.944648742544143,-9.997245254392764,0.0
-9.987013931152843,-10.00261839419161,0.0
-10.919546402231518,-10.148101468105047,0.0
-10.295909539331118,-10.14981294959454,0.0
-10.637926035098756,-9.540977826127579,0.0
-9.401129200154916,-10.150636075441264,0.0
-5.5064227950105336,-10.598373839283948,0.0
-9.080797540347334,-9.399473481823414,0.0
-5.49935938623231,-10.14940714363385,0.0
-6.833024672570252,-9.713102791839125,0.0
-1.977883627520698,-12.881859327020221,0.0
-4.907369034964103,-10.30013569678876,0.0
-6.374591771243679,-10.605802494021754,0.0
-4.908251544614556,-9.835942086860195,0.0
-6.714809405787345,-10.313630634281164,0.0
-5.322428765122289,-11.542687638076108,0.0
-4.748822138195806,-10.299680150532886,0.0
-5.219019646150827,-10.306376691841695,0.0
-1.3098672663749362,-12.086540793662783,0.0
-5.804965206311637,-9.249999999999998,0.0
-6.024663070694999,-10.283415359722934,0.0
-3.308982847948273,-10.351549566878262,0.0
-6.540351649984937,-10.148107988874449,0.0
-4.333213431939874,-10.009478126959692,0.0
-4.92757277982331,-10.507549774597278,0.0
-3.9990691683724924,-9.70349601147446,0.0
-3.723346683888998,-9.491757226778182,0.0
-7.592512658233798,-10.44823960000657,0.0
-2.236634120822512,-11.365888327270206,0.0
-3.1053482465382114,-10.44789412305606,0.0
-2.040486742961031,-9.84376032214297,0.0
-4.439506714012257,-11.501322968447292,0.0
-2.498546148304396,-9.85012705834701,0.0
-4.8882653256855315,-10.422262219689099,0.0
-1.8476530468263932,-10.498365254685687,0.0
-3.8253089297292493,-10.329225805914362,0.0
-7.334589160291659,-9.697334753209702,0.0
-2.7260249900318896,-9.833440716566244,0.0
-1.4119799162457745,-11.043956570223116,0.0
1.0971602230364648,-9.244005655862939,0.0
-1.8428643074168993,-7.735397025228208,0.0
-0.8194074646907569,-11.219257685361745,0.0
-3.650038746886364,-10.732334721106264,0.0
-0.9966948056304354,-10.748166054968225,0.0
0.49551799126608803,-9.551386638852174,0.0
1.398690079447207,-12.239808279967754,0.0
0.2013654059004464,-10.14941438597355,0.0
-2.3420267558070713,-9.134549286250147,0.0
1.094169233521384,-14.20345589225727,0.0
1.4228392199342736,-17.075218758229333,0.0
1.4291241475173775,-16.093418835501332,0.0
-1.8642741318604545,-9.599230108086582,0.0
0.008142451621069621,-8.615492979611266,0.0
1.5481147599249987,-15.252688933437176,0.0
1.7678992668887896,-17.580782565399222,0.0
1.0129189561612582,-15.325122484935513,0.0
0.7286702727933722,-15.854363514466456,0.0
0.7325963219819436,-15.044906780901709,0.0
1.0963280313978698,-15.103228755801617,0.0
1.2500718946735656,-13.294494314694937,0.0
1.245326152516161,-14.370744258744955,0.0
0.6513378120974798,-14.68175079690348,0.0
1.1087386010362799,-15.110015676464705,0.0
0.6477553724605405,-13.165573945386495,0.0
1.2551283440419987,-12.856384830984728,0.0
1.5450929109445624,-14.935325923979308,0.0
1.3224093276629376,-9.700544798604504,0.0
1.42826448249331,-14.69415072764194,0.0
0.7937940526380276,-11.637375003600656,0.0
0.6380661228436567,-11.386372822332637,0.0
1.2492073533152772,-8.354506947090522,0.0
-0.37714864863483333,-10.292005308234387,0.0
0.7972189872396519,-5.940502502056825,0.0
0.6609653507529043,-10.4194992500829,0.0
0.23399078428447853,-15.255243601131646,0.0
0.7944470430208648,-11.532624965125052,0.0
1.247773815631887,-8.794737424908432,0.0
1.699937550902929,-10.758525876206836,0.0
1.5486225866261123,-10.149523310392034,0.0
0.799358644793116,-11.943036460094987,0.0
1.2483619115913065,-8.789832706749516,0.0
1.2508980560813776,-11.20458675029542,0.0
1.396569410889436,-11.35645275696682,0.0
1.3996516176043774,-12.396554053873908,0.0
1.55084944645204,-10.462431086707864,0.0
1.251928810920754,-13.890398167852373,0.0
1.5529400690977742,-9.264518777484257,0.0
1.4004482421467062,-8.803150935409489,0.0
0.648118076488085,-5.045891519954669,0.0
1.471836105181016,-5.3966337852330595,0.0
1.3285973315926185,-6.495390970813938,0.0
0.9426956849863282,-6.66878730562371,0.0
0.7721347721001126,-4.495302097870628,0.0
0.7972721934246844,-4.737095579025777,0.0
0.7964263584532905,-5.014941479063309,0.0
0.3558829690122058,-5.2048586802081305,0.0
1.258568023449691,-5.9370455026674165,0.0
1.1418740919075563,-10.834235089809813,0.0
1.2385527930601592,-4.336465313767568,0.0
0.9337372097307098,-7.545158420646518,0.0
1.2447773644781233,-6.39709438775672,0.0
0.770960872964056,-5.890850557523492,0.0
1.097894674181127,-5.042568021633426,0.0
0.7738019406708602,-5.3796427839950285,0.0
0.9466458754814002,-5.519684700771058,0.0
0.8010247922789605,-6.114416052549002,0.0
-1.4204804601492411,-9.66028660925018,0.0
1.132348360230309,-11.364956543110218,0.0
1.4987865226647115,-6.776317857883848,0.0
0.8976853371447604,-4.53393520712852,0.0
1.197689535820835,-8.396058408508523,0.0
1.3159927787596761,-5.628224990291482,0.0
-0.5787262426928702,-9.385583694706847,0.0
1.4545520232972957,-6.254466380871539,0.0
1.0656487935053731,-3.2714915347151923,0.0
0.4491654057727344,-8.544627937417713,0.0
1.2491731251240594,-6.056170643188406,0.0
1.0937967902873746,-6.403450798871207,0.0
1.02732013568459,-6.843003591701903,0.0
1.4935903035406732,-4.66636582987589,0.0
0.6473256406065326,-3.0516334870287665,0.0
1.107871451549498,-4.135378164800712,0.0
0.9246729754837326,-3.05653110824326,0.0
0.6754989843304204,-2.138256741364993,0.0
1.0878066454974462,3.911206068285552,0.0
0.6685854556805542,-5.077748049193883,0.0
1.0649485353271206,-4.526470074602399,0.0
1.4974609971964803,-4.775926915468994,0.0
0.6440392201479928,10.668936480044023,0.0
2.0,4.281140374521837,0.0
1.7186943882393697,3.618747556069255,0.0
0.9806002358008821,7.2977595353371045,0.0
1.7188584784006202,6.566500245516348,0.0
2.0,1.8744006033812082,0.0
2.306290592088902,3.9944460309288212,0.0
1.4245247379664685,2.518216042159872,0.0
0.916774152294825,9.338964099424155,0.0
1.2233486461564287,2.1507921947149797,0.0
2.0908299265071335,7.4390323113861605,0.0
0.7572400397605493,6.633017891587037,0.0
0.9354738037896135,7.351802633922741,0.0
1.333013191744354,7.3280040313826476,0.0
2.6542581866952073,7.923223312922174,0.0
6.78467534695268,4.8199367764908745,0.0
1.7952914570385574,7.575363024164174,0.0
1.7380480938866012,8.285043313581754,0.0
1.2697836780880205,8.130103228546208,0.0
4.6384019131485665,7.59031473526102,0.0
1.5200435295108372,8.295640375495445,0.0
1.6887998255682755,8.69735491673347,0.0
1.1252945306156272,6.408823440167819,0.0
4.986558052415159,5.997281383494173,0.0
0.9906951929046015,7.145345140079942,0.0
0.8715958731080324,6.893870914875889,0.0
6.093575230868317,7.296849818939016,0.0
1.5320843597986116,7.21113959180471,0.0
2.1754609216402176,11.683259028581821,0.0
5.986741261451737,7.861257389031947,0.0
1.2746646593470807,8.60161349660411,0.0
0.9757584442922616,6.404377891728663,0.0
1.8750777966007177,8.28349831210575,0.0
1.1087067408816171,8.980045328458528,0.0
1.9629996795616582,6.563420050291229,0.0
1.149190497666134,8.828194398741013,0.0
1.2771817634366296,7.698288975128458,0.0
1.243136869722971,8.064864608530959,0.0
1.5596262728987795,8.166184787405648,0.0
1.4340666848911277,7.112879682698261,0.0
0.7239993262158528,9.704121357680087,0.0
1.330926413466504,9.624132549888147,0.0
0.6264091679853904,9.402461956974255,0.0
0.8362339417616184,11.312049471519392,0.0
0.6246261070667547,10.528456599184949,0.0
1.1675168039073243,10.541136840273438,0.0
0.9367129846094182,11.41834140391174,0.0
1.1185182005942,9.858484792280159,0.0
0.6278164403264638,9.998031683337492,0.0
1.4967719408042344,11.336959984504354,0.0
1.0456845150326974,6.70411065669652,0.0
0.9214030149920346,7.333924965129351,0.0
1.793872850430817,4.7051356661398165,0.0
1.344485101890462,5.517117752103866,0.0
1.4678340709346547,6.423941460332687,0.0
1.3754930100602722,6.344704298554314,0.0
1.029931845395549,7.389685446613296,0.0
1.422521053023708,5.191275366945847,0.0
0.6208138171079045,10.01539148542878,0.0
1.451829199638362,9.934529286774547,0.0
2.477857246093077,6.7276521934178435,0.0
8.776363027578048,6.349069246146831,0.0
3.114270668548994,8.000000000000002,0.0
0.8363702826166927,4.638957076450674,0.0
3.9726293880410006,7.128801625615287,0.0
4.211504936645418,7.5968931352150575,0.0
3.9618582020189455,6.086596620796971,0.0
5.541592442192284,6.576663300561174,0.0
4.478360136924218,5.824164324127852,0.0
4.5857037302767045,5.364828210435101,0.0
10.5695234666482,6.140570176380962,0.0
5.81475942422586,6.928138186474106,0.0
8.59472150372387,7.655507775964127,0.0
8.735691364223284,6.8132279724888285,0.0
6.477490418099682,7.564394244189668,0.0
10.342771132200573,6.315570025346553,0.0
9.944319762462971,6.523847271423766,0.0
10.486303785529804,6.889905075864505,0.0
7.823677772248514,6.504606378091988,0.0
8.515538621418253,6.591407230197297,0.0
10.998095925651574,5.38288470461546,0.0
10.060337197360896,5.458247145237603,0.0
13.046382582482167,4.49695613182721,0.0
8.119403658086918,6.270287421410823,0.0
12.413477214954602,5.087274594739682,0.0
10.592324150305638,4.766755345083198,0.0
10.924962939402263,6.513559049358163,0.0
11.350122506002771,5.3766863963098315,0.0
10.816340166593204,4.743854787165491,0.0
11.506940768014335,7.426957446221245,0.0
11.004982956688018,4.195643144508839,0.0
11.34085868422756,7.502965031915447,0.0
10.683840983168647,4.08572553726868,0.0
10.963142936948968,5.505012308992342,0.0
11.447501915804297,4.531830574063197,0.0
10.967769353734223,5.2100815061891765,0.0
13.453038227460516,6.1825873029153415,0.0
12.613280795902241,4.4399322624898785,0.0
13.307646121208474,6.074190420633083,0.0
11.294082167134311,4.10657074177649,0.0
12.15428417836965,6.247838877455577,0.0
11.125466351823402,5.64503637090604,0.0
10.718276603950295,6.104159802998283,0.0
10.27973334709112,5.805280962921703,0.0
7.846718458296795,5.5659273169051176,0.0
10.69345469268505,5.491467170062985,0.0
9.455836308713819,4.030553827374218,0.0
10.276618336184104,6.166653560938451,0.0
11.685627494842834,6.841573145404075,0.0
10.043065660193031,4.44535283285194,0.0
9.759945594602502,5.904686790245277,0.0
10.50404996213807,7.360881495608661,0.0
10.9201165235878,6.5942048552436106,0.0
11.909763229940006,5.689202039094586,0.0
10.462112261448116,7.4972241825717285,0.0
10.996373360329214,6.5434298171171985,0.0
9.884763474372926,5.821952943632284,0.0
10.012191009599826,6.244179858208968,0.0
10.640660310886421,5.598623610199816,0.0
10.024865594171896,5.896098017844348,0.0
11.140059596882045,4.849817798100682,0.0
9.970020308759995,4.2277245107371435,0.0
10.87088858265654,5.0077396755756105,0.0
11.747945368410644,5.847343902847221,0.0
11.910873293651274,4.594497400820267,0.0
11.576815383339714,5.703061709664963,0.0
11.254642942403496,4.941159228556597,0.0
11.845497337880197,5.794020833311633,0.0
11.955449386130999,5.525407187521537,0.0
11.340449736719078,4.165106922319282,0.0
11.13365118814712,4.4710666118310565,0.0
11.897175983344656,4.813862004440884,0.0
10.750275514993355,6.43292809279806,0.0
15.739705122064457,3.9905451934542193,0.0
11.864509060116273,4.990682520205234,0.0
11.480884751321817,4.569139198124098,0.0
11.012079712027228,7.600586795687349,0.0
9.952161729897067,6.330635535856806,0.0
9.320530799828436,5.7755492955166865,0.0
8.453144516435936,5.755736167560571,0.0
11.41951373806865,3.7889698230645417,0.0
11.111693542455532,4.118761759643632,0.0
10.9043802498574,4.357390616665133,0.0
10.380291650490872,3.5000000000000004,0.0
10.762006131256816,4.371508573867683,0.0
10.982155167066912,3.6459266757646476,0.0
12.104570935092719,5.151242070158264,0.0
9.703815840186527,3.9133565311555576,0.0
12.339243328066305,5.166114026241592,0.0
11.84798999808307,5.765426838491153,0.0
13.488676559869909,6.03977926071231,0.0
20.015213375045725,5.606427557793394,0.0
12.780426976559527,5.8367043104642224,0.0
14.022966804455336,7.088092372422608,0.0
13.268398425550618,4.760739403846976,0.0
13.130903788213612,7.120674955846688,0.0
12.367914912054392,5.039530855623599,0.0
13.934467634050637,6.511831433109686,0.0
12.03512576320822,6.466385742981154,0.0
12.849807506441568,5.281761630803111,0.0
23.454862156106344,5.227905313620261,0.0
23.469471576895288,5.502470584890768,0.0
24.13689878928482,5.652582333951209,0.0
21.76348514669931,5.44153499506986,0.0
23.88130616482987,7.189678706140157,0.0
23.697612763779162,6.455895623615957,0.0
20.0,3.5,0.0
23.131708849018747,5.930039928717759,0.0
21.234142405599208,4.320273011023442,0.0
24.61585654040833,5.3902660167557235,0.0
25.97627581347105,4.082180627300988,0.0
22.811031642440607,5.603770457200169,0.0
25.18240569838734,4.49462688706802,0.0
24.75691584372305,3.8787000392898503,0.0
24.190486302735188,4.422887270985529,0.0
21.793857897079302,4.742060775933887,0.0
26.153371051484754,4.344580573857462,0.0
23.765853642980588,4.803754263641867,0.0
23.99543408500314,4.731332967658955,0.0
22.09988640465189,4.768428638926835,0.0
23.7446200556939,6.287941187837466,0.0
21.93894139067641,4.98132618497672,0.0
23.193283083584753,5.68046010000535,0.0
25.310987342333483,6.4351073309832465,0.0
24.8104869455929,5.6213527435104975,0.0
25.974516363665423,4.850065276876224,0.0
22.599356553808256,6.301473852402205,0.0
23.626919488827244,5.462737630082185,0.0
22.470454385756877,5.498928060832385,0.0
25.008045780913847,4.514889407154577,0.0
26.694771873852037,7.554325380029649,0.0
24.080037596153637,6.051496105320187,0.0
20.88834895304865,5.575208715040774,0.0
25.340662206355827,7.46047346396931,0.0
22.087521129359416,5.069970083729462,0.0
22.15217244439,6.041894472295014,0.0
22.629369268845178,5.8651554362636995,0.0
23.126624672604567,6.240332212596045,0.0
23.593228920161312,5.988213856372803,0.0
22.525328472028605,5.336386916047637,0.0
24.706169661491863,5.967745724070213,0.0
25.740175321895943,5.7741096501698,0.0
26.627503277145472,7.147867039848075,0.0
27.318219194701335,4.182407265598371,0.0
23.069503428345122,5.730840145209405,0.0
25.834082717408652,6.7367411289074015,0.0
27.88979606015466,4.808111303267763,0.0
24.98120414722747,6.140968164091993,0.0
23.479811274545433,7.011040806255778,0.0
24.52804218242271,6.0546506209569415,0.0
31.485827039958295,7.738312284123944,0.0
31.78043340402262,7.722799536207828,0.0
31.270164770542987,7.087652303610524,0.0
31.70090411879067,7.256490563426857,0.0
29.72557723063107,7.650670063370359,0.0
32.0,6.357232834216118,0.0
30.20016530876213,7.739047874375862,0.0
30.78697272749236,7.999999999999999,0.0
31.598963169481795,7.442893750010726,0.0
31.335703717179282,7.225381044223883,0.0
31.501395621405436,5.670066850636393,0.0
28.284073878017377,6.545775722286377,0.0
32.0,6.748535170402953,0.0
29.65219168048343,6.550791152215479,0.0
29.44543653134993,6.551179763425243,0.0
31.88183064493822,6.514924207355807,0.0
32.0,6.371823481386125,0.0
30.606766262281706,7.098831503803108,0.0
32.00000000000001,6.12704345179716,0.0
31.29065680368336,7.465439712191422,0.0
28.840714843021992,4.753673104246462,0.0
31.283249478162478,6.756990027915963,0.0
32.0,4.406441470215896,0.0
31.84259325457697,4.514208656295249,0.0
31.89198212962839,4.751925027028706,0.0
29.695537073962235,5.413730424385956,0.0
28.975849742565902,5.920659809745328,0.0
31.3241574445865,5.642717318384259,0.0
31.007233544812546,5.5277672597657785,0.0
30.98702906773486,5.910106516147995,0.0
22.90291261313338,6.793414717616249,0.0
22.037069467840936,3.499999999999999,0.0
21.029848484711277,3.822779931783456,0.0
23.35808693786523,4.764109063048015,0.0
23.10025549223824,4.778868817343061,0.0
24.94951167718853,4.414519074719258,0.0
22.093828459444143,5.286368513041171,0.0
23.45233322085763,4.584154196198424,0.0
24.236802258499242,5.579492249693775,0.0
21.66825438771263,4.165692281805603,0.0
23.837779263812045,6.336583393989967,0.0
22.95592456078802,5.806428985851173,0.0
23.275216224116768,6.491644129719051,0.0
23.934519939598164,5.390588316795676,0.0
22.161508827770067,5.648342317196239,0.0
22.684472649622993,7.050762517349842,0.0
24.13959325918482,5.79703082603205,0.0
18.821255688901413,5.04854751003442,0.0
24.09058549104583,4.357754422135294,0.0
23.3861235938724,6.92694645192267,0.0
