13.966061790966831,5.680803148849086,0.0
13.84325604491242,2.5635322905470623,0.0
9.769915354460519,4.398983867057175,0.0
3.2393632590271024,7.122035277246689,0.0
6.279393762931709,2.1463659780826423,0.0
2.809170744128353,6.985189947444422,0.0
4.807052612643819,3.109602421343226,0.0
3.003636962013401,10.178731548249996,0.0
7.1612203766782025,0.1828640643850068,0.0
13.16287879468146,5.847643631620111,0.0
11.683230553897753,3.5979438450367573,0.0
7.439442810640691,5.033028319728709,0.0
2.1307441962686453,6.526104795754186,0.0
3.2358054442526507,1.992581324061049,0.0
14.798218651890423,3.724383454054408,0.0
9.169981365106024,6.1649877176532755,0.0
14.352920115339574,9.881696897168215,0.0
13.291662368086358,4.011459206301487,0.0
2.093156115987663,3.270252283707819,0.0
7.62075466238018,7.591949146039832,0.0
3.348891506873268,3.1684534830912545,0.0
1.7900416161184827,3.3440867488974595,0.0
13.85767997291843,6.383548939662422,0.0
9.508567542939318,1.4162346614961274,0.0
8.014894217402992,1.4505206895855356,0.0
7.249111578705695,2.7799788931586082,0.0
8.367456609321973,9.163783759134143,0.0
2.8965918831559794,2.4790972957067683,0.0
3.852531541868519,1.816494797032786,0.0
3.1088239933890027,4.706491367334638,0.0
6.875446750501396,2.3697416727137077,0.0
10.507480207433794,2.243075053737816,0.0
14.08604677540794,4.616616379580649,0.0
14.0054302702524,2.7469757521003904,0.0
9.629673365661036,3.940336949239437,0.0
13.332762537460324,4.862560905218551,0.0
2.792104729068265,8.993873239868961,0.0
10.760718645191874,8.252964044958786,0.0
2.511130955023401,5.95916617371457,0.0
3.382583417366754,2.249722274744114,0.0
10.130362351062839,1.132692056894404,0.0
2.507834325535949,3.4714133522091783,0.0
7.695884163191947,8.85634193763197,0.0
3.6325970610528486,1.491572092048173,0.0
13.510308772638563,3.628802392077495,0.0
12.838419349675286,1.515580919576305,0.0
10.042716293665501,5.93106573277942,0.0
9.017995214154,3.2879667513583177,0.0
3.6104639019103475,7.601243124022563,0.0
3.8554559000649578,8.28410161235044,0.0
4.643929054959316,6.290825002963141,0.0
14.640336669213978,3.4070570851587214,0.0
14.577335722844373,8.444292397836438,0.0
4.338151257771064,8.89675735112004,0.0
4.166563574240215,6.976158614571476,0.0
2.6862108275915233,2.16892620976366,0.0
4.077687030530351,3.6743759346899414,0.0
9.63787897517241,6.569435450051047,0.0
1.614612571920023,8.5451728777256,0.0
12.03585234218203,1.2745875829462985,0.0
2.0032846722531916,2.0858681519655056,0.0
9.75395647718809,7.881569058975533,0.0
9.734937719371052,5.962587766534862,0.0
13.076882360156523,6.461994197490227,0.0
3.5853422584045807,6.612017722761425,0.0
4.161349976541801,1.2540457331440444,0.0
12.747456913970604,9.653448664018532,0.0
13.446216318578456,2.6140126463716786,0.0
4.758792262225346,3.260542813317001,0.0
13.981932165184201,2.6555498914988127,0.0
7.166914882771334,1.8048109921817284,0.0
13.684913692176403,6.846614812350356,0.0
3.8339033561028426,6.680955872003215,0.0
1.792853645007769,8.559831333396716,0.0
2.3978346597955937,5.575699763823075,0.0
3.9917577283679253,3.594843841156051,0.0
13.893855065615652,3.820744418488108,0.0
13.795349680074247,5.762007158044415,0.0
2.1354571268093814,6.310213381894529,0.0
2.709266041293208,3.2781246154899146,0.0
6.749785304791872,4.811894501868222,0.0
13.585803249160106,7.0776781491786025,0.0
3.627811605953792,0.5091301413848865,0.0
4.432749448414679,4.447967760692656,0.0
3.9967155517233057,3.1983990829107114,0.0
14.999244250308637,3.4854303765982797,0.0
3.162799254024002,0.8541283600590883,0.0
0.6846294612285414,9.203692813318563,0.0
12.623844666679066,5.197398562343443,0.0
4.4382449244267175,4.949979797886917,0.0
2.6217413974504984,2.8223667497495164,0.0
8.124278778165852,5.575242294711713,0.0
14.259926196259322,3.009459804329344,0.0
4.171722893310485,0.7648437936335224,0.0
13.494790301035785,2.849153064470569,0.0
14.444124521103904,6.396030782354974,0.0
15.478444157306724,2.7133716896996782,0.0
4.604513770020216,0.9255790860827142,0.0
8.974026148728152,1.433227406513244,0.0
14.900515316053035,8.293507122636214,0.0
13.804237728345743,9.86063027952462,0.0
3.689438749410203,5.441587018696089,0.0
1.6983582056104671,3.723333353127742,0.0
11.229547125056957,4.045007061974803,0.0
2.7633757981524014,1.593501701452839,0.0
6.70398224365056,7.028537687228235,0.0
9.33264715715363,8.043902374173802,0.0
1.9861855317915416,7.41719080006316,0.0
9.056212302520306,6.315484654737957,0.0
8.15086173678767,9.05686036212937,0.0
2.8009359339652313,8.202869722981221,0.0
13.43222929248335,2.3738800994761093,0.0
14.912148793215097,3.581801305110793,0.0
9.36778114057959,6.822891485069574,0.0
6.405249069521844,8.27169800959603,0.0
14.332381153630577,4.898600005278516,0.0
10.011982365916403,1.1585310838105345,0.0
2.1138114982486313,1.5741149552040257,0.0
3.317714857161304,8.075421635789517,0.0
7.778247155765191,5.556055598483011,0.0
13.418723087018305,6.356741404831794,0.0
3.8074588459565257,0.7243470584793846,0.0
3.430651359816559,6.623680240035532,0.0
2.5876186908609773,3.038540731794056,0.0
13.552822161468034,10.519886530936935,0.0
5.4050980564420925,8.624732843931163,0.0
14.458834113594392,7.402397531030746,0.0
14.589078829893923,5.724829897335845,0.0
14.607514609033466,6.367244632622749,0.0
2.641892858085122,2.3032571501496815,0.0
1.7928658694491881,0.9539744945620189,0.0
13.652701858788937,9.330542945414475,0.0
10.237793559915108,10.379324263607426,0.0
13.888590370048798,6.062786555494579,0.0
14.706279174409158,5.950634689590225,0.0
1.4204670221124385,6.7333020720809085,0.0
15.279542394260844,5.934819225359012,0.0
4.370014554432794,1.894700924214913,0.0
2.006694670133038,6.315426842067024,0.0
2.6169891929738007,4.530312751481275,0.0
0.9794019133112681,6.998267315622893,0.0
8.493680564458632,4.47848980067337,0.0
6.994257438168529,1.519297163617754,0.0
15.00951994370723,6.043331939163348,0.0
5.358188854059874,9.029151195432519,0.0
13.86091852624501,7.068429731706586,0.0
4.722384520519382,2.9584112412585917,0.0
2.427553404848691,4.303197983999347,0.0
10.84176249061281,5.497088400445733,0.0
3.2937790407863976,5.1059924888467965,0.0
10.453524251422467,9.372186658620146,0.0
2.6313397394608504,9.68093194589891,0.0
3.0866604935413666,3.8549022406364766,0.0
13.72248526633533,2.1539720990540676,0.0
8.60592727221923,1.4110646108907332,0.0
2.610684479828755,4.534433428781961,0.0
5.023814298720536,2.345217766172589,0.0
8.067309851558269,0.5581207153404163,0.0
2.95879990946744,7.14463627405959,0.0
5.198259993741751,10.067086769954557,0.0
14.866246769000195,3.6104008722545124,0.0
8.69889174567214,6.057182384695383,0.0
8.518291664855623,8.586762054200562,0.0
9.711020412172335,2.674901062366192,0.0
1.4509342125739595,2.0612173942199163,0.0
13.990552738866697,10.022423082781417,0.0
8.962371808310133,6.699302223934976,0.0
8.352420721609521,7.739386821301395,0.0
5.171854020493925,1.996224859288132,0.0
14.93785895703016,7.465898447526549,0.0
7.699122111309691,8.04512310996752,0.0
14.472125243955576,7.850926192567164,0.0
9.959415299305357,4.2044834826608755,0.0
5.300130046644394,4.10818699982446,0.0
10.657438843288286,2.125750147657953,0.0
8.81326559460395,3.337135315310529,0.0
3.007361007085326,8.117351007191125,0.0
4.6278856442671925,8.807380845152242,0.0
14.518750809622315,3.969155172841238,0.0
2.0451428174536384,1.4355108619178365,0.0
13.163182074276168,4.492573519892037,0.0
2.1790104218570483,2.5462486720325628,0.0
3.6045627094153034,8.886043422388198,0.0
4.129299155343551,5.252970746583904,0.0
14.144946017210419,8.608885026394633,0.0
11.369623218528167,2.350417017840654,0.0
1.7352829956114533,3.9816461168147677,0.0
12.402897307547484,3.438372266696759,0.0
4.1624411461076365,4.5202122958673545,0.0
13.24413918814001,2.30108107402098,0.0
8.6574632972964,3.914156527252691,0.0
14.033089865514572,8.279923708630744,0.0
2.8846296000342977,3.5873251066053924,0.0
9.922189392968116,5.358656642282617,0.0
14.134553891095287,10.577585650163702,0.0
6.571321689631295,1.4485930975141055,0.0
5.633072679717458,8.129278117055495,0.0
12.75803089710417,5.1488044641607935,0.0
3.0989228297995584,3.227753181755075,0.0
14.902546269627727,4.431466999434461,0.0
10.175047843483018,2.2689170542975434,0.0
2.0468281348456623,8.059767134332679,0.0
4.9975707415719155,3.996874713070798,0.0
3.9440084793428634,7.638210667589451,0.0
3.975596127350544,2.4558164654012216,0.0
1.5913345234454384,1.2345718187830652,0.0
4.132786209595592,10.453124462500286,0.0
10.438412193995845,9.954600720572703,0.0
3.237847897139021,9.44856681314696,0.0
14.623766835597971,3.0874233773982147,0.0
9.21891574418152,0.6660503438887263,0.0
3.440358897156522,8.918239652101732,0.0
3.699234840649426,8.790313341962111,0.0
6.856044486271458,4.090479892018564,0.0
8.81811324772306,2.159587831008219,0.0
8.433721884657505,6.316224903743554,0.0
9.746291781674046,5.467009827514522,0.0
1.6475572095304192,4.012591583306746,0.0
9.16832181760413,5.243668428292349,0.0
15.430621453895537,6.052124322705002,0.0
13.120167654764712,5.960554416447615,0.0
9.481721414560711,5.293659086351782,0.0
14.283243837359182,3.153598197481448,0.0
2.183233229664596,8.870508421983342,0.0
2.1239807468415046,2.2950017111811953,0.0
13.561446758261855,5.812665046311437,0.0
10.896484799237793,9.468203624483964,0.0
11.34191406112204,1.7268323244627493,0.0
13.185036036106412,4.9798963561561,0.0
9.909566142246765,1.0882008487822403,0.0
8.418652633897569,6.9507375618007625,0.0
10.793660573504667,1.120798413479215,0.0
2.808325133212645,2.1538057780160336,0.0
4.63296353645916,8.067774473999195,0.0
15.829413072129958,8.982139207769986,0.0
10.363324544806154,5.885601599705753,0.0
3.2822724554949865,8.857883431458069,0.0
1.9131416326380282,5.083950045209516,0.0
3.1976084432487935,1.5948472329902752,0.0
3.6556773714356017,6.702752912327056,0.0
2.9843844717140455,6.420084397768417,0.0
8.423411900842796,5.736971313595562,0.0
12.979239211633454,4.197954119812661,0.0
13.831775002212614,5.210286496805997,0.0
8.795592952945483,7.055724736332971,0.0
14.892277498064841,4.418384127839471,0.0
12.20689402261472,2.2391275499986767,0.0
7.045713881861943,3.9445549469390735,0.0
8.440547126360025,3.9584012577045735,0.0
5.7306529627518294,3.457117775886265,0.0
6.6991920889620475,4.21576765834091,0.0
11.546810901777171,4.485518100305937,0.0
9.380707603934189,10.04429810449362,0.0
14.405814615819287,5.433597395245076,0.0
2.4821783277471274,2.431158924375043,0.0
4.308810444977363,1.7212634343001425,0.0
3.2046578812087096,7.896626912090366,0.0
8.458533418900826,1.5809911536486267,0.0
2.5750221896633745,4.233798801847895,0.0
6.4507927185880884,7.482472526998354,0.0
1.3576907326000764,0.9360731792636259,0.0
13.979297387299065,6.166078798988519,0.0
14.29064074070065,8.678672366138793,0.0
13.557006473417276,5.2658932950574995,0.0
14.724438857072595,5.158757685324557,0.0
1.8874165873131097,5.775628397652462,0.0
2.545593754268819,3.7139491334199537,0.0
13.436858238217479,4.140469377978942,0.0
14.46943974566704,7.978407994761092,0.0
14.35465725196564,3.4056740871408335,0.0
13.489693517769798,7.211436296877943,0.0
5.164605153219558,9.90697282014855,0.0
1.6626073258454075,3.435429362286659,0.0
4.428865167367696,9.183115521063332,0.0
3.2833732400170113,2.9274625782520713,0.0
3.2772064424296445,8.647985717186454,0.0
7.641354436441173,3.6430136214694597,0.0
10.701972215719323,3.3693046404538523,0.0
6.006791426027865,1.4481944238550302,0.0
13.491066457122583,2.6943232379858935,0.0
13.294813809249645,8.091702258337415,0.0
14.599535484825784,6.772337243418894,0.0
9.774945483453246,8.88156332359467,0.0
11.318892385286537,6.800511399930193,0.0
4.349566576022879,9.702711300543514,0.0
5.8505228587694456,2.479912963889384,0.0
9.065275781872778,3.1991459751781495,0.0
14.562298600967896,4.4963785320717475,0.0
2.192727875040208,2.0891168920531884,0.0
1.994431814782947,7.444441585111995,0.0
9.681255243935517,2.4797287075900103,0.0
3.351994466344393,10.07900034893559,0.0
11.573982712767894,4.474708428896302,0.0
2.3401035929938905,8.01338348928021,0.0
2.399396812806264,2.8704026126446225,0.0
13.255829555221094,1.360866138334577,0.0
3.349734918183048,1.5390083864867794,0.0
7.3415448252999544,4.655145674690436,0.0
11.878812824572769,9.183231853222797,0.0
13.276619222011004,3.6612738233931914,0.0
3.0457365417869653,10.090256448142794,0.0
2.3030977784225626,7.492528284756484,0.0
3.9106255647679617,2.042914622127012,0.0
7.909326321709729,4.514061258855597,0.0
1.5486518402595477,3.563503413317091,0.0
4.419608950047837,4.935330377504473,0.0
9.68302464580351,-0.025911710396088864,0.0
13.868418114291606,2.7679256622673867,0.0
7.605749943449869,3.4329250272256124,0.0
13.862405315715586,8.462233733719284,0.0
14.277759108668292,5.503415329649714,0.0
13.915417163757892,2.3330477950874595,0.0
13.168352493586973,7.150066286717817,0.0
11.892935597868787,3.722954514890614,0.0
14.700220974989486,5.433434413302402,0.0
4.554434897519043,5.006117136625997,0.0
4.066744521605004,8.821421840262984,0.0
1.5732063138614145,5.612487606129214,0.0
9.852866125110163,2.7977902180076284,0.0
11.864912770351042,8.66661916611011,0.0
13.988243680377884,4.551316519442101,0.0
12.749344140569818,3.4672366999572772,0.0
9.106233569158322,5.455315610430948,0.0
4.749582871016411,4.468063532508233,0.0
1.3517731400204338,7.280799494674615,0.0
13.923562723277167,1.7700627490999488,0.0
2.8398986609049106,7.848304189722713,0.0
4.721467828107106,5.648985001723033,0.0
9.44772970532491,4.120262861512098,0.0
10.756461509102724,1.9434408938150296,0.0
8.644068054388919,2.629198774064757,0.0
12.226573514685553,9.872205415614768,0.0
10.804391920847404,2.685436821179485,0.0
4.866190564024106,5.657371131664613,0.0
4.015254526588634,2.823673889407034,0.0
9.246996353976485,7.676366893627126,0.0
4.040348763620605,2.3138267878960845,0.0
14.034999726167248,3.769800590616074,0.0
11.18217372704062,7.229741877507221,0.0
13.777499542159271,9.780092665095681,0.0
13.707497393229119,9.393048007608202,0.0
14.278918062480905,7.439523149409655,0.0
8.915644586616217,3.2690109393370377,0.0
10.761477545343299,1.774469156718796,0.0
7.628614166462204,5.799590095272205,0.0
9.649278032968288,9.659723764058999,0.0
13.581785755886283,3.096014853275045,0.0
4.460007120485187,2.499294025180106,0.0
1.784200718829966,7.2292601282378595,0.0
3.763124271514355,1.970847004138595,0.0
1.9153013854944834,1.033958151290546,0.0
4.715975744934649,2.3374473072172406,0.0
3.9297482344488444,1.4413852856748126,0.0
13.700688448327313,4.4312613498429325,0.0
9.576929243981859,1.326234183106677,0.0
13.908584681078954,4.728571002089943,0.0
3.630071117169548,3.356556718453073,0.0
2.5843535184672795,4.907035009142642,0.0
3.817280867110278,3.128845646588414,0.0
3.9168955808228656,4.78277157866887,0.0
11.21668463103688,8.019722597866162,0.0
14.270217416995877,4.792214983034788,0.0
13.56576869066288,8.896435626221084,0.0
3.0454466424278954,1.9231269419478707,0.0
4.2357279179558835,1.3213254597533726,0.0
2.2645035597371694,6.332160952310898,0.0
3.5010919130876146,2.3341349842820014,0.0
11.880718823722662,2.8002512148568566,0.0
9.342658956584668,9.943173132522904,0.0
1.4365541638819381,2.374328414902215,0.0
4.834841415893533,6.102815808593635,0.0
8.155642521505568,4.516466785351406,0.0
12.156084071760894,2.7619141646854892,0.0
14.517465932664713,3.136358438948632,0.0
6.4015962748566135,1.8907372968119682,0.0
4.585679083968431,8.094495829246458,0.0
12.693638855896264,7.026351272747955,0.0
9.480175678496321,9.683579522818961,0.0
13.708053051966584,5.380893456449915,0.0
1.8322713725065654,4.192554630540352,0.0
1.8163617840839799,3.2431502476193725,0.0
13.373895646525652,9.535756504943695,0.0
14.928272382733391,5.066112417796144,0.0
11.09753508295512,7.725671398656009,0.0
3.429602364510085,7.436099885423804,0.0
3.976421078889148,10.022237671578058,0.0
13.228105826979379,0.879152818002709,0.0
14.16513642241838,8.230288917392231,0.0
7.056211592386693,3.4817884492803515,0.0
11.153823682669966,4.590056180195665,0.0
14.341905168554245,2.8302440472118864,0.0
1.2169181049941162,8.495100303630696,0.0
2.9774988667230224,2.0909343345296487,0.0
9.361314817714744,2.698235169142992,0.0
9.238454571505283,1.715975277564106,0.0
4.709284144019938,7.772115919928872,0.0
6.11570174851558,5.814662659455629,0.0
2.646824569171886,8.211358232899384,0.0
14.03420826694038,3.538943246521727,0.0
5.1169399282937595,1.9911344445468508,0.0
11.17504357669848,8.805197758925537,0.0
8.406992421986558,5.980568980768503,0.0
13.950084282004735,2.636176232452926,0.0
6.929721333970853,7.40454276901614,0.0
2.698573331986185,1.2552495083571051,0.0
3.850622815398024,6.767152693168504,0.0
3.5235795598606128,6.189317406532041,0.0
14.51084327279961,3.3247951350089737,0.0
2.2016538219165307,2.9623775772387413,0.0
12.700899744714608,2.2568026984524714,0.0
14.0291548956831,7.33695018007738,0.0
2.064343394125566,8.18157899270705,0.0
13.057432301730644,7.350021904315566,0.0
13.986468000318816,2.643901250766468,0.0
14.23898582930065,2.7204051680756116,0.0
14.241885880457406,7.305148609188239,0.0
6.719241071178333,6.704875968816194,0.0
13.858771742883617,8.928423557365763,0.0
4.612881445463206,6.2402087170163,0.0
2.4514724219266073,4.165041748047841,0.0
4.196101576709119,7.575148486059533,0.0
14.521880783767713,9.613022409499557,0.0
1.7845074209669403,8.002910763239722,0.0
9.770836871092708,8.452862740130996,0.0
9.362887499601156,6.185548661349246,0.0
14.158670951545867,4.112607621571524,0.0
10.217842744924923,5.3667167282019115,0.0
8.132274980771431,1.7387403595540465,0.0
2.1430010657315526,8.811883717397734,0.0
1.898648447029291,6.698937096506609,0.0
8.619703552227403,6.127557523798322,0.0
14.298213229344897,1.1965097435139516,0.0
8.40630505397276,5.134313071007202,0.0
14.556585188991255,3.9288479312964735,0.0
8.583410683786841,8.261668167947583,0.0
14.125268439224403,3.566651470894411,0.0
8.132725678777623,8.115139393849935,0.0
9.9671222367074,5.7355949860489295,0.0
14.461267041865804,6.794991740654944,0.0
6.816098504743939,2.57679977312725,0.0
4.878508390618464,3.5282187730035424,0.0
11.834711975672672,10.537596390038598,0.0
2.7352316610991143,5.075485800574457,0.0
2.148718590204015,3.4654558812998553,0.0
4.284322017533693,2.4717435402110746,0.0
13.634345556986897,6.025649388933999,0.0
10.141187586845453,6.221809839071536,0.0
14.03782764385214,2.3493422623041944,0.0
8.078358650018275,1.4034040052628338,0.0
12.948968425706424,3.0572752981416444,0.0
3.5071543773637015,8.873909359874467,0.0
13.11850992509423,5.881491259656862,0.0
14.056202887451263,3.925558042529153,0.0
1.800992063277161,3.084105352556047,0.0
14.26859109125786,4.916873574138299,0.0
12.916120963549886,4.306769806452822,0.0
8.45971783663694,5.49163410983407,0.0
1.5051267731991145,2.6797165400708494,0.0
5.566169210299637,2.9831259130755527,0.0
14.43810199081639,3.285923832153974,0.0
14.316433509477319,8.380149400281319,0.0
2.191841375410219,2.6920985407159597,0.0
12.657168562900804,6.258635572830412,0.0
9.321478993391608,2.0049752330814647,0.0
4.143082048813227,8.659329035237155,0.0
7.707256892547006,9.262570079082185,0.0
14.515763116846394,6.694499285686779,0.0
1.6003257084169944,2.924249938690891,0.0
4.063354413357842,2.300844182586817,0.0
4.4959146101955065,4.430254644716863,0.0
7.869691602107391,2.9427893329937493,0.0
3.757003629243388,9.87732190963484,0.0
3.375105911397158,3.7759836413063113,0.0
4.549227253649325,6.456591220530793,0.0
4.860098608335212,2.081722530547396,0.0
7.892294914465469,2.4311103796000983,0.0
12.120097465066543,3.1354370358004773,0.0
14.107193783701671,8.987248941630614,0.0
7.210504191213643,7.067753328365586,0.0
6.163818079771886,1.1635070269641787,0.0
10.819321996170581,4.552086977678442,0.0
12.666820746523467,7.991864910237797,0.0
12.257782064635563,3.654844246234472,0.0
4.597635260457542,2.280517302569068,0.0
13.79164940709885,8.105321521089333,0.0
4.291741331018258,2.7776467064741484,0.0
15.176763516069624,7.295661806367206,0.0
14.002949758183917,5.58098040958402,0.0
5.1581605148614855,2.75929574994034,0.0
13.5674573028504,5.062282972045761,0.0
13.830108741683766,9.121863130308968,0.0
9.19341140870327,7.526521552866513,0.0
9.100977362881757,3.1327878467526116,0.0
14.255803976437464,7.935264330334618,0.0
8.270859990562446,1.5926555856359235,0.0
13.844293070531336,2.073909762123581,0.0
4.056128346961481,7.826860014780468,0.0
4.502055013720469,5.51559856467612,0.0
8.422104176622742,8.31707919593196,0.0
13.781091797679236,2.0575268658818517,0.0
9.796726325076941,2.7872933646670965,0.0
9.836458544810819,5.987362761140812,0.0
12.356339052255782,0.8382096215950607,0.0
9.500453844309353,8.261893800725955,0.0
5.250823555806288,1.9218045641422563,0.0
4.714464264496134,2.9661600305328113,0.0
4.4524453651284555,4.299487988244599,0.0
9.543653470863612,1.8305088953062074,0.0
13.932203954843175,2.9169209855350795,0.0
8.53960787261439,1.7363352014434479,0.0
13.642857688155495,7.4206603759160465,0.0
11.78819251775741,1.05352277372292,0.0
2.7153260051967374,2.1423442371136145,0.0
3.3208746718616657,0.8487348769994784,0.0
4.255337632508252,8.960661297494589,0.0
6.342003216439364,4.353110176029105,0.0
5.15341982277199,10.293234362197252,0.0
10.424110723399924,6.181052255139433,0.0
2.3571050340465,3.638335730672164,0.0
13.203015600784058,5.347523979397127,0.0
3.4652749607492774,8.623398879860897,0.0
2.8250837162037037,3.2974183501975163,0.0
14.072135092804743,6.553428663243427,0.0
8.2470154886505,7.710843347178927,0.0
14.668124391699465,7.664413442819346,0.0
10.874315772822799,4.292470930677341,0.0
13.324856741997792,4.851732341362753,0.0
13.507354244264043,4.280765375304395,0.0
7.738556517169936,1.5509555546802125,0.0
3.404263217360761,8.152184770490281,0.0
8.91850771384661,9.077516068203828,0.0
9.425640180163391,5.43753816488994,0.0
12.629684869918838,4.883496065583098,0.0
10.257898263682616,2.2232125106869116,0.0
8.149002063404758,6.927669154029954,0.0
9.37371047156317,7.646140133058869,0.0
9.58258811355855,6.117723013643509,0.0
6.986907498953679,0.627544593693619,0.0
12.317656610320812,2.165001276734666,0.0
15.048994169655437,8.233614612222938,0.0
14.95539576660209,5.577035962826843,0.0
8.274122421947876,3.0749173840159045,0.0
6.248776674676756,10.274770764988155,0.0
3.8602432049677855,2.4938255128771454,0.0
13.29136337445891,2.9080145661221883,0.0
8.317973457644252,7.6812737979638905,0.0
14.58223315111616,7.501337520797481,0.0
14.064630572528321,9.207208028738876,0.0
2.7474354331386173,3.3311908766120517,0.0
8.471267201358513,1.165217874410998,0.0
0.8976045938950367,3.921068431558253,0.0
14.22604700118685,3.47746412444089,0.0
5.475161861946205,0.9290150279617894,0.0
6.554440122809138,1.3521588031473888,0.0
4.203611702693486,3.0589304177328973,0.0
1.8903384943531707,10.346840550171848,0.0
9.138186184102064,9.1756779783447,0.0
9.140717131054403,2.089121742583439,0.0
13.063748372382516,2.5946737728793594,0.0
13.040841463943567,8.61311406054466,0.0
10.006970164213023,6.965876223042891,0.0
5.16140219236278,2.695412134002191,0.0
9.256155209108979,1.1854498643036238,0.0
11.006265983135314,2.1014096029150124,0.0
14.555365949362574,5.20602379239711,0.0
4.022757811886094,7.598000463467051,0.0
3.7592643442282445,8.626690449650258,0.0
4.496920108724488,2.924017476861038,0.0
14.76877858695481,7.82799289714065,0.0
2.5458366287369576,2.1708631004756542,0.0
9.10739116943767,3.73945792015426,0.0
12.418361650308226,6.142876674193403,0.0
14.231363636231386,9.253233119568891,0.0
14.391805137429529,7.870728134204256,0.0
12.951422688420104,1.7489406991405458,0.0
14.048654374809155,4.87347416288255,0.0
3.268647462750068,7.410836754390543,0.0
1.8739834971860074,5.879155323464594,0.0
4.1783668018529205,5.4179907730705255,0.0
4.033621270214568,2.832889408931175,0.0
15.046741037866484,5.897604666244267,0.0
13.113328454412391,8.97946537934947,0.0
5.641855896098479,2.2678483642702454,0.0
8.457702033480533,2.438498443800718,0.0
3.493675860208108,2.346713748079722,0.0
14.693112146430423,7.9816263908764915,0.0
4.590223875287681,8.50475511741094,0.0
14.503309153711973,5.132516228944546,0.0
9.844566934595385,6.326051722289938,0.0
10.644343995538831,2.961704192056798,0.0
8.87358637840166,8.5022999617803,0.0
14.53874259260923,9.722936206851635,0.0
15.076558563625468,9.678254241868709,0.0
2.786778099538486,2.441468175745432,0.0
2.811214660044226,2.8312889625378284,0.0
11.87647210387402,6.64395164112245,0.0
9.584957092111742,10.378842118376935,0.0
3.854049434104902,3.1292790898225333,0.0
13.04247418782689,9.90272440301186,0.0
7.42404877888323,5.548387742905384,0.0
4.408714509157133,9.446990249286772,0.0
1.4844891857742284,5.86874166722367,0.0
4.599466856002082,5.441131710141171,0.0
2.6049102312250705,8.321426833104926,0.0
8.784881301931307,5.928004949314469,0.0
2.20177807021804,3.5167817466723696,0.0
13.618910202749046,4.254257739710671,0.0
13.287605946971485,5.62223280740301,0.0
3.0200883048940534,9.507836665800694,0.0
1.6309979878390348,3.731807236195059,0.0
6.229232978461657,1.4640236058776148,0.0
9.06115438040169,4.534716584803086,0.0
12.15455729396627,1.8989695070975157,0.0
15.169728461199917,5.078510514482163,0.0
9.229986723699916,4.771812526170075,0.0
13.209639112653889,3.5280158371212096,0.0
8.979482130524907,5.707809440333993,0.0
7.759038535251406,3.0260080426957536,0.0
7.699064102747243,3.344055946923163,0.0
7.674683840431121,4.941997813864117,0.0
7.1888895737399015,5.563884332159415,0.0
4.182505523195619,3.2004601132431314,0.0
13.593001267634248,6.280838049413473,0.0
2.314910403493057,2.8809187284385636,0.0
4.33054995503596,8.201495378139676,0.0
12.664255819420799,2.0421693138277073,0.0
13.934379103667805,4.626377825064758,0.0
12.402976077219442,1.5541720348503199,0.0
1.8854690141553203,3.148126860302986,0.0
15.279842108841837,4.842425667287607,0.0
4.603271618041056,3.830520147820701,0.0
6.842577361167719,7.895219217027817,0.0
7.532380188738096,8.732153482783326,0.0
11.730346762275405,9.503737829800828,0.0
8.903468742412763,3.7321201711470633,0.0
14.691283833420957,7.347555872422946,0.0
8.4471812949033,4.390641318745094,0.0
14.41106569216769,5.611971412504245,0.0
2.098021254785101,6.775325564632553,0.0
14.734711416900085,3.108768567361228,0.0
13.948150996659615,6.972458232070799,0.0
3.4114748087106683,2.5285137965127285,0.0
9.546206237206698,1.6829038878323412,0.0
13.251046041454583,8.50978563650979,0.0
9.095833748944004,6.210609763584366,0.0
14.447153565372297,3.4269721260456665,0.0
7.818697022083075,6.2862883592508485,0.0
14.289453267791243,4.414008591844619,0.0
3.564133391183747,2.0711534592124026,0.0
8.602125041050588,5.328546875733199,0.0
14.382221077217462,4.325718363583111,0.0
14.562120623554588,9.13146239798664,0.0
7.153703790783248,9.049790641206739,0.0
2.698846624554438,9.447440948254279,0.0
7.271050050671484,2.2152866989219415,0.0
4.457748597152935,6.6900061412884355,0.0
4.636137941591964,4.194765120971927,0.0
9.312071878798275,7.228932490685971,0.0
8.510149618157095,5.574915685653064,0.0
9.701918710088073,8.738472399242,0.0
4.879324878063713,10.209336913342113,0.0
4.241868978977382,4.335669561763678,0.0
14.447818286837736,3.580123660414186,0.0
3.702905358256059,3.9010489639699313,0.0
10.079202856827953,3.2116204081000146,0.0
10.612020803510925,5.307342595186496,0.0
8.575490268390395,4.548233555657497,0.0
4.9939768556940125,4.1394427561725005,0.0
1.7426046823488346,7.382328622552247,0.0
14.0768974304581,6.065490142133714,0.0
3.1188426323699465,10.03565396091759,0.0
13.811371129698527,5.66018015132355,0.0
14.104151713902368,1.9244349152467461,0.0
7.801395589098743,7.201159556000016,0.0
4.317599907538326,1.3369420580604374,0.0
3.6392914183556693,8.325166470877805,0.0
14.244091330007018,4.74418611293763,0.0
2.6349552051852885,1.4889203696514524,0.0
9.3248975680246,2.726724943071891,0.0
8.977720343394505,7.6757469995731995,0.0
9.664419258722052,2.9343894632004006,0.0
13.282002536058254,3.4623140892885225,0.0
9.30290249144188,1.5855377871690481,0.0
8.806044696699246,2.228959581066435,0.0
13.772866979326546,5.903192682947398,0.0
9.45883832537144,1.517063199672376,0.0
9.163638958217632,8.091169065950837,0.0
1.4598035855763603,3.30718865653597,0.0
8.76686529039143,4.26013757667027,0.0
15.264953241771064,5.074161181718117,0.0
2.305736587267952,7.135249181497694,0.0
15.510011133742307,6.281455931466979,0.0
14.399098415897319,4.4650092864793605,0.0
7.91332443491887,0.5681454237929082,0.0
6.3806754422101895,3.1370306377738393,0.0
3.1686036044695065,4.836286883956811,0.0
12.272662803472583,10.58600688909209,0.0
13.360647121888567,8.51600535176509,0.0
2.8497295047632507,1.6722640631189802,0.0
3.577289060936049,3.890424658893279,0.0
1.3591567659377901,3.377983333900917,0.0
13.623740704053684,4.833953625961538,0.0
10.973069183702707,2.952360650505229,0.0
3.105008940911139,2.3947577480213265,0.0
13.982949663621998,9.51468152303975,0.0
14.473347606020171,3.069029040406438,0.0
14.608158519261929,7.594017982679027,0.0
13.398815195552462,7.588171665815417,0.0
9.168514649269829,1.8348154096612008,0.0
1.9253949444021994,4.767213356850425,0.0
0.8723052378534605,8.201742141819452,0.0
3.8751516351331676,7.610477106633681,0.0
2.494846597060414,6.887237165740443,0.0
4.371754015443919,2.665778271539618,0.0
3.2495117921563637,2.890198964461561,0.0
2.381032352652208,1.6804713547450971,0.0
1.681920228355419,2.484280139374431,0.0
1.2315870521894294,8.678581465377231,0.0
1.4786015683664255,2.168465141424885,0.0
2.0286684936629866,3.7677405905361914,0.0
2.738958732702888,4.012713117712773,0.0
2.422152628691682,7.491854038827397,0.0
3.2737241316623353,8.645376440496896,0.0
1.2205443171851278,9.429283768472207,0.0
5.799482225051804,6.861649168387571,0.0
3.032282700659756,8.848639279927133,0.0
2.7835058049768424,8.705907342972942,0.0
2.6792151614607427,8.114843424658226,0.0
0.6008264762986264,5.823137344313398,0.0
2.5578951180512015,4.399293018592159,0.0
3.654702160520085,3.688578039224549,0.0
3.3224242650195093,6.512112150508681,0.0
2.6047679365708274,4.353451124058736,0.0
3.7909281507380137,5.958393340414228,0.0
1.7312452899840314,4.176095441573448,0.0
1.8154111887101085,8.768137525180492,0.0
2.461750994705534,6.586982492356955,0.0
4.611486474709344,2.4277640850549593,0.0
3.054354075294313,5.379569618270297,0.0
2.298526335015287,3.7257328300538517,0.0
6.977304862408719,2.8625229277595072,0.0
5.510817762458003,4.17916423155477,0.0
4.677325219935744,3.193447719352945,0.0
1.68019152597968,3.5012324830700994,0.0
2.846907671869595,3.287434039573738,0.0
3.476640376235659,2.355830251821943,0.0
2.0007549172838535,3.969713955055748,0.0
5.859920018269906,6.185755659941817,0.0
3.353191667925685,5.2572981629671105,0.0
1.4304307938486855,2.9991012868010096,0.0
3.492506511328078,2.2919509824148774,0.0
3.9423672385770954,1.6754823279681341,0.0
2.81106110132715,2.580669611641056,0.0
1.634696992382317,2.4854345560271356,0.0
2.9203926623592125,2.0455245808669233,0.0
1.972134284211913,2.4016318011099957,0.0
3.745157716197374,2.275270611589522,0.0
4.5497517229290665,5.077701020495301,0.0
4.732415200212339,2.207183950634676,0.0
3.968479177646536,1.464146636166207,0.0
3.2834029220842846,2.688438775729441,0.0
2.2850667390850723,4.751312254058239,0.0
1.81477740964161,9.658551603208132,0.0
2.1422828221136325,9.230926798892128,0.0
1.7864170414457994,8.04250010512298,0.0
3.114324544734974,8.961913958621436,0.0
3.7279487012476498,8.377974428368972,0.0
3.793643630579425,7.336705757310175,0.0
1.9839558878930614,7.400279771491533,0.0
3.3239290083149897,7.005886416976908,0.0
2.313602990473184,8.808322264097917,0.0
3.822864398271829,8.357700371305253,0.0
3.1160552974997886,3.832335545043672,0.0
3.478419810975149,8.478147295983264,0.0
2.808930648622178,7.148170700806687,0.0
3.5407021985265077,8.346131728875688,0.0
2.988479485939084,8.321461991416669,0.0
1.0575720773575814,9.055009654446014,0.0
2.337016464713302,8.628625448120747,0.0
3.12251826147408,8.914748958012721,0.0
3.6999662139981067,9.958126361955724,0.0
3.1731542491908384,8.264157485852392,0.0
4.155958481616979,7.226372080835054,0.0
3.915671380564319,6.8195168358841585,0.0
2.397074086885347,5.761817488508097,0.0
13.137590155433262,4.159822887632519,0.0
15.292181667068656,2.6387848793908306,0.0
11.636208181500663,2.9638231152715644,0.0
9.120961027855603,6.113821765284081,0.0
9.404743332064204,2.3228144356566567,0.0
10.027116071670875,1.6385075809465999,0.0
10.059199720603273,1.4763092218094733,0.0
12.768063026518911,5.983664375802298,0.0
11.54622141960398,2.547127949712578,0.0
9.194239953128214,1.8359447726835694,0.0
11.271345960944252,3.5367702294682206,0.0
7.744939807155948,3.580325666570919,0.0
9.808165739384233,2.4070447113504168,0.0
11.378751195589865,1.534757670418537,0.0
11.123788461867044,3.1047298713726077,0.0
14.587221146979722,3.6993314192924793,0.0
14.472268181524699,4.6939499634437905,0.0
14.692720158245988,4.296069277658245,0.0
14.449404288450449,4.4094027021346625,0.0
14.17628596216559,2.6639218323527007,0.0
14.782519769042176,5.311489636134159,0.0
13.47905270754574,2.6642154254417383,0.0
9.914845301906675,3.0820583706053606,0.0
12.849999900535831,0.10000007499266264,0.0
12.20107603279504,2.652064510785305,0.0
9.343394044632337,4.413597465559817,0.0
9.326941591104438,4.299257880560011,0.0
10.197147323604156,6.033057308829825,0.0
8.839498101881274,6.512808657815662,0.0
9.085470381734055,4.603117628684535,0.0
11.937510926187807,5.361715911010929,0.0
14.834336907790107,3.2709596216360306,0.0
11.681805759457017,8.301216761845394,0.0
9.866688696534029,5.577438023809572,0.0
8.253425343773818,6.174808411758439,0.0
6.755372887131352,3.7811490969914265,0.0
9.652001000779752,5.878801024504718,0.0
8.175121121536169,3.976258327323791,0.0
8.997661452340635,3.0455154897388175,0.0
9.714425886840992,5.644811535412144,0.0
10.829389764279348,6.055172038573889,0.0
8.630377685426518,6.923442134412824,0.0
9.923452448714407,6.766141625878591,0.0
9.140687531795018,4.3243771909295035,0.0
9.417015960132186,5.885718251725747,0.0
8.589717024143036,3.2145131527185318,0.0
11.875754356285448,2.73725268120367,0.0
11.819809071678318,4.547077786314555,0.0
13.007567983081735,2.2546352659475515,0.0
12.309402596961718,6.875071292959354,0.0
15.073170196727258,3.286227369563758,0.0
14.30321876315272,3.5403836293984,0.0
12.720883677004569,4.310718349176955,0.0
14.129646440454062,3.2696601203252733,0.0
13.851405548449275,7.577374643111534,0.0
13.91606956337431,3.962170772617076,0.0
12.672071302199585,4.099910228859843,0.0
13.369225699041127,4.253495713738155,0.0
12.686365853027379,3.5222661599654312,0.0
11.449225540536098,6.043961535003763,0.0
13.901690832117525,5.626500207953128,0.0
14.715851863596464,6.149892410570645,0.0
14.443817205869259,6.285201806485656,0.0
14.83442089887037,4.715090845829625,0.0
14.562471694000738,3.7535744375675217,0.0
13.545826618685714,1.7554909098007134,0.0
14.414253861864438,5.114512400030683,0.0
14.411608283501351,6.260472314540237,0.0
14.774876165648122,3.483796526124383,0.0
13.255531632043136,7.390971435601452,0.0
14.79379597399862,5.9858660015471745,0.0
14.149699381914328,6.265562091157935,0.0
12.13980355075578,6.115877476468197,0.0
14.616463540280378,5.986118246900649,0.0
14.211710429595282,3.712990471249257,0.0
14.497837061527692,5.660896634081466,0.0
14.866869606077808,4.769706092839866,0.0
14.523826476250738,3.980647259558283,0.0
14.404780464810772,8.695850816634373,0.0
14.471936329093198,3.410112827755852,0.0
14.510517622590191,8.156737675819217,0.0
14.591826043683021,6.082991013511936,0.0
13.069352708412502,2.2467411659926833,0.0
13.642625908058232,2.043999687102054,0.0
14.340856422002949,3.19137937858338,0.0
11.666314832245174,0.7896072426369546,0.0
13.129891314552273,3.1295242025502934,0.0
13.690279183959674,1.799071256509405,0.0
13.235862165985992,2.6306086633041765,0.0
15.028433288210067,2.6670101323640196,0.0
13.34574454084959,2.4959002383020255,0.0
12.044278262026658,3.2036319967199387,0.0
14.797610047541765,4.365498664425436,0.0
13.846330225494277,2.9928878649227912,0.0
13.975086312205288,2.9327254155065527,0.0
14.522516761250339,3.0775736378889564,0.0
14.184502580610774,5.630421013723772,0.0
14.160545778016083,2.018234101816777,0.0
14.597696780841872,2.6995531922405553,0.0
14.865917307139618,4.063882903303351,0.0
14.769105143927467,6.85206059922829,0.0
14.698339265344307,5.0912737162067625,0.0
14.339366534788997,4.664011881175282,0.0
14.389570672244117,5.523513983095907,0.0
14.432758961486094,7.6749178415799655,0.0
13.33993306109129,6.458760647014188,0.0
13.716761391531888,5.016367895357773,0.0
13.635868692378079,7.066594292595331,0.0
14.026507458362957,7.141442777638879,0.0
13.62848800520153,8.981490552023544,0.0
15.279613533541452,7.2517725524552725,0.0
13.382613575322997,8.403166414510732,0.0
14.177940460677542,9.531191788879385,0.0
14.243744453784412,8.429411297315747,0.0
12.810309856434753,3.402104369518989,0.0
10.25672251905155,7.5363138284427045,0.0
13.37238522385929,5.707654323085269,0.0
13.280105110716532,7.028129055402274,0.0
12.924907140420144,6.212827661111593,0.0
10.902847443513734,7.20749290355977,0.0
13.782597180932003,4.761017642791401,0.0
14.798955490518868,8.2768287384506,0.0
13.768011928569214,6.629911209681543,0.0
14.408636398254437,6.755257589958365,0.0
13.576088015688857,5.080334712125304,0.0
15.209039027736061,8.351585962642616,0.0
14.585382858899083,8.294878231448823,0.0
15.408036177174424,9.523658932564244,0.0
13.67135614064567,8.772751903931162,0.0
14.482131309909626,9.121494908840605,0.0
14.603707812220907,5.460385791221333,0.0
14.82896476438271,8.753908177230947,0.0
12.915839155397562,7.134732382240614,0.0
14.403551430735018,4.897359272125841,0.0
13.14670914685408,6.288221320829367,0.0
14.302243220590984,7.485978723216035,0.0
15.121309157026275,5.94726409506189,0.0
13.932975171211767,6.57023233236924,0.0
14.47822069832135,9.837677031188317,0.0
14.648749706492453,9.327450646724099,0.0
14.56138798929444,9.058336982474891,0.0
14.145058938882256,9.740368914740891,0.0
14.386118116251321,10.026321758366372,0.0
13.939713125286922,8.003890092231922,0.0
15.919712652846691,6.934186402502393,0.0
12.849760721107245,9.197840325380099,0.0
13.521874734018866,7.2054547199535985,0.0
14.881951537991329,8.8032881159778,0.0
13.930634751278946,8.744035928698938,0.0
14.235045763955204,7.202697684068144,0.0
14.684559238355009,8.5128617370977,0.0
14.623647582951264,7.216578774399444,0.0
14.443799270478511,6.516060609520591,0.0
14.873637073714782,8.423315072578514,0.0
14.030920260352284,9.581467925600627,0.0
14.001460138148182,8.842756510217251,0.0
15.003161457644044,7.618368443603321,0.0
13.997567270661376,9.344124866912487,0.0
15.54525578074024,7.6353901910540705,0.0
13.740373582910962,6.797274956797996,0.0
13.272827258317024,8.776664139312825,0.0
13.492277452079653,9.887593044168362,0.0
15.86149709888496,9.436801147697915,0.0
13.083407837384005,9.676946825958506,0.0
14.528022575767318,6.4119332793350345,0.0
14.411357678388697,7.422705784517215,0.0
14.205864760745369,7.891466311034946,0.0
14.527346981322701,6.740631663411132,0.0
14.17195034901896,7.048288214425108,0.0
14.657858800961531,8.841908950383425,0.0
14.828892044367958,8.308422515089806,0.0
14.188582242986987,8.497250339007676,0.0
14.053569831506932,8.722341733228028,0.0
13.892565465536556,8.376783989917456,0.0
15.210893843715278,7.990317884697878,0.0
15.179563718230721,6.302030335054057,0.0
14.932094289575092,8.823339559444024,0.0
13.221616080470042,4.291196966616262,0.0
14.901510928763805,7.307016253812261,0.0
14.28973506531856,4.375094301604079,0.0
14.914571156978639,6.100066176346802,0.0
13.94305634118687,3.6792385382890673,0.0
15.305540703376684,7.3768168296571845,0.0
14.760931889770355,8.176119969436364,0.0
13.807651863128012,5.774892451267646,0.0
14.048899003712618,4.564936538419507,0.0
14.447332643235784,4.403937195181559,0.0
13.7521282709334,3.702918580260366,0.0
15.156590167612956,6.535144688002226,0.0
14.67199192411631,4.145233443137713,0.0
13.758028834070323,7.100903819145566,0.0
14.204430661468546,5.494562196860683,0.0
14.870060014407823,6.281649154693084,0.0
15.47018813413177,4.543231337715018,0.0
13.558022496493237,7.0404998849284555,0.0
15.200340449857393,4.835940050612631,0.0
15.447947500342604,7.558603363677108,0.0
14.977124461092693,6.924205565778958,0.0
14.067948088502487,5.0023092031757495,0.0
14.025105219010216,3.127147018667758,0.0
14.09541142175461,9.273176227962555,0.0
14.281683293989879,9.743551771484706,0.0
14.075488952409838,9.642448892815027,0.0
13.781946468825275,8.40181665064813,0.0
14.365509040260854,8.675042406894246,0.0
13.882377095030142,3.877974552918282,0.0
13.784507221003713,3.3075599506696483,0.0
13.180379805708082,3.6446470710194703,0.0
13.682626161792427,8.768528285645157,0.0
15.054058660178459,9.256050212043053,0.0
14.561562105867717,8.008763653738255,0.0
14.986942244753653,8.059956722666017,0.0
13.709286316079083,7.574911217014262,0.0
15.143659068264517,7.851528470342069,0.0
14.80666229946463,5.186578875610433,0.0
13.320729535578645,9.0348401319494,0.0
14.902237907632337,9.277242480724247,0.0
14.470496277551023,9.746588379023237,0.0
14.311017432016985,9.360188955311006,0.0
15.033031195019369,7.900183361447764,0.0
14.17269880952103,9.345547564917231,0.0
14.287717999346231,9.029056262418116,0.0
14.322479827054956,9.236849191014922,0.0
14.589641901185923,8.304977706857663,0.0
14.2060089426372,9.470637004974556,0.0
15.811262256519305,3.9198839015237077,0.0
12.852928588889151,2.0945349230640575,0.0
13.762006403144374,5.850609750585432,0.0
13.393228955997781,1.5525071030428812,0.0
14.326088208076854,2.7071683405883222,0.0
13.44171803382549,1.6239124087570678,0.0
13.03550617656829,2.8055637721311615,0.0
14.288459671364034,3.882159461950766,0.0
11.849908935686097,5.094914548690829,0.0
12.179436540105325,4.860700410659786,0.0
16.292591266691016,8.301645211128184,0.0
15.49605690929925,10.09861085483694,0.0
14.279182741246483,6.552710687070601,0.0
9.779564897784295,6.292219002557871,0.0
13.654567832664199,3.027382947443232,0.0
12.892317972969785,2.1562508414265147,0.0
14.078618487138536,3.1647384116842385,0.0
10.73790968469765,4.697409011147362,0.0
13.813812012182742,6.5026693649731335,0.0
14.487158176688329,4.700339135395472,0.0
14.290830067780828,3.9094382727835315,0.0
14.820966455760821,4.80888953998302,0.0
14.839432472036108,3.4061629184981963,0.0
15.445410197135038,3.1237489565603003,0.0
15.860529028348381,3.5353363547922867,0.0
14.19542676494142,6.109162601198609,0.0
13.899915979832222,4.928464567666075,0.0
14.373400154103319,7.294436551127709,0.0
13.607198363134094,9.284598639242303,0.0
14.850097732697602,8.149212601032605,0.0
13.991109300831896,7.480326976295039,0.0
13.95281293764827,8.589198125647064,0.0
13.870551644030941,8.858718086760328,0.0
12.685125772216727,10.200648903174713,0.0
11.754720340178743,7.8485153131033005,0.0
13.237029840168027,7.887603028976608,0.0
13.90252877921952,6.558188945280191,0.0
13.539927206660277,5.09139314794065,0.0
14.390116181019229,5.92323208559226,0.0
14.394308897193659,6.615319511135507,0.0
14.324344107634536,6.009653947632989,0.0
14.447611493035366,3.951850015485536,0.0
15.11791255958097,4.454632634700546,0.0
14.617876892252198,7.287415166874938,0.0
12.701117605541054,5.663211184699565,0.0
14.12658530050022,5.885297644115901,0.0
13.896451266231772,5.252970911462805,0.0
15.357733666501359,8.644729174968159,0.0
14.36188311332553,8.822305476430785,0.0
13.13310222880248,9.061165902372204,0.0
15.372149154228568,8.495283023664097,0.0
14.864511132241642,8.530071850740136,0.0
13.849252758195798,9.122124980839033,0.0
14.913097806687965,9.044672804897084,0.0
13.66088640702668,8.93191840948825,0.0
13.910032692647356,8.845781354268254,0.0
13.527421676808007,8.484743643625698,0.0
14.414533269223044,8.22426798748186,0.0
14.282590447484983,8.795946217920774,0.0
14.689558372872073,8.35874543945022,0.0
13.23413611923954,9.700549352805417,0.0
13.174742673546282,8.9889043832785,0.0
14.129380298743746,8.112249920419174,0.0
14.589399975822623,7.4317540795226344,0.0
14.181023237753699,9.476178757946109,0.0
13.843849701796923,9.533306015325778,0.0
13.474271377023198,8.37665733361407,0.0
14.890402095766003,9.062555569645903,0.0
14.966924799123072,9.479065122568056,0.0
13.250400629361977,9.23719647830622,0.0
14.613161820915842,7.835606210805478,0.0
14.486979865798997,7.541955216065407,0.0
14.452556504325411,8.862458216305791,0.0
13.347688989855303,8.586621635473737,0.0
14.48875660049351,9.237802758884706,0.0
13.94429161440387,5.575135857570756,0.0
14.711581216582196,5.93900770203391,0.0
13.78737304956294,2.5032014228909745,0.0
14.853861206286792,3.3036804447467976,0.0
13.920383516314706,3.963227231045314,0.0
14.58534796396481,3.3403558067147086,0.0
14.54975500511102,5.490050097189565,0.0
13.67585265189755,3.8094463142529884,0.0
14.528776016510562,3.29092063521286,0.0
15.576062342403755,3.614040180238879,0.0
14.563762047967392,6.108875209135614,0.0
14.048157411092385,4.144582250983051,0.0
13.582710911724174,5.267323052534277,0.0
14.331051981845027,3.8864355898886824,0.0
14.015082046942066,3.598311611824716,0.0
14.260105002038962,5.85531820628025,0.0
13.846493454161402,4.918483983051511,0.0
14.453407078305936,3.8658853308439927,0.0
14.331758450482683,3.186165263240691,0.0
13.891996371678095,3.81153682107301,0.0
13.596075581840422,3.6340120463974945,0.0
14.390622199553887,3.0741190230902413,0.0
15.055618539256054,5.215624855135133,0.0
14.937406463817066,4.752883583173287,0.0
13.806664165779809,4.626311952670375,0.0
1.8669726536551023,1.028114866110742,0.0
3.663773977972978,6.499521705824318,0.0
3.404551969591881,4.992539254057854,0.0
1.8736644104199247,4.2307037597197805,0.0
3.5604864160988594,1.8484276049534718,0.0
3.2606164053740927,3.860268467385438,0.0
2.8760503184076622,3.5537517350408105,0.0
2.5968696952443544,1.1271324476399265,0.0
3.737665988868204,1.4715400358867474,0.0
6.689250323304376,2.2824830503783464,0.0
3.988155537590555,1.1520897960950074,0.0
3.2448810858456465,2.4862540491216514,0.0
3.2297984021159722,0.8526158443497742,0.0
4.464414748035599,2.316229671837829,0.0
1.8092931945598274,2.0104768566691598,0.0
3.8239357026980825,0.9744264343289826,0.0
3.8383371726934423,2.8007687816978586,0.0
2.431670722477398,5.519019125644495,0.0
2.258143595945091,5.382540262455365,0.0
2.9589030034486994,4.618421177657252,0.0
2.5346027348771,6.310088193727149,0.0
3.127568725954756,2.665348359043316,0.0
3.688603966289609,1.555994787429339,0.0
1.8472723158272082,1.1906432948143035,0.0
0.8961559477045524,1.204741176477105,0.0
3.469588253402753,1.2638581750207791,0.0
4.127075055290631,3.0489414377191455,0.0
4.6069111666840925,2.751361522958443,0.0
4.021874971402447,3.371191265597518,0.0
2.2228754674614764,3.9462070871704675,0.0
2.987730520911465,2.867598388061187,0.0
1.4784711215129742,8.510481541462658,0.0
4.056008602039444,4.360854265703595,0.0
3.995193663273679,3.3593553054374987,0.0
3.677592971885157,4.166991246363997,0.0
3.523660775721184,3.8195286761887273,0.0
3.583551679092372,3.8937829231301504,0.0
3.8334655725877527,3.7528826834998688,0.0
5.129200065836338,4.886172592081183,0.0
4.660048278861769,5.053710835881471,0.0
4.381278457426625,2.7133112578609486,0.0
2.6682543405130805,4.045897262495855,0.0
3.3320940866959368,4.310850522027231,0.0
1.6208417585105988,4.276855262768053,0.0
2.2835727168722944,3.797242430185296,0.0
4.606244708740075,3.404131936405176,0.0
4.8757893909800325,2.594386397461957,0.0
4.909113407464034,3.0686683324230204,0.0
5.14974361012247,3.6929994148926326,0.0
2.835517634379645,2.1280728123015287,0.0
4.637772580665628,6.559203211131586,0.0
5.267757883694063,7.934917657513884,0.0
4.575960095262541,7.683451822717909,0.0
3.058500648941934,7.566722298821273,0.0
4.9122393320423425,7.303402317830194,0.0
4.993243071166677,7.307880415743681,0.0
3.979557636838003,4.80466347462961,0.0
4.473816757177863,6.897469783675126,0.0
3.4311696792582596,8.98622480553819,0.0
4.397646601903032,5.807135892513006,0.0
3.611135920941763,7.049395198360964,0.0
3.894821409611,6.5990670894635635,0.0
5.45137868529921,7.227446409655521,0.0
3.5177750934202106,7.670683543693729,0.0
5.30335685599777,7.469168777160105,0.0
5.0435607601005445,8.758863856419067,0.0
3.156201465668139,8.432078754679374,0.0
2.9844993789770253,8.66391404724471,0.0
1.8235609803964552,7.236324177590212,0.0
4.7821389159104815,7.6544269767001065,0.0
3.7892222281846113,6.9368121745288605,0.0
3.884578269817349,8.093604574043214,0.0
4.207312131645624,5.375540228327038,0.0
4.243052592069707,7.127443977782436,0.0
2.8065440432375564,7.852378319663294,0.0
4.09638692819058,4.353843937247978,0.0
5.462296262312348,4.607984510998448,0.0
4.4382449244267175,4.949979797886917,0.0
5.329064711797565,5.247634039226026,0.0
3.985516427876335,6.216409348272883,0.0
3.9613747896838314,6.123070774663945,0.0
4.073745632593932,7.48809153523893,0.0
4.25195222174181,5.262466321779768,0.0
4.287267313834077,5.45298882718969,0.0
4.506405427779446,6.472429927020143,0.0
3.284465935723078,3.640638364030437,0.0
3.6165455325639457,5.279493463492875,0.0
4.471955206307055,5.029958418430103,0.0
5.356794347574607,5.531558430656386,0.0
4.677159434349626,2.5191809977770263,0.0
5.350745292516939,4.356536305618221,0.0
5.203325051252212,5.915551569568991,0.0
3.8781557351694733,5.44404984764077,0.0
4.128800344202632,4.164574831974062,0.0
4.656883169676075,4.611649555011591,0.0
5.449753170930206,2.829090375202272,0.0
3.933443343991737,3.91952551430763,0.0
3.8873822033670105,4.652758781861213,0.0
4.7354051819764695,7.441773244392895,0.0
3.4744751863370213,4.362423042418859,0.0
7.909525986685043,1.2435380641267622,0.0
8.597333810813275,2.0146055143464006,0.0
2.803804394496637,1.7096932917096146,0.0
4.8959168046458466,2.339633400453133,0.0
2.658742229638494,1.760812740457246,0.0
2.7823384662424764,2.942550845852285,0.0
6.167762871097917,1.3376988604182611,0.0
1.4863873753375676,3.6176999885450214,0.0
3.6130655519146075,2.797297864305887,0.0
4.9193589905552635,3.7232221279672015,0.0
4.448466461328859,3.625019588404479,0.0
2.1879051045366706,3.541523056888966,0.0
1.8705701742309349,0.7700509157196773,0.0
3.811209939786354,5.861081341975989,0.0
1.0384282926550288,3.2911932256097627,0.0
3.5383565474689664,1.2159082374542831,0.0
2.786893637791151,2.550623218027534,0.0
2.007936905872065,3.027065178882291,0.0
2.687001329558824,1.321886302660811,0.0
6.056568342600282,3.819742258091805,0.0
1.9247432606649317,2.311803082038336,0.0
2.510466598238043,1.7884134572747485,0.0
3.7560807321490923,2.5307437321889017,0.0
4.028505684739248,4.99038470162044,0.0
4.208077026526296,5.679137188916942,0.0
1.6129096700383885,6.386539179256736,0.0
0.9841439534435429,7.352735953816469,0.0
2.309976175603013,6.835271959547659,0.0
2.79759014856543,9.260559070324845,0.0
2.9693752030279046,7.138500560057679,0.0
1.4394521302085506,8.494841685681273,0.0
3.137393064795539,4.548721359199055,0.0
1.1542550870048138,6.25253342371793,0.0
1.6743932435810747,7.782940114155663,0.0
1.4788774555967343,8.220070400997615,0.0
4.60983311199617,8.080185013019733,0.0
4.390266023010487,7.026130041784283,0.0
3.293864143922677,7.381987272627155,0.0
2.381769563550847,7.509789055233041,0.0
4.6310175206472985,8.17811828958546,0.0
3.1931333451755064,8.332253156247054,0.0
3.6893123961361485,7.608326051984437,0.0
2.934465554214053,8.643989921769299,0.0
4.48974227408207,3.3822507861606708,0.0
4.259241521306009,6.302131981456884,0.0
4.9749002651410485,4.083037738501208,0.0
3.788979122383731,8.073480195882796,0.0
4.525257732141597,8.019894121197602,0.0
1.1974114615319256,6.126074703088285,0.0
2.113188014880074,7.854676644571711,0.0
7.222096251633499,1.6085007743045197,0.0
2.2869986105975504,3.7558662556114353,0.0
3.5382984007858647,1.5718181842170742,0.0
5.703585619861263,3.909992651623529,0.0
3.868552154411063,1.7893319647258494,0.0
2.95016326752508,5.656142722724196,0.0
1.4608357739119302,2.469586070809078,0.0
4.723050170546743,3.4048862776129294,0.0
8.696956323862212,0.6303200288946533,0.0
4.5818644209093495,1.1857716921840098,0.0
1.9826553426574722,7.423161010913621,0.0
6.470105378552821,1.693018505425449,0.0
2.319000414728028,4.805051924007605,0.0
3.1026946097887187,1.2227882401281525,0.0
4.068718324543967,2.981971016471772,0.0
4.850000036768803,8.099999984737279,0.0
6.470640042830767,3.4729942833926417,0.0
4.782231198107296,3.854979160231826,0.0
4.959658741605632,4.313505581665066,0.0
5.530229001666409,3.769463017474064,0.0
5.965032898402577,1.1474712919424217,0.0
3.3595212492801947,1.8302228052003722,0.0
1.6932669651117076,0.9569287152631766,0.0
2.3208096992726786,2.8637070175023993,0.0
2.712996484315348,2.405857881564014,0.0
9.580321095170875,6.6878999146616716,0.0
8.291090756762372,8.535460266287057,0.0
6.894112792566269,7.6191417385118365,0.0
6.707397545576415,5.749387210800767,0.0
4.800776112061752,9.981150888830488,0.0
4.306850165121645,5.249912840266386,0.0
3.2825053169354748,9.589335278928596,0.0
2.60792631241231,9.263317036234424,0.0
8.88699984377462,9.082289385950615,0.0
4.3011229156047905,8.593932248253871,0.0
3.8917258516124007,9.39801511952061,0.0
2.3364778559142145,9.435503942531733,0.0
8.34863232551883,8.227116478713658,0.0
6.263204433546989,9.40157214562124,0.0
5.39983584632222,10.030627908676005,0.0
1.690758199702429,3.063477922323422,0.0
9.124012740701977,7.709854429164793,0.0
5.440900816455163,9.308936007457351,0.0
1.3974878791378469,9.095619613647472,0.0
1.1948217001400812,7.776161320751686,0.0
8.313384787242418,7.6101204356919006,0.0
7.655637930257377,6.992847136770684,0.0
4.400599278360011,9.602115884165332,0.0
3.340791058305427,8.063489527227635,0.0
4.573091283142615,9.506900429883334,0.0
9.573805465061657,2.262155437400269,0.0
9.264538974296398,2.191452958545896,0.0
7.48543981584679,1.122751740090332,0.0
5.909261085241869,2.967524762071421,0.0
5.891995749036161,3.251727678394141,0.0
5.8144647806552445,1.8044755054671076,0.0
3.974969919677358,3.0441779715909374,0.0
2.205647834418006,2.0208387046754623,0.0
9.290676387425602,2.547044327446521,0.0
9.826110464454418,5.532107255756672,0.0
8.550742201425317,2.77320020825615,0.0
7.595714214055541,4.630087461653666,0.0
8.326421305926782,2.4728916270809194,0.0
10.242254603562312,2.665001668090606,0.0
9.763286642257357,6.5298462688862156,0.0
10.19228618652607,2.241750382027157,0.0
10.99136084688402,2.802746910468869,0.0
9.992019702402912,7.055071974054875,0.0
11.761584919865975,1.5626980543516575,0.0
9.154516761012514,2.035302477489817,0.0
6.812936579480583,0.8317998077072357,0.0
5.1600435893716705,1.0600389638191259,0.0
5.526903350755017,4.214475945248469,0.0
4.800460559751676,1.8507784061866384,0.0
13.479056339959847,1.1574531923697597,0.0
8.031157930781703,5.103183508793988,0.0
7.833537021202977,7.865192885419787,0.0
8.792916941885009,7.913406479334946,0.0
9.406685819375635,6.877755058321759,0.0
8.9179085240126,8.56290730611481,0.0
9.96613883170183,6.490261999612432,0.0
9.927628112507694,6.744538665188175,0.0
6.82982309522461,4.674540993088538,0.0
3.682849294240322,9.496296716392237,0.0
7.665348216264432,3.910132595194139,0.0
8.800245266158807,5.899626899211627,0.0
8.978672309781256,7.870849699302132,0.0
8.440217182033097,3.320892153894747,0.0
9.326325398418696,4.81519564852342,0.0
8.543937816881146,6.6691948478272565,0.0
9.494994192221133,3.200222027702078,0.0
12.420161221914768,4.287861348001742,0.0
7.161509619462968,1.6016681663887664,0.0
9.981605499139121,4.848561967359064,0.0
10.051166280929898,5.495751611303894,0.0
9.853150704715425,6.338813080014709,0.0
9.317219390782999,6.769901341707166,0.0
8.782658283754479,5.522182422848808,0.0
9.169714711331123,4.135184210462907,0.0
9.999698597043317,5.153052264601117,0.0
9.4470148596036,5.167322996492322,0.0
8.86096176286874,7.710730442222942,0.0
8.684400872279966,9.322972255907018,0.0
8.63550058570648,9.158812605083497,0.0
10.392930037119855,6.582514022409754,0.0
9.64504660321266,5.599243364636795,0.0
7.881884948072641,6.8642231105902045,0.0
4.5234193123182935,8.683045506159154,0.0
5.164909111578246,9.742521825387904,0.0
5.590957122878489,3.546586837493317,0.0
8.955399175985617,5.578662120433614,0.0
8.671136947981092,5.865084552793826,0.0
9.079837807055709,5.055995621813332,0.0
9.393144007291644,6.33610599587944,0.0
8.826140777337384,6.612468969881628,0.0
9.482369511810534,5.990382500146531,0.0
8.629164366987089,8.370024369592812,0.0
9.042818500765016,7.084170475166437,0.0
8.944119960810399,8.845349375354358,0.0
9.188804214137651,8.038747895293271,0.0
9.456953787970246,4.989642210540226,0.0
8.827961907562765,7.799660904110331,0.0
12.387808134267335,8.66807409048143,0.0
10.391353194132662,7.450555101702332,0.0
8.258382805205368,9.812664092634275,0.0
9.732492284793821,5.478148763476347,0.0
8.500308602146228,3.846219383028549,0.0
8.873122797733657,6.481322318019824,0.0
9.2684249041593,8.093556377757583,0.0
8.292588078727762,4.3328304556123,0.0
9.850249868516926,2.0832148515681994,0.0
10.818188149413235,2.999669864540202,0.0
11.472928247176622,8.846354078180624,0.0
8.67683922709804,6.26183510125057,0.0
7.6774223810620885,2.308696053051184,0.0
0.8393170003999755,1.1097449147448109,0.0
12.819296192927933,2.2375691543350595,0.0
12.290337537264586,1.8954529052569562,0.0
9.492396874791847,2.5626577910846366,0.0
6.159906305576772,9.31679132424222,0.0
8.331746013871754,4.686476915307304,0.0
6.391355113437854,3.0909228501700197,0.0
7.899705945888277,3.6767017918264946,0.0
9.322504837739539,2.6500376709283056,0.0
9.847264311358781,5.325497595663304,0.0
7.799467944081499,5.178632774012964,0.0
8.76415266470906,3.6563401312482156,0.0
8.585818984687114,7.408362251155481,0.0
7.959096201489261,7.667845311791804,0.0
7.387863357086967,7.273503733741847,0.0
9.406464500102498,6.9104500216058184,0.0
10.603749939399787,6.102143700276162,0.0
8.353698099967417,7.52221137849655,0.0
10.35480305253945,5.681746349144636,0.0
9.901134128384577,4.080338542767898,0.0
9.568293711302918,5.977198012009543,0.0
9.457575705080554,6.956546386355216,0.0
7.166200935183488,2.1467287312722356,0.0
9.500739964461296,5.753661584409471,0.0
9.959456971916108,5.748563653931865,0.0
9.50568408324525,6.710294567720191,0.0
10.715239974157159,7.592591597643578,0.0
9.612509034940139,5.462700334381365,0.0
10.800272292278983,4.579887522710801,0.0
9.373490313616733,6.520351937806946,0.0
9.564873753301443,4.652923837210099,0.0
8.648914606206766,4.839410681379797,0.0
9.45960878675026,4.366133008085527,0.0
10.15668652864699,6.470976084650788,0.0
10.844790758192575,5.418283248402542,0.0
9.765371764305318,5.523747585580867,0.0
12.631360688092759,5.103328803953622,0.0
9.462048899665222,6.050393161976345,0.0
9.84138858849207,5.946951966638109,0.0
10.361088826841586,5.922442140504838,0.0
9.336674480727112,6.213966789468262,0.0
7.89760539326895,9.395444021794152,0.0
11.300117569914592,7.859918250522165,0.0
10.17493063569259,6.883885338752705,0.0
5.94173080119836,9.4123959995561,0.0
8.454756336727643,7.378856227879713,0.0
8.049899512766352,6.413608514077915,0.0
7.067245404048285,3.2002598535715707,0.0
12.115990177776826,5.403710331372755,0.0
13.004620007267464,3.525965763975504,0.0
12.343648234409201,8.266708446748881,0.0
11.18625753598862,5.601522900752318,0.0
11.169102743920252,6.776900318346573,0.0
11.191053693254705,4.958839745301904,0.0
12.508749361469675,4.837289094547967,0.0
12.891232729960093,6.8236890624166415,0.0
11.989460413726208,3.675092139298825,0.0
8.48493354108668,3.5851596910235988,0.0
9.16147494429931,10.181589989980711,0.0
11.018040301823584,6.029781958853808,0.0
10.509108464626316,8.036183886147024,0.0
14.373798146070337,6.304359862123023,0.0
11.039160237836008,4.23005151977323,0.0
9.264537982121375,6.505727051410182,0.0
8.852337133218214,6.692719534774035,0.0
10.725401591982472,4.576464434621865,0.0
7.440548059710792,9.98873272969721,0.0
10.672930406551107,8.46939185814794,0.0
5.778811864638629,8.868737204890872,0.0
7.063511014269006,9.660956754240793,0.0
8.750361521287077,8.729125067737051,0.0
7.045927467678188,9.041096707036782,0.0
7.18913870524509,8.202206575105867,0.0
7.325995255387973,9.220360974633206,0.0
7.509007648941487,8.928269482323024,0.0
8.570497935885866,6.587392743972615,0.0
7.772649303431012,7.2163161580467765,0.0
8.520679152639147,4.849593682480381,0.0
14.170395347488224,6.869159365383081,0.0
8.31130109027423,7.27904839424458,0.0
8.657135121403236,10.270698179524823,0.0
13.339024191505409,9.563178666054998,0.0
12.125148015280008,6.363119725131568,0.0
11.313275465314462,8.623419848242394,0.0
12.484856927063177,7.076609431944417,0.0
10.539552637730011,8.631965588557579,0.0
8.439331027336632,8.69200585940763,0.0
6.880430669199742,9.159468178108092,0.0
8.842734633392341,8.268163696135261,0.0
14.121827146829654,6.927349325355064,0.0
