-17.967218443393318,-10.337210438007007,0.0
-20.08177837342387,-10.191793240399484,0.0
-22.339890883643633,-10.158217330639134,0.0
-20.603649703950524,-10.315471422684436,0.0
-18.884969638492628,-10.273861514343041,0.0
-16.807598213119782,-9.845488880753052,0.0
-16.844047578121515,-10.068823493450848,0.0
-19.368499740911545,-9.834351689489864,0.0
-17.218322202598586,-10.384256335348086,0.0
-20.683167224820053,-10.108116223098325,0.0
-20.422377089513315,-9.611302239465395,0.0
-20.32765192223809,-10.207374007454638,0.0
-19.650939604460685,-9.438375356595063,0.0
-20.10191446953971,-9.718233693835145,0.0
-21.44200582038495,-10.428586247311221,0.0
-19.40635938185103,-9.820962967286867,0.0
-21.834641522968127,-10.270767583107551,0.0
-21.497526047924776,-10.377604928386825,0.0
-19.705392401981445,-10.304689413942363,0.0
-20.893819869677657,-10.173757213718384,0.0
-19.587944551064055,-10.395626008029597,0.0
-14.96462086333464,-10.323520940072399,0.0
-16.265613995204138,-10.152303315165822,0.0
-17.20932782016614,-10.350063738238436,0.0
-14.938319998060914,-9.953340673418532,0.0
-18.914304679102084,-10.17716193806254,0.0
-16.91946676329704,-10.190674384604204,0.0
-18.761689703729896,-10.143006802351145,0.0
-18.607350144295467,-10.336091454930594,0.0
-19.433732975450702,-10.252251450218811,0.0
-14.454081503722094,-10.433970138737005,0.0
-18.055664083355172,-10.260480509456622,0.0
-17.446442948004567,-10.415433701742742,0.0
-16.429127145192062,-10.503509228715188,0.0
-18.59037532305104,-10.526173813903483,0.0
-17.662001411269607,-10.671035156742162,0.0
-13.38844759154917,-10.32915310354061,0.0
-16.150390610013396,-10.389804622792296,0.0
-13.759772435282446,-10.281382071305059,0.0
-16.178930412351434,-10.066837189510608,0.0
-13.23676576355391,-9.808667835481886,0.0
-11.89093700742548,-10.338591242271262,0.0
-13.75278929003589,-10.11165592434625,0.0
-14.310635754593871,-10.286600932813997,0.0
-15.131133079947002,-9.563160502361907,0.0
-14.463118421821113,-9.963909458658474,0.0
-10.535278414754247,-10.265145841352696,0.0
-12.26489046597561,-10.039799113000576,0.0
-12.027376786950448,-10.201695505921101,0.0
-15.448665554447992,-10.322703720826725,0.0
-11.936560514902474,-10.040917621384688,0.0
-10.683390279746156,-10.110971353096158,0.0
-12.944454205758367,-10.512654098213607,0.0
-13.417827365412942,-10.026683570614507,0.0
-10.510547904192356,-10.37122800847935,0.0
-9.563479927323899,-10.44695237768518,0.0
-10.879155671692176,-10.189939223358184,0.0
-10.51526224596541,-10.253332043742557,0.0
-11.724592678619052,-9.778073525494943,0.0
-12.229001392839542,-10.43721047865438,0.0
-12.909238855029868,-10.186048265302844,0.0
-4.183792878322826,-12.047562911326656,0.0
-12.440086744569284,-10.548707945203937,0.0
-8.833104426778737,-10.693817217586384,0.0
-9.660711455699522,-10.673906980017637,0.0
-10.771160025599457,-10.782600058506839,0.0
-6.141371904100792,-11.115900260858218,0.0
-8.193917791450506,-10.440893467759196,0.0
-7.309850369040296,-10.610724298383298,0.0
-9.749746470245709,-10.42667371334137,0.0
-11.141066350646089,-10.127227531748762,0.0
-8.82480958807854,-10.434555390334362,0.0
-7.972757818515931,-9.804739207877407,0.0
-10.955691623252585,-10.189255007842883,0.0
-11.721217280221543,-10.185725257506649,0.0
-10.771679474052117,-10.115374783865263,0.0
-11.048501236136323,-9.568041742204702,0.0
-9.986833416572935,-10.11920867517087,0.0
-5.3413617394237205,-11.383963019637013,0.0
-8.846861971744133,-9.553205915615465,0.0
-4.455121115508105,-10.786740217864837,0.0
-6.8628457957438425,-9.910338391342528,0.0
-2.352698158433785,-12.520045832037827,0.0
-5.194757207602906,-10.43375524126119,0.0
-6.754829895095661,-10.666378822462825,0.0
-4.161333485278842,-10.73329297430074,0.0
-6.281525111504774,-10.521222363387714,0.0
-4.690899037645068,-11.309449355403009,0.0
-4.940187585143648,-10.430924774853043,0.0
-5.687973880731491,-10.441091614631658,0.0
-2.933039075160401,-11.052951687272166,0.0
-5.895485002030624,-9.481192468899659,0.0
-6.14154457116766,-10.46768076042211,0.0
-3.8228543076383685,-10.970650592990348,0.0
-6.046485353017586,-10.190985803404178,0.0
-4.0695590040850815,-10.053597133491865,0.0
-7.179010888106187,-10.559986947785415,0.0
-3.3258502784450212,-9.72883510606066,0.0
-3.399725173230499,-9.72804034978598,0.0
-7.61876029881474,-10.27964164404914,0.0
-3.1739452492399978,-11.086531950265757,0.0
-3.1485658479702225,-9.976725670415293,0.0
-2.698428949985825,-10.107171653625466,0.0
-4.390468535895288,-11.148672510039502,0.0
-2.4870436518880528,-9.805858008441554,0.0
-4.375125617161509,-10.305403369624576,0.0
-1.9725979793777886,-10.203891152127325,0.0
-3.3459947993263985,-10.228282028480399,0.0
-6.755620678572019,-9.7120380116755,0.0
-3.006337131311395,-9.853368999390787,0.0
-2.1395660378254715,-10.830775041789831,0.0
0.6604870853315066,-10.047769213392794,0.0
-2.3735760578382883,-9.530858097031052,0.0
-0.4051888566564649,-10.971134413367153,0.0
-3.284500407188291,-10.66297781056293,0.0
-1.3863662758460369,-10.058270013979856,0.0
0.4104957630918577,-9.4953056035429,0.0
1.1374561867694795,-12.17693546194425,0.0
0.41447882867351693,-9.880267894900795,0.0
-2.4807015597532778,-9.19052862868599,0.0
0.896088094875453,-14.606079163580436,0.0
0.9589636102924349,-16.366334111326005,0.0
1.3834833968114149,-15.74682086273752,0.0
0.46888950140719887,-13.260514806907898,0.0
0.47527093318722846,-11.026405238588387,0.0
1.4731245224233867,-15.750166910572453,0.0
1.615188176392085,-17.610251421674736,0.0
1.2055470205618866,-15.37865920068747,0.0
1.0996219046019235,-16.134001839602135,0.0
1.0457989691443061,-15.15852951725457,0.0
0.8905564329983795,-15.328718072233176,0.0
1.280865297055834,-13.302125412697817,0.0
1.0487276616375822,-14.88256692144233,0.0
0.17960212623407967,-13.98192068290935,0.0
1.2983479106075169,-14.879754546941783,0.0
0.16916886362755645,-12.6726180773453,0.0
1.4493155350165352,-13.978042819934336,0.0
1.2826016578516837,-14.921414942483258,0.0
0.8710023133468585,-10.366682688104397,0.0
1.1096406505335275,-14.606612773982912,0.0
0.9589434014559005,-12.840595070310554,0.0
0.20575112483302904,-11.363488825452215,0.0
1.2125637393907447,-8.166135862337567,0.0
0.1713695778013918,-10.16070964383255,0.0
0.8929044421441402,-7.072077822592548,0.0
0.9821210401820278,-10.109763223895603,0.0
0.30386397880093624,-13.051422739735724,0.0
0.8891493429550179,-10.818830800056839,0.0
1.13002698394133,-8.518722407494076,0.0
1.6061000316750875,-11.574185111969543,0.0
1.3704396619118835,-11.355527932686295,0.0
1.0435452111835712,-13.05986373231593,0.0
1.3612028020997642,-9.86033954720168,0.0
1.2145575519503367,-11.688093280771895,0.0
1.2076352442741793,-11.923861893346402,0.0
1.3723966945444255,-13.01386338870771,0.0
1.3815867350293913,-10.374597014181393,0.0
1.2961299628417173,-13.165069026333809,0.0
1.3089156639720365,-9.200136816233789,0.0
1.3736677096019803,-8.568079106422791,0.0
1.0299133762041404,-5.339163914139342,0.0
1.40358085435152,-5.2499873227936975,0.0
1.2664937571747894,-6.592988551004226,0.0
0.8071604361143397,-6.566652114010467,0.0
1.0391730411867846,-5.152207703296625,0.0
0.9623836054598478,-5.871220193191168,0.0
0.8765332516895394,-5.427046155676237,0.0
0.7328476271429453,-5.673369659502715,0.0
1.3630952123911848,-6.560685660779111,0.0
1.2358598159666359,-10.73288669054518,0.0
1.4337380355520701,-5.463591635864457,0.0
1.0501883872405067,-7.932928314757192,0.0
1.2417482953346703,-6.318502135900324,0.0
0.8733849860193778,-5.048134830919529,0.0
1.1976196443600415,-5.72307353045677,0.0
0.8522226422686259,-5.430815069901278,0.0
0.888508740671712,-5.1018027928746355,0.0
0.7973610264785969,-5.444574180228635,0.0
-0.03961992307294705,-10.731383998658998,0.0
0.40786979931208245,-11.29133139337604,0.0
1.0217836374874416,-6.535272064414299,0.0
1.0978535023947507,-5.040041144983556,0.0
0.7169373470635308,-8.267806662177264,0.0
1.2521606539381718,-5.924688979393384,0.0
0.5112004624315643,-8.712790873165345,0.0
1.1706442714281657,-6.3047910292678795,0.0
1.327186886527339,-5.207465094535915,0.0
0.3975420398660896,-7.728806400034422,0.0
1.216607346304177,-5.5896002927979955,0.0
1.188199207769108,-5.858139970208484,0.0
1.1264623913285736,-5.262581350849699,0.0
1.2844052339331231,-3.9814876800365093,0.0
0.6536428362271979,-3.0372434009471974,0.0
0.9919381265065552,-4.283158073194504,0.0
0.9502636725815549,-3.1519042023717807,0.0
0.8050543230604801,-2.3679535908382356,0.0
1.580961935043595,5.2361741215603725,0.0
0.8179323401333953,-5.3947446617791845,0.0
1.2532133116661222,-4.66473162409578,0.0
1.1865428872738177,-5.0445592887166955,0.0
0.7141165574457469,10.10942489278844,0.0
1.7999450731755426,3.376915357816032,0.0
1.554243999614994,3.830877920605703,0.0
0.7618120271060022,8.907554415599295,0.0
1.558972690803803,7.182796178750397,0.0
1.780555747245486,2.6028842743637,0.0
2.2166676208157248,4.15716172967794,0.0
1.5366846968900405,2.3279974542963524,0.0
1.3244820667687087,7.291845930873651,0.0
1.3098808903418167,3.985396632780028,0.0
2.042689420681723,7.270824955755434,0.0
0.9641979213433706,6.586182174586265,0.0
1.4039555685286345,7.74964609507925,0.0
1.8821252691645787,7.533806237958404,0.0
2.0941197080738276,7.728453627672514,0.0
5.720493175052508,4.816965617017697,0.0
1.6694635732448488,7.693544478380335,0.0
2.055704146286444,7.476475191230288,0.0
1.4665086229101179,7.539483472096539,0.0
4.209197384304891,7.562756415119921,0.0
1.6932050885647276,8.314279854347017,0.0
1.3827065137892627,8.237410068849385,0.0
1.0044260312605637,6.806335270102925,0.0
3.4351215966108803,6.499277742004646,0.0
1.5964347127504221,7.43560116818039,0.0
0.9832206185241326,6.803941819338441,0.0
5.4526652469056485,7.365573010868911,0.0
1.8774532324611186,7.066503098837002,0.0
2.5665332863379273,11.066046357674947,0.0
5.16121187838424,8.131713814978685,0.0
1.227880371286975,8.496597751660914,0.0
1.0051501587001452,7.571700814869199,0.0
1.8666956568202417,7.301308517444127,0.0
1.2817674319095504,7.896441300491054,0.0
1.765670528522985,7.550482907270446,0.0
1.284974375749127,8.930983616726504,0.0
1.3843212470276127,7.789217351583256,0.0
1.0301629534662136,7.806588718144552,0.0
1.6937430417958437,7.6514385575670385,0.0
1.362055191775325,7.231081093487711,0.0
0.7013658749737157,10.204239692579886,0.0
1.3490076008785097,9.520162266858735,0.0
0.8646327434787242,10.22593464175208,0.0
0.6885618002254495,10.297384477452821,0.0
0.9602024606265309,10.731016317718666,0.0
1.0086916495207598,10.042916873976242,0.0
0.8408697210744216,10.222486840585367,0.0
1.108031553129496,10.212504566064148,0.0
0.7178203424049988,10.782260569209042,0.0
1.4680061172781624,11.499282865322046,0.0
1.177309189906076,6.450311618923596,0.0
0.9629470197612409,7.319275705275392,0.0
1.5225787446781822,4.795227918382956,0.0
1.1908794240094673,6.779771781553774,0.0
1.0710142191624885,8.441182650957067,0.0
1.495452389178785,5.928184457295593,0.0
0.901022683992417,8.019212062598353,0.0
1.5104222087552603,5.521291852023289,0.0
0.8306919930591891,9.45317838032992,0.0
0.9457543137632815,8.928265685304918,0.0
2.303824785720502,7.261612788754371,0.0
8.208677935618674,5.295392037747497,0.0
3.6292896017033422,7.784192246552925,0.0
1.1160941977007073,6.30399060989614,0.0
3.92124548798331,6.993615977708451,0.0
4.287839658532986,7.749627253199654,0.0
4.177538268952547,6.363144408575724,0.0
5.719826059416395,5.7024861142979,0.0
5.373995977925392,5.3929917244880565,0.0
4.9654435068071,6.3912446088451205,0.0
9.852274069850036,6.137878352980694,0.0
6.834169104082645,6.879214851651374,0.0
8.62620483138993,7.7444000791897585,0.0
9.099887846148613,6.449237450958292,0.0
7.130190185267247,7.61984167866563,0.0
10.03287941896259,6.45334203973408,0.0
9.700491290415012,6.3463009645001005,0.0
10.830672379377628,6.73927436316072,0.0
7.976888740262248,6.839203155788608,0.0
8.191653875112905,6.648903596221608,0.0
10.738770320471929,5.725401095497263,0.0
10.510458410368436,5.564870252794919,0.0
13.036395772940953,5.035151590289004,0.0
9.436742613151582,5.836991627210241,0.0
11.88636909583768,5.269482827378851,0.0
10.893088302488831,5.059626027398024,0.0
10.873012868449035,6.680267793506733,0.0
11.129574022045407,5.201426711199063,0.0
11.489471638474413,4.9637916077436275,0.0
11.27020978248668,6.958958748402542,0.0
10.76742665748102,4.500550833732334,0.0
11.137259705096383,7.047867271655535,0.0
10.447017073645032,4.493440588233358,0.0
11.89396046722313,5.757683578842339,0.0
11.052694575625207,4.760839953569175,0.0
10.882197660433953,5.016210923391032,0.0
13.601554406958712,5.816392287288777,0.0
12.624009515681212,4.744721435492201,0.0
12.909345620404364,5.587860096343815,0.0
11.101559341717103,4.8450978994170635,0.0
11.86372275687739,6.34928951916546,0.0
11.239491169462452,5.431576045857813,0.0
10.386763478329087,5.743900192818014,0.0
9.773281503688569,5.901496672750373,0.0
8.534590896875404,5.530502306759432,0.0
10.428482249241108,5.0463023035763035,0.0
9.46664004365695,4.107954725389334,0.0
9.693548364054596,6.237836880847122,0.0
11.25762746550292,6.115043411320027,0.0
10.198881833291745,4.592006626546824,0.0
9.636607577635758,6.177824377001418,0.0
10.614548656020053,6.715682872407176,0.0
10.957645101428028,6.42649136735762,0.0
11.49943899302638,5.97358560218319,0.0
10.450014030510765,7.55677275482306,0.0
10.5625024491979,6.467122203944492,0.0
10.418473493589232,6.388640923214824,0.0
10.71001384604741,6.30346446385893,0.0
10.372613311255662,5.956475228248777,0.0
10.12873781692182,6.360089367210024,0.0
11.155543345301638,5.049345589668385,0.0
10.909912585600425,4.070861496621881,0.0
10.461899164006878,5.552978321904437,0.0
12.048426959773124,6.282492295129711,0.0
11.914847070811687,4.712480513109483,0.0
11.163197653269178,5.7225629727042255,0.0
11.454932896002497,4.7506841900950745,0.0
11.426362445085836,5.577959352571378,0.0
11.78261809079199,5.82936919151336,0.0
11.141854326509149,4.166821142690019,0.0
11.008944404451219,4.705070147160792,0.0
11.665121670308482,5.1534625591616425,0.0
10.837323622350794,6.230106732395223,0.0
15.444978603713048,4.439030153889081,0.0
11.635161872432409,4.8343959972611685,0.0
12.569942659243527,5.4236265946435624,0.0
11.005565478447641,7.045432571465487,0.0
10.462548735230797,6.2571993041151295,0.0
9.078821713562062,5.915681945390732,0.0
9.323938991721803,5.8860146001818885,0.0
11.682378100483561,4.435341361352818,0.0
11.075324693235558,3.9181482762751543,0.0
10.804789990788361,4.478092031904203,0.0
10.604374585438567,3.695127203052113,0.0
10.725897615582177,4.407086990036236,0.0
10.348345899654246,3.795110017981688,0.0
12.357637089116096,4.9629809975955785,0.0
10.287048757316725,4.314642153008759,0.0
11.84169491795027,5.03278504093314,0.0
11.37675157047521,6.113622147007293,0.0
13.920260015446368,6.339616370302591,0.0
19.941392488655374,5.4868855074907605,0.0
12.322374212438762,6.13723767337381,0.0
13.956247786852343,7.214453190541157,0.0
12.347401316315164,4.564245472576585,0.0
12.420609354370276,6.252510483254095,0.0
13.197014246427118,5.812280145450132,0.0
13.195108136736925,6.440300521709162,0.0
12.174369165618629,6.543048944650593,0.0
13.174312236088156,5.0325852247605125,0.0
23.911741677703684,5.100630520677504,0.0
23.647163048882497,5.488021410659306,0.0
24.639071068702386,5.889884373083754,0.0
22.254864392174845,5.492149040098627,0.0
24.164453750193324,6.629519465986796,0.0
23.468079356992153,5.899364255723094,0.0
20.59461632945203,4.160864683996968,0.0
22.864580669129158,6.039210236879436,0.0
21.695731708221082,4.775489125908001,0.0
24.45958741331049,5.331995268456093,0.0
25.665615859169073,4.542020198486995,0.0
22.77832515052116,5.2590989176047245,0.0
25.197919425284667,4.705315394794982,0.0
24.5971427370522,4.562837852469614,0.0
24.012449424115218,4.48540538579582,0.0
22.575515474235047,4.968038156432868,0.0
25.97098005118345,4.562507606362779,0.0
24.292948702200597,4.840104815576661,0.0
24.015692885382215,4.648962207992312,0.0
22.578727224582565,5.273181946511795,0.0
24.20878384083531,5.85333272810634,0.0
22.53836530963264,5.1836488380827115,0.0
23.122169952476597,5.412023322202688,0.0
25.43204735155537,6.1932459143739385,0.0
24.221109982154086,5.450697771799223,0.0
25.517297418622967,4.869543843408767,0.0
23.259114172652655,6.05924496030415,0.0
23.931068620835894,5.580673036048048,0.0
22.840515663197603,5.28739991152046,0.0
24.48402447889044,4.5056762909880055,0.0
26.27138263854772,7.51042832994433,0.0
23.567702443693097,6.151699675660586,0.0
21.545730970971483,5.290245450650723,0.0
24.207265349300688,7.422300049628405,0.0
22.859994953186956,5.532487658422495,0.0
22.115339214370962,6.336471919702703,0.0
22.877718643269542,5.9105269396062,0.0
23.588033470407176,6.400455750600027,0.0
23.173808312612298,5.839305407611239,0.0
22.848045504476634,5.527529660480219,0.0
25.0736502453725,5.74364910279179,0.0
25.139641045348213,5.709045633389201,0.0
26.044630763151147,7.049784082324588,0.0
26.720407738464555,4.657411215483307,0.0
23.520758854066784,6.170762078541124,0.0
25.82658237084708,6.6298590377351125,0.0
27.244434534760213,5.572460891270119,0.0
24.964170221554813,6.0635610324067954,0.0
23.70421754288245,6.8161518298545385,0.0
24.164439961353366,5.912751228123266,0.0
31.419782079448872,7.420323993495601,0.0
31.536842722588986,7.553807014527549,0.0
31.174239610045955,7.331920416028674,0.0
31.49220658445316,7.083601556174692,0.0
29.46620417851831,7.363827266894181,0.0
31.697969954192086,6.449087680570267,0.0
30.749772922225173,7.573158909463672,0.0
30.763621281587078,8.000000000000002,0.0
31.763183440613087,7.27576660807818,0.0
30.76193225193749,6.828172792380941,0.0
31.691476641381,5.6175235519623055,0.0
27.354444615111255,6.195350056669244,0.0
31.838567061519424,6.803553192496323,0.0
29.73543001492029,6.710695228076496,0.0
29.13079886430047,6.825703389147735,0.0
31.60223237799076,6.625400693699582,0.0
31.613792419618424,6.569703490720864,0.0
29.42190709002226,6.735876914894325,0.0
31.832137997376915,6.153928075541741,0.0
29.990991413479545,7.407618837639392,0.0
29.885477262402166,4.3169778828681675,0.0
31.465007129898183,6.162543759575163,0.0
31.861408435536607,4.647932546078915,0.0
31.895234016188347,4.220058602129348,0.0
31.87310081583413,5.065676835376155,0.0
29.014017110299065,5.698913679431912,0.0
30.31078991502351,4.953451117278408,0.0
30.22433062106806,5.639654916501723,0.0
30.92848221099122,5.576447919199395,0.0
30.65888668450109,5.650502158206433,0.0
22.914868252094294,6.219384856583169,0.0
22.178040251574362,3.499999999999999,0.0
21.055325463794016,3.75809685684739,0.0
23.985115521357187,5.072060704977148,0.0
23.302133743722898,5.132934737922614,0.0
24.959357123219526,4.545163673772779,0.0
22.046622214597445,5.245924456701684,0.0
24.67301234660078,5.099417293747995,0.0
23.95678485615787,5.465797310054985,0.0
22.170302083582683,4.675308897916735,0.0
23.697744367394336,6.4441709232585636,0.0
23.380628961479847,5.917769609357713,0.0
23.37217032638798,6.6389306862687585,0.0
23.871965122378267,5.600794831774318,0.0
22.234845239641494,5.369933211772517,0.0
22.76708398792107,6.949114188237257,0.0
23.596739574330094,5.934417263542505,0.0
20.381911887568723,5.2580887017111495,0.0
24.738365965952205,4.6897401871152065,0.0
22.668153569891473,6.623823935903623,0.0
